dataset,image_name,quality_index,nominal_bpp,width,height,bpp,PSNR_dB,SSIM,LPIPS,DISTS,NIQE,SNR_dB,MS_SSIM
clic2020,clic_test_image_0.png,0,0.05,1365,2048,0.016397664835164836,30.935045031190032,0.8056272864341736,0.09476307034492493,0.0797643661499023,3.5343461197457926,28.175609803763223,0.903996467590332
clic2020,clic_test_image_0.png,1,0.075,1365,2048,0.023975503663003665,31.704101688997053,0.8133753538131714,0.08037003874778748,0.071300208568573,3.5122171005983276,28.944666461570243,0.9167917370796204
clic2020,clic_test_image_0.png,2,0.1,1365,2048,0.032514880952380955,32.28403690073319,0.8217594623565674,0.07029088586568832,0.0609967708587646,3.523516862674224,29.524601673306385,0.9273070693016052
clic2020,clic_test_image_0.png,3,0.125,1365,2048,0.042336309523809526,32.76524764952209,0.8285902738571167,0.06152666360139847,0.0566014051437377,3.4861895563970204,30.00581242209528,0.9351846575737
clic2020,clic_test_image_0.png,4,0.15,1365,2048,0.05232944139194139,33.156562702181496,0.8355326652526855,0.05637546628713608,0.0505732297897338,3.4136222025319882,30.397127474754683,0.9413511753082277
clic2020,clic_test_image_1.png,0,0.05,2016,1512,0.026029856386999246,28.10547327570436,0.7366681694984436,0.10800689458847046,0.0702030658721923,3.3432602617762956,23.051011767310744,0.8826853632926941
clic2020,clic_test_image_1.png,1,0.075,2016,1512,0.03966679264298312,29.04699509194077,0.7625882029533386,0.08464162796735764,0.0590685009956359,3.2861967144322075,23.99253358354716,0.90319561958313
clic2020,clic_test_image_1.png,2,0.1,2016,1512,0.05602271772906694,29.916807049133222,0.7876314520835876,0.07081401348114014,0.0480799078941345,3.2945194973741505,24.862345540739604,0.9194352626800536
clic2020,clic_test_image_1.png,3,0.125,2016,1512,0.07498215335516922,30.71418207100473,0.8103229999542236,0.060506708920001984,0.0415274500846862,3.260689354605048,25.65972056261112,0.932433307170868
clic2020,clic_test_image_1.png,4,0.15,2016,1512,0.09452947845804989,31.379213803771982,0.8281577825546265,0.05352851748466492,0.0361356735229492,3.2989300555825922,26.32475229537837,0.942084550857544
clic2020,clic_test_image_10.png,0,0.05,1512,2016,0.072935038212816,24.305669571960426,0.7661083936691284,0.08987344801425934,0.1035374402999877,2.5444981648653013,18.67110457724915,0.9247505068778992
clic2020,clic_test_image_10.png,1,0.075,1512,2016,0.10442911732594272,25.67960745987541,0.8113521933555603,0.06626717001199722,0.0870113968849182,2.462286685008023,20.04504246516413,0.9461429715156556
clic2020,clic_test_image_10.png,2,0.1,1512,2016,0.1353353069622911,26.67820481619209,0.8397815823554993,0.05297664552927017,0.075363278388977,2.3418140942788375,21.04363982148081,0.957960844039917
clic2020,clic_test_image_10.png,3,0.125,1512,2016,0.16784769463340893,27.46193993444522,0.8595185875892639,0.044417958706617355,0.0636770129203796,2.3839852441827114,21.827374939733943,0.9654547572135924
clic2020,clic_test_image_10.png,4,0.15,1512,2016,0.1990583270345175,28.09979211655236,0.8741074800491333,0.03890916705131531,0.0600644350051879,2.34654280853638,22.46522712184109,0.970648229122162
clic2020,clic_test_image_100.png,0,0.05,2048,1536,0.038487752278645836,29.0578643415185,0.875374436378479,0.07148998975753784,0.0595160126686096,4.128041985505044,17.133374229191467,0.9567362666130066
clic2020,clic_test_image_100.png,1,0.075,2048,1536,0.053309122721354164,30.51994488697072,0.8999114036560059,0.0519278310239315,0.0491823554039001,4.032721493460567,18.595454774643688,0.9693490862846376
clic2020,clic_test_image_100.png,2,0.1,2048,1536,0.06656392415364583,31.53514079930933,0.9127341508865356,0.0428394190967083,0.0424071550369262,3.905938836840989,19.610650686982304,0.9752907156944276
clic2020,clic_test_image_100.png,3,0.125,2048,1536,0.07935078938802083,32.34021422338945,0.922219216823578,0.03642907366156578,0.0359782576560974,3.930977117489159,20.415724111062428,0.9790980219841005
clic2020,clic_test_image_100.png,4,0.15,2048,1536,0.09157816569010417,32.94175687663539,0.9275484681129456,0.0319371335208416,0.034338891506195,3.8390377933759585,21.01726676430836,0.9813727736473083
clic2020,clic_test_image_101.png,0,0.05,1914,1435,0.04606147987140418,29.242716536770786,0.8569018244743347,0.06359604001045227,0.0582664608955383,4.916782561462455,16.489005949445904,0.9530611038208008
clic2020,clic_test_image_101.png,1,0.075,1914,1435,0.061230835326714216,30.68570790335478,0.8719378709793091,0.049960941076278687,0.0495201349258422,4.966907694939688,17.9319973160299,0.962481677532196
clic2020,clic_test_image_101.png,2,0.1,1914,1435,0.07537491944556705,31.610662315246884,0.8810362815856934,0.04099401831626892,0.0453721284866333,4.967963644509174,18.85695172792201,0.967839241027832
clic2020,clic_test_image_101.png,3,0.125,1914,1435,0.08978697220917574,32.31741870023926,0.8876175284385681,0.03482239693403244,0.0417050123214721,4.9654038034822685,19.563708112914384,0.9715030193328856
clic2020,clic_test_image_101.png,4,0.15,1914,1435,0.1033834682278753,32.87218037191091,0.8929144144058228,0.03053632378578186,0.039589524269104,4.8672878947809135,20.11846978458604,0.9740638136863708
clic2020,clic_test_image_102.png,0,0.05,1080,1920,0.0264429012345679,31.233725372358634,0.8631823658943176,0.10118454694747925,0.0853474140167236,4.363793219899647,24.53281813100876,0.9299468994140624
clic2020,clic_test_image_102.png,1,0.075,1080,1920,0.03721450617283951,32.48421258977413,0.879277765750885,0.07762253284454346,0.0740431547164917,4.37664020979428,25.783305348424257,0.9465060830116272
clic2020,clic_test_image_102.png,2,0.1,1080,1920,0.04755401234567901,33.454810658815454,0.8905749320983887,0.06338995695114136,0.0633257627487182,4.424392424853808,26.753903417465573,0.9564294815063475
clic2020,clic_test_image_102.png,3,0.125,1080,1920,0.05787808641975309,34.06619457231808,0.8982869982719421,0.054823923856019974,0.0543248653411865,4.376129379892853,27.365287330968204,0.9626627564430236
clic2020,clic_test_image_102.png,4,0.15,1080,1920,0.06780092592592593,34.6020252566426,0.9034855365753174,0.049491748213768005,0.0518667697906494,4.419194157969866,27.90111801529272,0.966805934906006
clic2020,clic_test_image_103.png,0,0.05,1365,2048,0.05307348901098901,24.37817865527159,0.6584768891334534,0.13528810441493988,0.0827695131301879,2.7841438557738916,20.91811125827338,0.8383451104164124
clic2020,clic_test_image_103.png,1,0.075,1365,2048,0.0853537087912088,25.57087604229626,0.7167308926582336,0.10033871978521347,0.0690591931343078,2.7372076916841555,22.110808645298047,0.8810537457466125
clic2020,clic_test_image_103.png,2,0.1,1365,2048,0.11822916666666666,26.44815027396543,0.756294310092926,0.08180557191371918,0.0561648607254028,2.724877063659937,22.988082876967223,0.9062414765357972
clic2020,clic_test_image_103.png,3,0.125,1365,2048,0.15176854395604394,27.16017637958918,0.7871568202972412,0.0696653425693512,0.0482769012451171,2.6664068359270803,23.70010898259097,0.9233539700508118
clic2020,clic_test_image_103.png,4,0.15,1365,2048,0.18439217032967034,27.72211309269542,0.8108930587768555,0.06096382439136505,0.0423588752746582,2.6366474185120903,24.26204569569721,0.9356534481048584
clic2020,clic_test_image_104.png,0,0.05,1512,2016,0.01912215503485345,31.62030195368105,0.7997009754180908,0.08983471989631653,0.0708844661712646,4.488660829395984,26.447884352283,0.931512176990509
clic2020,clic_test_image_104.png,1,0.075,1512,2016,0.026407785336356765,32.362932580894565,0.8071867227554321,0.07201852649450302,0.0600621700286865,4.50064362047422,27.190514979496506,0.9407642483711244
clic2020,clic_test_image_104.png,2,0.1,1512,2016,0.03490068867052994,32.894110504334584,0.8123711347579956,0.06036824733018875,0.0484294295310974,4.611333632662106,27.72169290293653,0.9467374682426452
clic2020,clic_test_image_104.png,3,0.125,1512,2016,0.04260624002687495,33.336483830321285,0.8168379068374634,0.05341160297393799,0.0450439453125,4.559501479699265,28.16406622892324,0.9510318636894226
clic2020,clic_test_image_104.png,4,0.15,1512,2016,0.050647728227093305,33.64745471825692,0.820134162902832,0.04868544265627861,0.0406296849250793,4.591630516675725,28.475037116858864,0.9539461731910706
clic2020,clic_test_image_105.png,0,0.05,2016,1512,0.02245002939447384,30.029512419492605,0.7691225409507751,0.10544491559267044,0.102506935596466,3.801291434573068,25.01790547331406,0.8974711298942566
clic2020,clic_test_image_105.png,1,0.075,2016,1512,0.03131036365163349,30.67599275106028,0.7832823395729065,0.08549878001213074,0.0779933333396911,3.735610876111547,25.66438580488173,0.9098642468452454
clic2020,clic_test_image_105.png,2,0.1,2016,1512,0.043278113714621654,31.282950164195,0.7972441911697388,0.0715763121843338,0.0649644136428833,3.72412670737785,26.27134321801645,0.92161226272583
clic2020,clic_test_image_105.png,3,0.125,2016,1512,0.05822730326698581,31.919882240341902,0.8141489028930664,0.060325682163238525,0.0569613575935363,3.798816948566994,26.90827529416336,0.9334262013435364
clic2020,clic_test_image_105.png,4,0.15,2016,1512,0.07399533887629126,32.50292948874369,0.8278793096542358,0.05335292965173721,0.0537012219429016,3.738630674123224,27.491322542565143,0.9424133896827698
clic2020,clic_test_image_106.png,0,0.05,2016,1512,0.03559355841101873,28.478630962158302,0.7758888602256775,0.09296964854001999,0.0862959027290344,3.736983724318249,16.162598373685434,0.9286739230155944
clic2020,clic_test_image_106.png,1,0.075,2016,1512,0.05375514403292181,29.75076939693865,0.805018424987793,0.07159774750471115,0.0650898814201355,3.71291097626852,17.434736808465786,0.9453184008598328
clic2020,clic_test_image_106.png,2,0.1,2016,1512,0.06941819937851684,30.716044484432224,0.8233333230018616,0.05930540710687637,0.0576810240745544,3.6399764836490363,18.40001189595936,0.954112708568573
clic2020,clic_test_image_106.png,3,0.125,2016,1512,0.08562715209540607,31.49305458879501,0.8343247771263123,0.05081290006637573,0.0505366325378418,3.571778168823754,19.177022000322147,0.9599385261535645
clic2020,clic_test_image_106.png,4,0.15,2016,1512,0.10141618375745359,32.095512477733955,0.8431234955787659,0.045192960649728775,0.0432091355323791,3.4743333705518147,19.77947988926109,0.9637365937232972
clic2020,clic_test_image_107.png,0,0.05,1048,1862,0.025475356876378516,29.255495963875777,0.6957411170005798,0.12436003237962723,0.0861044526100158,4.042525108691396,24.743849909148977,0.8441388010978699
clic2020,clic_test_image_107.png,1,0.075,1048,1862,0.04297275358516247,29.829206768487744,0.6969506740570068,0.10118398070335388,0.0735300779342651,4.165920063721839,25.31756071376094,0.8503624796867371
clic2020,clic_test_image_107.png,2,0.1,1048,1862,0.054468231647821844,30.098619866313303,0.6980596780776978,0.0904974490404129,0.0635591745376586,4.259481497732831,25.586973811586503,0.8547460436820984
clic2020,clic_test_image_107.png,3,0.125,1048,1862,0.0681119374226187,30.396267704748368,0.701371431350708,0.08264143764972687,0.0562283396720886,4.37749990093593,25.88462165002157,0.8597261905670166
clic2020,clic_test_image_107.png,4,0.15,1048,1862,0.0780987364813342,30.639754702226792,0.7066987156867981,0.07551996409893036,0.0498085021972656,4.35293866593592,26.128108647499992,0.8654831051826477
clic2020,clic_test_image_108.png,0,0.05,1024,1280,0.04857177734375,23.037780433694664,0.4513937830924988,0.19887574017047882,0.1292779445648193,2.250226991654568,16.185300324270955,0.7613968849182129
clic2020,clic_test_image_108.png,1,0.075,1024,1280,0.08817138671875,24.083812019010903,0.5176054835319519,0.15463687479496002,0.1120360493659973,2.2200406145993874,17.23133190958719,0.821646511554718
clic2020,clic_test_image_108.png,2,0.1,1024,1280,0.13314208984375,24.928893207438524,0.5732340812683105,0.12779361009597778,0.0973439812660217,2.0869214599600934,18.07641309801481,0.8598546981811523
clic2020,clic_test_image_108.png,3,0.125,1024,1280,0.18236083984375,25.66362477090655,0.6219170093536377,0.1099744588136673,0.0878202319145202,2.1276229509345446,18.81114466148284,0.8871116042137146
clic2020,clic_test_image_108.png,4,0.15,1024,1280,0.23143310546875,26.26709272698243,0.6591852307319641,0.09611596167087555,0.0815049409866333,2.0948537404085354,19.41461261755872,0.906043529510498
clic2020,clic_test_image_109.png,0,0.05,1365,2048,0.05099015567765568,25.067193202440308,0.750546932220459,0.10995624214410782,0.1410908699035644,2.6044327146100095,21.13564787333623,0.9045751690864564
clic2020,clic_test_image_109.png,1,0.075,1365,2048,0.07960737179487179,26.32341394183055,0.7874417901039124,0.08272682875394821,0.1161013841629028,2.670946545481641,22.39186861272648,0.928680181503296
clic2020,clic_test_image_109.png,2,0.1,1365,2048,0.10863667582417583,27.239339348245725,0.8129830360412598,0.06748966872692108,0.0978588461875915,2.6585320680007447,23.307794019141653,0.9429840445518494
clic2020,clic_test_image_109.png,3,0.125,1365,2048,0.13824977106227107,27.98874969968515,0.8320935964584351,0.05616726353764534,0.0838229060173034,2.7114701127945167,24.057204370581072,0.952294647693634
clic2020,clic_test_image_109.png,4,0.15,1365,2048,0.1670157967032967,28.637730294814983,0.8469845652580261,0.048886898905038834,0.0762774348258972,2.676063551390136,24.70618496571091,0.9590265154838562
clic2020,clic_test_image_11.png,0,0.05,2048,1365,0.024673763736263735,29.65835761747485,0.776825487613678,0.10028994083404541,0.0753032565116882,2.58787924283286,23.53063114204599,0.8905887603759766
clic2020,clic_test_image_11.png,1,0.075,2048,1365,0.03418612637362638,30.57684429480163,0.7898027896881104,0.0821043848991394,0.0575477480888366,2.561289721771151,24.44911781937278,0.9060575366020204
clic2020,clic_test_image_11.png,2,0.1,2048,1365,0.04344665750915751,31.148343456975223,0.7982027530670166,0.0721857026219368,0.052220344543457,2.539894486949648,25.02061698154637,0.9162793159484864
clic2020,clic_test_image_11.png,3,0.125,2048,1365,0.054801968864468864,31.642878742920505,0.805728018283844,0.06439913809299469,0.0475639104843139,2.543888864700904,25.51515226749165,0.925877332687378
clic2020,clic_test_image_11.png,4,0.15,2048,1365,0.06664949633699634,32.01239417774451,0.8132624626159668,0.05887913703918457,0.0427387356758117,2.5537668517437284,25.884667702315653,0.9338193535804749
clic2020,clic_test_image_110.png,0,0.05,1512,2015,0.048551209841532425,27.28187052188765,0.7938436269760132,0.06899585574865341,0.0830078125,3.3742940286048753,24.191727409086745,0.9251818656921388
clic2020,clic_test_image_110.png,1,0.075,1512,2015,0.06419052870665774,28.449834580269457,0.8111203908920288,0.05377626419067383,0.072000503540039,3.3728944506396905,25.35969146746855,0.9366881251335144
clic2020,clic_test_image_110.png,2,0.1,1512,2015,0.08097470032953905,29.25090279735075,0.8261884450912476,0.04445328190922737,0.0658407211303711,3.2781237870469897,26.160759684549845,0.9463464617729188
clic2020,clic_test_image_110.png,3,0.125,1512,2015,0.09969146743340292,29.958496083088548,0.8394188284873962,0.037417780607938766,0.0606158375740051,3.186467308150661,26.86835297028764,0.9542575478553772
clic2020,clic_test_image_110.png,4,0.15,1512,2015,0.11882836398965431,30.469921413757003,0.8505821824073792,0.03348533436655998,0.0566955208778381,3.1486277624633514,27.379778300956094,0.960134208202362
clic2020,clic_test_image_111.png,0,0.05,2048,1365,0.036727335164835166,26.80446157684323,0.6585733890533447,0.13102705776691437,0.0685052275657653,3.0940655886175756,20.36929552027047,0.8850879669189453
clic2020,clic_test_image_111.png,1,0.075,2048,1365,0.053119276556776555,27.7145971815758,0.6817927956581116,0.10408245772123337,0.0539270639419555,3.0782618172859815,21.27943112500304,0.9060694575309752
clic2020,clic_test_image_111.png,2,0.1,2048,1365,0.07062156593406593,28.40077027366174,0.6967354416847229,0.08771276473999023,0.0449500083923339,3.025406054989017,21.965604217088973,0.9180557131767272
clic2020,clic_test_image_111.png,3,0.125,2048,1365,0.08972641941391941,28.9518567395724,0.7099400758743286,0.07501319795846939,0.0407881736755371,3.0015312463786814,22.51669068299964,0.9269699454307556
clic2020,clic_test_image_111.png,4,0.15,2048,1365,0.10884271978021978,29.382463179037472,0.7207587957382202,0.06776013225317001,0.0371114611625671,2.9752294717664616,22.94729712246471,0.9334346652030944
clic2020,clic_test_image_112.png,0,0.05,2016,1512,0.03299004787100025,27.87991706774089,0.7991111874580383,0.08955950289964676,0.0832632780075073,2.930806333598086,22.02249789599404,0.9053065180778505
clic2020,clic_test_image_112.png,1,0.075,2016,1512,0.049398463088939276,29.05404642121,0.8309056758880615,0.06661197543144226,0.0659111738204956,2.944847087011896,23.19662724946314,0.9293773770332336
clic2020,clic_test_image_112.png,2,0.1,2016,1512,0.06767552700092383,29.996536230185047,0.8527398705482483,0.05315143242478371,0.0519086718559265,2.9955092046394065,24.139117058438188,0.9433722496032716
clic2020,clic_test_image_112.png,3,0.125,2016,1512,0.08676093894347862,30.800888759434795,0.8708706498146057,0.04410496726632118,0.0435506105422973,2.9549078808935643,24.943469587687936,0.9536566734313964
clic2020,clic_test_image_112.png,4,0.15,2016,1512,0.10510099101368943,31.453355516186186,0.8842666149139404,0.03916844353079796,0.0398445725440979,3.003052536564357,25.59593634443933,0.9605474472045898
clic2020,clic_test_image_113.png,0,0.05,2048,1365,0.10540865384615385,20.71517934103142,0.6161332726478577,0.15181489288806915,0.1326228380203247,3.4068440850680446,17.610854336740175,0.8114326596260071
clic2020,clic_test_image_113.png,1,0.075,2048,1365,0.18700206043956044,22.25586552096169,0.7241111397743225,0.11479762196540833,0.1122137308120727,3.592721592299729,19.151540516670444,0.8833186030387878
clic2020,clic_test_image_113.png,2,0.1,2048,1365,0.2564503205128205,23.3055534317088,0.7812824845314026,0.09413394331932068,0.0955740213394165,3.5146095480378787,20.20122842741756,0.915522277355194
clic2020,clic_test_image_113.png,3,0.125,2048,1365,0.317794184981685,24.094239192713896,0.8166716694831848,0.0780273899435997,0.083084225654602,3.557339722692785,20.989914188422645,0.933992862701416
clic2020,clic_test_image_113.png,4,0.15,2048,1365,0.373231456043956,24.71307262941412,0.8409724831581116,0.066888228058815,0.073555052280426,3.474908101575801,21.60874762512288,0.9462764859199524
clic2020,clic_test_image_114.png,0,0.05,2016,1512,0.04287918871252205,27.352154718670302,0.7542102932929993,0.10305064916610718,0.067777395248413,2.9366181904956106,21.16478623252874,0.9083052277565002
clic2020,clic_test_image_114.png,1,0.075,2016,1512,0.06183862433862434,28.58466811734964,0.7860136032104492,0.07874877750873566,0.0523279309272766,2.8998901389386624,22.39729963120808,0.9284583926200868
clic2020,clic_test_image_114.png,2,0.1,2016,1512,0.08137545141513396,29.515766962749154,0.8069542646408081,0.0655035525560379,0.0425263047218322,2.83575508598087,23.32839847660759,0.9402694702148438
clic2020,clic_test_image_114.png,3,0.125,2016,1512,0.1013426975728563,30.266527837387507,0.8229544162750244,0.05520433187484741,0.0354870557785034,2.7941221425673133,24.07915935124595,0.9480826258659364
clic2020,clic_test_image_114.png,4,0.15,2016,1512,0.12120496346686822,30.86122213799318,0.8351163268089294,0.04888783395290375,0.0311163067817688,2.7510034455365986,24.67385365185162,0.9536798000335692
clic2020,clic_test_image_115.png,0,0.05,1024,1280,0.04830322265625,23.057050891496136,0.5942474603652954,0.1483040750026703,0.1292279958724975,2.053818721912366,18.819859355884123,0.8285069465637207
clic2020,clic_test_image_115.png,1,0.075,1024,1280,0.08409423828125,24.097739307356427,0.6472082734107971,0.11578357219696045,0.105599045753479,1.8503681779963257,19.86054777174441,0.8699741363525391
clic2020,clic_test_image_115.png,2,0.1,1024,1280,0.12430419921875,24.943291221212768,0.6913310289382935,0.09215784817934036,0.1041216254234314,1.9309539028722034,20.70609968560076,0.8967719674110413
clic2020,clic_test_image_115.png,3,0.125,1024,1280,0.16715087890625,25.66017528846761,0.7275490164756775,0.0780019462108612,0.0867930650711059,1.9201394671302991,21.4229837528556,0.9153622984886168
clic2020,clic_test_image_115.png,4,0.15,1024,1280,0.20755615234375,26.22089993851482,0.7548665404319763,0.06884868443012238,0.0854374170303344,1.9291622672243987,21.98370840290281,0.9279614090919496
clic2020,clic_test_image_116.png,0,0.05,1512,2016,0.02580939783320736,30.450303129469617,0.8027576804161072,0.10463503748178482,0.0655275583267211,4.068513552391812,24.503125603149268,0.8992443084716797
clic2020,clic_test_image_116.png,1,0.075,1512,2016,0.03803959855547157,31.54319195952872,0.8223621249198914,0.08019557595252991,0.0520328879356384,4.04033119249556,25.596014433208364,0.920461654663086
clic2020,clic_test_image_116.png,2,0.1,1512,2016,0.05172902494331066,32.301264615909695,0.8360191583633423,0.0648401752114296,0.0472083091735839,3.974018595010503,26.354087089589346,0.9339908957481384
clic2020,clic_test_image_116.png,3,0.125,1512,2016,0.06529247501469723,32.93728250509353,0.8482199311256409,0.05482989549636841,0.0419976711273193,3.883050599548251,26.990104978773186,0.944689929485321
clic2020,clic_test_image_116.png,4,0.15,1512,2016,0.07872994876963131,33.5264998173854,0.8594445586204529,0.04864683747291565,0.0366699695587158,3.8837117878650886,27.57932229106505,0.95226389169693
clic2020,clic_test_image_117.png,0,0.05,1365,2048,0.029996565934065935,27.676125134594912,0.5509446263313293,0.1305646151304245,0.0963671207427978,4.220381190573624,20.66579527289244,0.8309075832366943
clic2020,clic_test_image_117.png,1,0.075,1365,2048,0.04051625457875458,28.06269175613375,0.5588685870170593,0.11136012524366379,0.0869728326797485,3.9811200750014732,21.05236189443129,0.8401514887809753
clic2020,clic_test_image_117.png,2,0.1,1365,2048,0.05074977106227106,28.31830457058484,0.5624299645423889,0.10066758096218109,0.0764549970626831,3.9007591435663542,21.30797470888237,0.8469037413597107
clic2020,clic_test_image_117.png,3,0.125,1365,2048,0.06266597985347985,28.5053342121066,0.5662728548049927,0.09273985028266907,0.0718766450881958,3.9807426024230232,21.495004350404127,0.8527106642723083
clic2020,clic_test_image_117.png,4,0.15,1365,2048,0.07402129120879121,28.67476487579414,0.570286750793457,0.08815750479698181,0.0676220655441284,3.9150476431029797,21.66443501409168,0.857988178730011
clic2020,clic_test_image_118.png,0,0.05,1512,2016,0.0551198874611573,23.96909405140504,0.6991912722587585,0.11607964336872101,0.1025499701499939,2.1508297303432036,19.238167997679,0.8670416474342346
clic2020,clic_test_image_118.png,1,0.075,1512,2016,0.09162152515327118,25.29042152426671,0.7511844038963318,0.08726076781749725,0.0766389966011047,2.23660589027045,20.55949547054068,0.9046427607536316
clic2020,clic_test_image_118.png,2,0.1,1512,2016,0.1263384983623079,26.222653494916205,0.7841110825538635,0.0721563920378685,0.0641869306564331,2.3302077328080206,21.49172744119017,0.9251070022583008
clic2020,clic_test_image_118.png,3,0.125,1512,2016,0.15984819853867474,26.93923278016949,0.8077176809310913,0.06104376167058945,0.0589680671691894,2.3827247548127053,22.208306726443464,0.9384083151817322
clic2020,clic_test_image_118.png,4,0.15,1512,2016,0.19214012765600066,27.50141574381124,0.8253700137138367,0.05390067771077156,0.05330491065979,2.3580332150869,22.770489690085206,0.9472262263298036
clic2020,clic_test_image_119.png,0,0.05,1365,2048,0.028645833333333332,23.846217678839924,0.4279881715774536,0.15546800196170807,0.2012971639633178,4.4933976833363865,14.277109753668586,0.7179169654846191
clic2020,clic_test_image_119.png,1,0.075,1365,2048,0.05712568681318681,24.478931065216845,0.4598869085311889,0.12433679401874542,0.1762514114379882,4.7994344745578195,14.909823140045503,0.7640641331672668
clic2020,clic_test_image_119.png,2,0.1,1365,2048,0.10001717032967034,25.22727375134705,0.5046973824501038,0.10355930775403976,0.1567993760108947,4.9563212194630495,15.658165826175717,0.8077680468559265
clic2020,clic_test_image_119.png,3,0.125,1365,2048,0.1534283424908425,26.00712200205711,0.55511474609375,0.08736321330070496,0.1450866460800171,4.95259743410912,16.438014076885768,0.8456557393074036
clic2020,clic_test_image_119.png,4,0.15,1365,2048,0.2084077380952381,26.67621119138624,0.5997291803359985,0.07599712163209915,0.1332038640975952,5.253370770857629,17.1071032662149,0.8729878067970276
clic2020,clic_test_image_12.png,0,0.05,2016,1512,0.016151213571848493,32.84861469662935,0.8217739462852478,0.09452074766159058,0.0763060450553894,6.09184090989289,23.58602788827657,0.944536030292511
clic2020,clic_test_image_12.png,1,0.075,2016,1512,0.02278596623834719,33.586740786768466,0.8266262412071228,0.07812408357858658,0.0640726089477539,6.033244377686216,24.3241539784157,0.9501827359199524
clic2020,clic_test_image_12.png,2,0.1,2016,1512,0.03315801629293693,34.05056589299163,0.8271452784538269,0.06621549278497696,0.0585863590240478,6.097630320980584,24.787979084638856,0.9538769125938416
clic2020,clic_test_image_12.png,3,0.125,2016,1512,0.04154593936339968,34.27701867956418,0.8262007832527161,0.05993333086371422,0.0582479834556579,6.093045052929729,25.014431871211407,0.9561769366264344
clic2020,clic_test_image_12.png,4,0.15,2016,1512,0.04820168808264046,34.48958068803724,0.826551079750061,0.05560563877224922,0.0543052554130554,6.197194505803275,25.226993879684475,0.9582440853118896
clic2020,clic_test_image_120.png,0,0.05,1512,2016,0.046721466364323505,25.150847709097217,0.6080530881881714,0.141752690076828,0.0839300155639648,2.361945933350853,19.880133373456584,0.8445939421653748
clic2020,clic_test_image_120.png,1,0.075,1512,2016,0.0710768875451415,26.1477273910264,0.6396668553352356,0.11479809880256653,0.0615941286087036,2.3538860726524953,20.877013055385763,0.8681374192237854
clic2020,clic_test_image_120.png,2,0.1,1512,2016,0.09605169228185101,26.840649977810088,0.6627625823020935,0.09677189588546753,0.0571059584617614,2.328570252960096,21.56993564216945,0.8848869204521179
clic2020,clic_test_image_120.png,3,0.125,1512,2016,0.12272717729066936,27.42835402403492,0.6830418705940247,0.08363082259893417,0.0509652495384216,2.267307733332159,22.157639688394283,0.8987113833427429
clic2020,clic_test_image_120.png,4,0.15,1512,2016,0.15279352481733435,27.96109751655201,0.7051900625228882,0.07467850297689438,0.0456024408340454,2.267900931552361,22.69038318091137,0.9113953709602356
clic2020,clic_test_image_121.png,0,0.05,2016,1512,0.03633891828336273,27.99544491693896,0.6982768177986145,0.11035116761922836,0.0797350406646728,3.3013880242915503,21.860288045192195,0.8797681331634521
clic2020,clic_test_image_121.png,1,0.075,2016,1512,0.053450701268161586,29.122093951853625,0.7236440181732178,0.08334992080926895,0.0591352581977844,3.265729609006865,22.986937080106863,0.901134192943573
clic2020,clic_test_image_121.png,2,0.1,2016,1512,0.07079344083312337,29.903335708838263,0.7421911954879761,0.06702417135238647,0.050661563873291,3.2010494086794736,23.768178837091497,0.9150071144104004
clic2020,clic_test_image_121.png,3,0.125,2016,1512,0.08755878894767784,30.49377618669285,0.7562604546546936,0.05720294639468193,0.0402596592903137,3.176514793160036,24.35861931494609,0.925034761428833
clic2020,clic_test_image_121.png,4,0.15,2016,1512,0.1043241370622323,30.959119815740767,0.7695134878158569,0.05023318529129028,0.0345523953437805,3.1785893192573274,24.823962943994005,0.9328996539115906
clic2020,clic_test_image_122.png,0,0.05,1536,2048,0.0193939208984375,28.372782207017178,0.5911039113998413,0.1876996010541916,0.1286576986312866,3.9928777168011953,12.484413219819391,0.8072788715362549
clic2020,clic_test_image_122.png,1,0.075,1536,2048,0.0307769775390625,28.829764415705096,0.5971277356147766,0.15667931735515594,0.1098805665969848,3.9348146299756497,12.941395428507311,0.8275293707847595
clic2020,clic_test_image_122.png,2,0.1,1536,2048,0.044764200846354164,29.251286566402023,0.6109672784805298,0.13697917759418488,0.0914723873138427,3.9082278488585667,13.362917579204243,0.8474393486976624
clic2020,clic_test_image_122.png,3,0.125,1536,2048,0.0608367919921875,29.657356990186443,0.6262672543525696,0.12218554317951202,0.0796617269515991,3.8601374313486394,13.768988002988658,0.8651647567749023
clic2020,clic_test_image_122.png,4,0.15,1536,2048,0.0791778564453125,30.02421495908096,0.6414421200752258,0.11069612205028534,0.0734018087387085,3.7929239576975706,14.135845971883173,0.8800041079521179
clic2020,clic_test_image_123.png,0,0.05,2048,1365,0.04049336080586081,27.08896347605004,0.6868677139282227,0.10950148105621338,0.0756046772003173,3.395839895606801,24.389030504662465,0.8281719088554382
clic2020,clic_test_image_123.png,1,0.075,2048,1365,0.06449748168498169,28.300831412144674,0.7243958711624146,0.08248919248580933,0.0602743625640869,3.460400147427397,25.600898440757103,0.8684976696968079
clic2020,clic_test_image_123.png,2,0.1,2048,1365,0.09063072344322344,29.26544567964153,0.7567993402481079,0.06715699285268784,0.0523545145988464,3.4487946807958894,26.56551270825396,0.8953382968902588
clic2020,clic_test_image_123.png,3,0.125,2048,1365,0.11824061355311355,30.090541962582343,0.784795880317688,0.05613783746957779,0.0475823879241943,3.4838501336645553,27.390608991194767,0.915222704410553
clic2020,clic_test_image_123.png,4,0.15,2048,1365,0.145919184981685,30.75209578727958,0.8063679933547974,0.04848578944802284,0.0416383743286132,3.409363784830302,28.05216281589201,0.9287120699882508
clic2020,clic_test_image_124.png,0,0.05,1512,2016,0.018376795162509448,27.08223792630045,0.5809399485588074,0.1874348223209381,0.1159909963607788,3.5078408002233137,21.027399227229576,0.7801297307014465
clic2020,clic_test_image_124.png,1,0.075,1512,2016,0.031436339968086,27.626735776187243,0.5999338030815125,0.1539970338344574,0.1013916134834289,3.5974499572268774,21.57189707711636,0.8185961246490479
clic2020,clic_test_image_124.png,2,0.1,1512,2016,0.053555681531872006,28.40328179588301,0.6349929571151733,0.13004253804683685,0.0936328172683715,3.4701369207735397,22.34844309681213,0.8598213195800781
clic2020,clic_test_image_124.png,3,0.125,1512,2016,0.07907638363987571,29.107040902502494,0.6682248115539551,0.11430119723081589,0.0874132513999939,3.425103345955325,23.05220220343161,0.8882532119750977
clic2020,clic_test_image_124.png,4,0.15,1512,2016,0.10564688838498362,29.715957966301087,0.6965206265449524,0.10257755219936371,0.0808442831039428,3.435402159423936,23.661119267230205,0.9069135785102844
clic2020,clic_test_image_125.png,0,0.05,1080,1920,0.02746141975308642,29.10441564461818,0.7468686699867249,0.14043298363685608,0.1024567484855651,3.95198709264249,21.35896360930612,0.8867617249488831
clic2020,clic_test_image_125.png,1,0.075,1080,1920,0.03979166666666667,30.13777491167821,0.7702430486679077,0.11620723456144333,0.0886310338973999,4.012644005323043,22.39232287636615,0.90700763463974
clic2020,clic_test_image_125.png,2,0.1,1080,1920,0.05238425925925926,30.850811649551343,0.7841740250587463,0.10031388700008392,0.074547529220581,3.902447715616144,23.10535961423928,0.9185628890991212
clic2020,clic_test_image_125.png,3,0.125,1080,1920,0.06584104938271605,31.337045177066013,0.7927994132041931,0.08823352307081223,0.0663855671882629,3.8902117469825646,23.59159314175395,0.9258782267570496
clic2020,clic_test_image_125.png,4,0.15,1080,1920,0.07957561728395061,31.73063732824655,0.8008166551589966,0.07983971387147903,0.0596425533294677,3.8299203910593436,23.98518529293449,0.931492805480957
clic2020,clic_test_image_126.png,0,0.05,1365,2048,0.011464056776556776,33.480708859496644,0.9269804954528807,0.04902450740337372,0.0901926159858703,7.336221744604101,23.57057184013046,0.9755406975746156
clic2020,clic_test_image_126.png,1,0.075,1365,2048,0.01303228021978022,36.07596406300988,0.9284365773200988,0.02818189561367035,0.0872226357460022,7.407329253203404,26.16582704364369,0.978171169757843
clic2020,clic_test_image_126.png,2,0.1,1365,2048,0.015184294871794872,35.603507740947606,0.9275705814361572,0.025634903460741043,0.0701215267181396,7.563733133548952,25.69337072158143,0.978855311870575
clic2020,clic_test_image_126.png,3,0.125,1365,2048,0.01832074175824176,36.79544201658328,0.9326463341712952,0.02136273868381977,0.0586472749710083,7.5196709187313395,26.885304997217105,0.9809853434562684
clic2020,clic_test_image_126.png,4,0.15,1365,2048,0.01928228021978022,38.4168876799617,0.935862362384796,0.01938251405954361,0.0522915720939636,7.4720808201029385,28.50675066059552,0.9821955561637878
clic2020,clic_test_image_127.png,0,0.05,1512,2016,0.033472957084068194,27.383025207260744,0.7753737568855286,0.1198807880282402,0.0777528285980224,2.8815134422321744,21.84326712187613,0.8907313346862793
clic2020,clic_test_image_127.png,1,0.075,1512,2016,0.05198097757621567,28.48732891467884,0.8023651242256165,0.09215160459280014,0.0598751306533813,2.9096774508654457,22.947570829294225,0.9165007472038268
clic2020,clic_test_image_127.png,2,0.1,1512,2016,0.0725886033425716,29.37612397777572,0.8234686255455017,0.07536178082227707,0.0505236387252807,2.8935935931903605,23.836365892391107,0.9337307810783386
clic2020,clic_test_image_127.png,3,0.125,1512,2016,0.09401507516586882,30.123818643902496,0.8416194915771484,0.06419865787029266,0.0465398430824279,2.8010368669854335,24.584060558517884,0.945844829082489
clic2020,clic_test_image_127.png,4,0.15,1512,2016,0.11493764172335601,30.732689580350232,0.8559007048606873,0.05596127361059189,0.0418726205825805,2.771195259175664,25.19293149496562,0.9542229771614076
clic2020,clic_test_image_128.png,0,0.05,2048,1536,0.052454630533854164,26.801590684283745,0.8076431155204773,0.08494833111763,0.0555943250656127,3.2584331394058816,17.651436113803026,0.9292170405387878
clic2020,clic_test_image_128.png,1,0.075,2048,1536,0.07343037923177083,28.226284315056844,0.8442729711532593,0.06187329441308975,0.0441493391990661,3.276799223723096,19.07612974457612,0.9472545981407166
clic2020,clic_test_image_128.png,2,0.1,2048,1536,0.09319559733072917,29.210533554623623,0.8648947477340698,0.050367824733257294,0.0382706522941589,3.1835884397000545,20.060378984142897,0.9572227597236632
clic2020,clic_test_image_128.png,3,0.125,2048,1536,0.1127777099609375,29.98944803046436,0.8789522647857666,0.041404396295547485,0.0323662757873535,3.260634564788635,20.83929345998364,0.9638479351997375
clic2020,clic_test_image_128.png,4,0.15,2048,1536,0.1316986083984375,30.5769325708416,0.8875322937965393,0.03693598881363869,0.0286661386489868,3.1814838099150977,21.42677800036088,0.9679633975028992
clic2020,clic_test_image_129.png,0,0.05,2048,1365,0.02041552197802198,30.31457671727176,0.8095005750656128,0.049852386116981506,0.0751575827598571,4.0611960003295335,17.205073956798632,0.942845582962036
clic2020,clic_test_image_129.png,1,0.075,2048,1365,0.02982486263736264,31.398124488815043,0.831209659576416,0.03888874128460884,0.0576487183570861,4.297221844232969,18.28862172834192,0.9555508494377136
clic2020,clic_test_image_129.png,2,0.1,2048,1365,0.0430345695970696,32.34126067929821,0.863883376121521,0.03157813847064972,0.0471012592315673,3.986897926632888,19.231757918825085,0.9658830761909484
clic2020,clic_test_image_129.png,3,0.125,2048,1365,0.048780906593406594,33.05817423520476,0.8684113025665283,0.02788197062909603,0.0430861115455627,4.135233685357452,19.94867147473164,0.9723520278930664
clic2020,clic_test_image_129.png,4,0.15,2048,1365,0.05854510073260073,33.67851538960727,0.8868615031242371,0.02445153333246708,0.0389944314956665,4.0435717837534915,20.569012629134143,0.976206600666046
clic2020,clic_test_image_13.png,0,0.05,2048,1365,0.05586652930402931,23.56747008116108,0.502991259098053,0.17074337601661682,0.1338478326797485,3.8620756667779177,14.48943070863504,0.7682104110717773
clic2020,clic_test_image_13.png,1,0.075,2048,1365,0.09405334249084249,24.588905304048065,0.5686296820640564,0.12915004789829254,0.1163676977157592,3.896879809203143,15.510865931522028,0.8334971070289612
clic2020,clic_test_image_13.png,2,0.1,2048,1365,0.13455242673992673,25.40001216750051,0.6187109351158142,0.1042964830994606,0.095400333404541,3.9763904828656638,16.321972794974474,0.868880569934845
clic2020,clic_test_image_13.png,3,0.125,2048,1365,0.17769574175824177,26.08424229466356,0.657801628112793,0.08691427111625671,0.0844701528549194,4.008762205248374,17.006202922137522,0.8923993110656738
clic2020,clic_test_image_13.png,4,0.15,2048,1365,0.22213255494505493,26.66182957062615,0.6892280578613281,0.0749470591545105,0.0765733122825622,4.13332335494978,17.583790198100115,0.9077946543693542
clic2020,clic_test_image_130.png,0,0.05,2048,1365,0.029996565934065935,30.265668592537303,0.8214186429977417,0.09791985154151917,0.0689697861671447,4.156058861888834,24.032677237911013,0.9211468696594238
clic2020,clic_test_image_130.png,1,0.075,2048,1365,0.04142055860805861,31.33260389350612,0.8360605835914612,0.07702529430389404,0.0601558089256286,4.014772987795432,25.099612538879825,0.9348394274711608
clic2020,clic_test_image_130.png,2,0.1,2048,1365,0.05281021062271062,32.064817112676785,0.8461979627609253,0.0649399384856224,0.0497227907180786,3.9799853917583947,25.83182575805049,0.9436941742897034
clic2020,clic_test_image_130.png,3,0.125,2048,1365,0.06474931318681319,32.652312856958645,0.8544742465019226,0.05686543881893158,0.0436055660247802,3.936880206602329,26.419321502332348,0.9504421353340148
clic2020,clic_test_image_130.png,4,0.15,2048,1365,0.07647092490842491,33.101890725365294,0.8597943186759949,0.04952896758913994,0.0398602485656738,3.9076722972009224,26.868899370739,0.955145299434662
clic2020,clic_test_image_131.png,0,0.05,1365,2048,0.024685210622710622,28.58140524594424,0.5389414429664612,0.1534857451915741,0.0801360011100769,5.295651490362028,19.011229714496164,0.8568100333213806
clic2020,clic_test_image_131.png,1,0.075,1365,2048,0.03684180402930403,28.93781500817116,0.5406566262245178,0.12718692421913147,0.0645309090614318,5.287601516769597,19.36763947672308,0.8692407608032227
clic2020,clic_test_image_131.png,2,0.1,1365,2048,0.04918154761904762,29.14307134738671,0.5409467816352844,0.11385973542928696,0.0574333667755126,5.145181568348904,19.57289581593863,0.8756754994392395
clic2020,clic_test_image_131.png,3,0.125,1365,2048,0.05703411172161172,29.25269276506498,0.540692150592804,0.10388696193695068,0.0531989932060241,5.338727094336956,19.682517233616903,0.8802657127380371
clic2020,clic_test_image_131.png,4,0.15,1365,2048,0.0641426282051282,29.34774406568746,0.5426591038703918,0.09754340350627899,0.0483453273773193,5.383475180005527,19.777568534239386,0.8840144276618958
clic2020,clic_test_image_132.png,0,0.05,1512,2016,0.016224699756445787,33.02266764278958,0.8397549986839294,0.1100931316614151,0.0745576620101928,5.074710180128097,24.074435319298413,0.9349915981292723
clic2020,clic_test_image_132.png,1,0.075,1512,2016,0.023835768875451416,33.918772598794355,0.8455086350440979,0.08928613364696503,0.0662351846694946,5.050919633086005,24.970540275303183,0.9442479610443116
clic2020,clic_test_image_132.png,2,0.1,1512,2016,0.03191924918115394,34.53993085386092,0.8477920889854431,0.0763210877776146,0.0562334060668945,5.066105776238967,25.59169853036975,0.9491815567016602
clic2020,clic_test_image_132.png,3,0.125,1512,2016,0.04052763080540858,34.951994811151835,0.8486411571502686,0.06840178370475769,0.0571575760841369,5.063998656261773,26.003762487660666,0.952989101409912
clic2020,clic_test_image_132.png,4,0.15,1512,2016,0.04739334005207021,35.20365321983302,0.8493328094482422,0.06262668967247009,0.0560252666473388,5.0854470957028814,26.255420896341853,0.955510675907135
clic2020,clic_test_image_133.png,0,0.05,2048,1367,0.027415188368690564,32.28667056781881,0.8759808540344238,0.09623770415782928,0.0699597597122192,4.811801516295899,24.178199672668853,0.942733108997345
clic2020,clic_test_image_133.png,1,0.075,2048,1367,0.037496570958302854,33.612634591396315,0.8926100730895996,0.07328148931264877,0.0581896901130676,4.7151107485087325,25.50416369624637,0.9563136696815492
clic2020,clic_test_image_133.png,2,0.1,2048,1367,0.047132178127286026,34.36847613246374,0.9003122448921204,0.06079447269439697,0.0495043992996215,4.7688580138486225,26.26000523731379,0.9629695415496826
clic2020,clic_test_image_133.png,3,0.125,2048,1367,0.05672206474030724,35.02659528439312,0.9065521955490112,0.05221368372440338,0.0461128950119018,4.658452391060572,26.918124389243165,0.9678105711936952
clic2020,clic_test_image_133.png,4,0.15,2048,1367,0.06606048829553768,35.50666196192209,0.9103319048881532,0.0461500883102417,0.0405054688453674,4.679803509221991,27.39819106677213,0.9710698127746582
clic2020,clic_test_image_134.png,0,0.05,1365,2048,0.032446199633699636,29.350313719965765,0.8684811592102051,0.06144905835390091,0.0625824928283691,3.63880646904595,26.58587570048452,0.9423432350158693
clic2020,clic_test_image_134.png,1,0.075,1365,2048,0.04626259157509158,30.517980972285564,0.8799380660057068,0.04697749763727188,0.0535648465156555,3.71510267941117,27.753542952804324,0.9503628611564636
clic2020,clic_test_image_134.png,2,0.1,1365,2048,0.05475618131868132,31.24054192450545,0.888056755065918,0.03990751877427101,0.0439957380294799,3.714944019403237,28.476103905024207,0.9566472172737122
clic2020,clic_test_image_134.png,3,0.125,1365,2048,0.068194826007326,32.10003708644635,0.8985663652420044,0.03377361223101616,0.0369821786880493,3.789270703969281,29.335599066965106,0.9642898440361024
clic2020,clic_test_image_134.png,4,0.15,1365,2048,0.0830643315018315,32.867702024916824,0.9094744920730592,0.029568787664175034,0.0325655937194824,3.8356014936158678,30.103264005435584,0.9709258079528807
clic2020,clic_test_image_135.png,0,0.05,1512,2016,0.033651423532375914,27.4377581482126,0.7445350289344788,0.12863270938396454,0.0818189978599548,3.0193651863260524,22.94042043159289,0.8704895973205566
clic2020,clic_test_image_135.png,1,0.075,1512,2016,0.05257936507936508,28.55607605058459,0.7756685614585876,0.09882819652557373,0.068371832370758,2.9901652292007648,24.05873833396488,0.9015271067619324
clic2020,clic_test_image_135.png,2,0.1,1512,2016,0.07431027966742253,29.513890738227705,0.8013941049575806,0.08052347600460052,0.0601275563240051,2.9441060812558644,25.016553021608,0.9222121238708496
clic2020,clic_test_image_135.png,3,0.125,1512,2016,0.09764739229024944,30.3484408907576,0.8236657381057739,0.06763885915279388,0.0498785972595214,2.936767342669006,25.851103174137883,0.9368287920951844
clic2020,clic_test_image_135.png,4,0.15,1512,2016,0.12077454438565549,31.0003550344082,0.8408437371253967,0.0591537244617939,0.0448737144470214,2.820334487791357,26.50301731778849,0.9465857148170472
clic2020,clic_test_image_136.png,0,0.05,1536,2048,0.053838094075520836,26.94195862370537,0.7959542274475098,0.09608814120292664,0.065775454044342,3.158568984807399,16.9990940428642,0.9209704995155334
clic2020,clic_test_image_136.png,1,0.075,1536,2048,0.07634989420572917,28.39462151714063,0.834522545337677,0.07056499272584915,0.055266797542572,3.132847202476294,18.45175693629946,0.9434725642204284
clic2020,clic_test_image_136.png,2,0.1,1536,2048,0.09750874837239583,29.40318839095856,0.8583117127418518,0.05698806792497635,0.0449191331863403,2.8591162291681735,19.460323810117387,0.9547340273857116
clic2020,clic_test_image_136.png,3,0.125,1536,2048,0.11877950032552083,30.197439884573534,0.8748899102210999,0.04707162454724312,0.0377717018127441,3.054656857320047,20.254575303732363,0.962683379650116
clic2020,clic_test_image_136.png,4,0.15,1536,2048,0.1387786865234375,30.81803230957112,0.8872067332267761,0.04081715643405914,0.034925103187561,3.0347647332672345,20.87516772872995,0.967616081237793
clic2020,clic_test_image_137.png,0,0.05,2048,1365,0.013845009157509157,35.59942758390286,0.96603262424469,0.031212974339723587,0.0704585313796997,7.502557048210564,33.01413690334235,0.9826896786689758
clic2020,clic_test_image_137.png,1,0.075,2048,1365,0.016912774725274724,37.10987080343317,0.969314694404602,0.024352367967367172,0.0573615431785583,7.452275291150913,34.52458012287265,0.9862881302833556
clic2020,clic_test_image_137.png,2,0.1,2048,1365,0.019785943223443223,38.09950948834276,0.971741497516632,0.01996317133307457,0.0487210154533386,7.511136154520966,35.51421880778224,0.9884510636329652
clic2020,clic_test_image_137.png,3,0.125,2048,1365,0.02340315934065934,38.74371554562782,0.9730923771858216,0.01731204241514206,0.0430855154991149,7.471895555646092,36.1584248650673,0.9897693991661072
clic2020,clic_test_image_137.png,4,0.15,2048,1365,0.026837225274725273,39.17458671701858,0.974266529083252,0.015363717451691628,0.03741055727005,7.492478748950562,36.58929603645805,0.990783989429474
clic2020,clic_test_image_138.png,0,0.05,1725,1725,0.029998403696702373,29.22664018336821,0.9176350831985474,0.0428030788898468,0.0859613418579101,4.163853814314028,27.15164985553491,0.9637009501457214
clic2020,clic_test_image_138.png,1,0.075,1725,1725,0.032202982566687674,30.861045231619126,0.9336908459663392,0.030489737167954445,0.0727120637893676,4.1209314583291965,28.78605490378582,0.9749179482460022
clic2020,clic_test_image_138.png,2,0.1,1725,1725,0.04301079605124974,31.21291849819788,0.9436556696891784,0.027127942070364952,0.0548436641693115,4.32600281782905,29.13792817036457,0.9799695014953612
clic2020,clic_test_image_138.png,3,0.125,1725,1725,0.05292602394454946,32.47068377392598,0.9501305222511292,0.022342385724186897,0.0514658689498901,4.287286565993843,30.39569344609267,0.983311653137207
clic2020,clic_test_image_138.png,4,0.15,1725,1725,0.06287351396765385,32.63216097649507,0.9550543427467346,0.021801110357046127,0.0452654361724853,4.437816769453458,30.55717064866176,0.9853005409240724
clic2020,clic_test_image_139.png,0,0.05,1536,2048,0.0203094482421875,31.985433205503355,0.7958619594573975,0.11506055295467377,0.123483121395111,4.457889579944645,13.192464257365163,0.9150786995887756
clic2020,clic_test_image_139.png,1,0.075,1536,2048,0.0369720458984375,32.983429068866855,0.8077230453491211,0.08953848481178284,0.1033594608306884,4.380553221952163,14.190460120728662,0.9327178001403807
clic2020,clic_test_image_139.png,2,0.1,1536,2048,0.0507049560546875,33.69221421187316,0.8181480765342712,0.07576954364776611,0.0933027267456054,4.429379416449614,14.899245263734963,0.9425618648529052
clic2020,clic_test_image_139.png,3,0.125,1536,2048,0.0597991943359375,34.16652515185912,0.8236804604530334,0.06647130846977234,0.0873305201530456,4.538102867073316,15.37355620372093,0.9482868313789368
clic2020,clic_test_image_139.png,4,0.15,1536,2048,0.06786600748697917,34.54995833389079,0.8290959596633911,0.0600551962852478,0.0832371711730957,4.484719791635311,15.756989385752602,0.9526774883270264
clic2020,clic_test_image_14.png,0,0.05,1365,2048,0.022979624542124544,31.951922518190223,0.8541797399520874,0.11029049754142761,0.0864050388336181,4.211804188160726,17.15143879285905,0.918360948562622
clic2020,clic_test_image_14.png,1,0.075,1365,2048,0.03258356227106227,32.83016762864368,0.8665891885757446,0.08843857795000076,0.0728962421417236,4.16220715426656,18.029683903312502,0.9309675097465516
clic2020,clic_test_image_14.png,2,0.1,1365,2048,0.042530906593406595,33.4322762806573,0.8726955056190491,0.07474446296691895,0.0680546760559082,4.188948578183704,18.63179255532613,0.9386411309242249
clic2020,clic_test_image_14.png,3,0.125,1365,2048,0.052421016483516485,33.95198036864353,0.8783100247383118,0.06570721417665482,0.0617659091949462,4.258052321307947,19.15149664331236,0.945223867893219
clic2020,clic_test_image_14.png,4,0.15,1365,2048,0.06368475274725274,34.341509381798055,0.8829085826873779,0.059421297162771225,0.056945264339447,4.22045166263481,19.54102565646688,0.9498512744903564
clic2020,clic_test_image_140.png,0,0.05,1365,2048,0.012940705128205129,35.33038054933964,0.9540597796440125,0.04345962405204773,0.1002103090286254,6.107941465461683,24.64274751191084,0.9722452163696288
clic2020,clic_test_image_140.png,1,0.075,1365,2048,0.015779532967032966,36.52015700757471,0.9601675271987916,0.03628860414028168,0.0892069339752197,6.065745218383042,25.83252397014592,0.9773852229118348
clic2020,clic_test_image_140.png,2,0.1,1365,2048,0.019339514652014653,37.14254647295305,0.9667328000068665,0.03304431214928627,0.0731532573699951,6.067372983090892,26.45491343552425,0.9807186722755432
clic2020,clic_test_image_140.png,3,0.125,1365,2048,0.02285370879120879,37.85730310614814,0.969150722026825,0.030651476234197617,0.0657364726066589,6.083692599619365,27.16967006871934,0.982526957988739
clic2020,clic_test_image_140.png,4,0.15,1365,2048,0.02707760989010989,38.47953233794383,0.9714435935020448,0.027509644627571106,0.0570052862167358,6.015494561679655,27.79189930051504,0.9840041995048524
clic2020,clic_test_image_141.png,0,0.05,1152,2048,0.1680976019965278,18.417342577714965,0.5573297142982483,0.17740346491336823,0.1044588685035705,1.779248004833296,12.808523020136256,0.8416281342506409
clic2020,clic_test_image_141.png,1,0.075,1152,2048,0.2753431532118056,19.67249524658948,0.6506656408309937,0.13211441040039062,0.0855158567428588,1.9428623694315668,14.063675689010765,0.8921169638633728
clic2020,clic_test_image_141.png,2,0.1,1152,2048,0.3663804796006944,20.49133661132214,0.7024480104446411,0.1060560941696167,0.0753312706947326,2.0507772459890004,14.88251705374343,0.9159689545631408
clic2020,clic_test_image_141.png,3,0.125,1152,2048,0.44500732421875,21.06179813679075,0.7340034246444702,0.08942355215549469,0.0719153881072998,2.077953275925515,15.45297857921204,0.9296037554740906
clic2020,clic_test_image_141.png,4,0.15,1152,2048,0.5131089952256944,21.47391254382278,0.7548037767410278,0.08087436109781265,0.0662551522254943,2.1899132423134677,15.865092986244068,0.9380970001220704
clic2020,clic_test_image_142.png,0,0.05,2016,1512,0.06704564541866129,24.29802325039184,0.7678129076957703,0.07917937636375427,0.0771746635437011,2.6573125185625672,20.64234227420837,0.92508202791214
clic2020,clic_test_image_142.png,1,0.075,2016,1512,0.0991801041404216,25.622897131334057,0.8101927042007446,0.05749743431806564,0.0612246990203857,2.7243254720821755,21.96721615515059,0.9459189772605896
clic2020,clic_test_image_142.png,2,0.1,2016,1512,0.13105211220290586,26.64121238449244,0.8381684422492981,0.04591244086623192,0.0525658130645751,2.7118302851553837,22.98553140830897,0.9580500721931458
clic2020,clic_test_image_142.png,3,0.125,2016,1512,0.16270366171159822,27.3727342371596,0.857704222202301,0.038110874593257904,0.0431916713714599,2.721765702695378,23.717053260976133,0.965400218963623
clic2020,clic_test_image_142.png,4,0.15,2016,1512,0.19521604938271606,28.002527614746025,0.8728055357933044,0.032999828457832336,0.0378141999244689,2.750326703079296,24.34684663856256,0.9705676436424256
clic2020,clic_test_image_143.png,0,0.05,1363,2048,0.018083960014673515,33.31050632354125,0.8911710381507874,0.06660943478345871,0.0651440024375915,6.070911602222525,22.917669058314708,0.96643328666687
clic2020,clic_test_image_143.png,1,0.075,1363,2048,0.02261211482024945,33.7642463763135,0.89042729139328,0.05226366966962814,0.056714653968811,6.07500429087564,23.37140911108696,0.9704579710960388
clic2020,clic_test_image_143.png,2,0.1,1363,2048,0.02836688371239912,34.35328104136181,0.8933671116828918,0.04481600224971771,0.0539298057556152,6.159071696237221,23.960443776135275,0.9731643795967102
clic2020,clic_test_image_143.png,3,0.125,1363,2048,0.03521070249449743,34.93849531271661,0.8969781398773193,0.038539230823516846,0.04871666431427,6.1978229145970305,24.545658047490075,0.9754672050476074
clic2020,clic_test_image_143.png,4,0.15,1363,2048,0.04202013022743947,35.43634263929284,0.8982714414596558,0.03467680141329765,0.0467494130134582,6.147133959011927,25.043505374066296,0.976837396621704
clic2020,clic_test_image_144.png,0,0.05,1512,2016,0.016413664231124548,30.667488859495585,0.7291561365127563,0.13743345439434052,0.084387183189392,5.30984896946493,24.28924037328624,0.8502851128578186
clic2020,clic_test_image_144.png,1,0.075,1512,2016,0.02427668598303519,31.43272612114651,0.7389624118804932,0.11759443581104279,0.0786844491958618,5.304899098637866,25.05447763493716,0.867717444896698
clic2020,clic_test_image_144.png,2,0.1,1512,2016,0.03490068867052994,32.10106392049535,0.7538939714431763,0.10201216489076614,0.0761569142341613,5.149751580522182,25.722815434286,0.8850145936012268
clic2020,clic_test_image_144.png,3,0.125,1512,2016,0.04650100781053162,32.627447599709505,0.7664331197738647,0.0902138352394104,0.0693742036819458,5.1269710884053055,26.24919911350016,0.8978237509727478
clic2020,clic_test_image_144.png,4,0.15,1512,2016,0.057901864449483496,33.023407229800554,0.7763960361480713,0.08240750432014465,0.0655290484428405,5.123646369696359,26.64515874359121,0.9068900942802428
clic2020,clic_test_image_145.png,0,0.05,2048,1367,0.02709514447695684,31.17878228990336,0.8957754969596863,0.06504954397678375,0.0780874490737915,4.328710339611241,26.5401053682462,0.958541214466095
clic2020,clic_test_image_145.png,1,0.075,2048,1367,0.036982214703730795,32.27493392897865,0.9074543714523317,0.04854019731283188,0.0614787340164184,4.4270871856136536,27.63625700732149,0.9683964848518372
clic2020,clic_test_image_145.png,2,0.1,2048,1367,0.04654924103877103,33.20932043084005,0.9153379201889038,0.04032665491104126,0.0494190454483032,4.445303547464179,28.570643509182887,0.9739055633544922
clic2020,clic_test_image_145.png,3,0.125,2048,1367,0.056870656547183616,33.84919532616728,0.9201766848564148,0.0346926748752594,0.0400481224060058,4.434910672146688,29.21051840451011,0.977218210697174
clic2020,clic_test_image_145.png,4,0.15,2048,1367,0.06583188551572787,34.33892637738799,0.9229657053947448,0.0303622055798769,0.0379336476325988,4.48599315819218,29.70024945573083,0.979354441165924
clic2020,clic_test_image_146.png,0,0.05,1000,1500,0.024288,32.1454078908103,0.8666132688522339,0.05512112379074097,0.0586373805999755,5.76857522451384,23.138373212018763,0.9548190236091614
clic2020,clic_test_image_146.png,1,0.075,1000,1500,0.03154133333333333,33.396216601985714,0.8761599063873291,0.04352325201034546,0.0496084690093994,5.8058477521584395,24.38918192319417,0.9623199105262756
clic2020,clic_test_image_146.png,2,0.1,1000,1500,0.038218666666666665,34.20483805121382,0.8870897889137268,0.03633224964141846,0.0436607003211975,5.8068689557018,25.19780337242228,0.9662327766418456
clic2020,clic_test_image_146.png,3,0.125,1000,1500,0.045386666666666665,34.64306198425629,0.8900480270385742,0.031938791275024414,0.0422504544258117,5.7154467375370706,25.63602730546475,0.9687908291816713
clic2020,clic_test_image_146.png,4,0.15,1000,1500,0.05264,35.09110326447716,0.8922256231307983,0.02884012833237648,0.0370094776153564,5.755033879589035,26.084068585685625,0.9707347750663756
clic2020,clic_test_image_147.png,0,0.05,1365,2048,0.046525869963369965,28.623852824471,0.8090423345565796,0.0960681214928627,0.0721559524536132,3.618147516899241,22.625258426039817,0.9232740998268129
clic2020,clic_test_image_147.png,1,0.075,1365,2048,0.06382211538461538,29.95741451418464,0.83587646484375,0.07170410454273224,0.0557716488838195,3.5554458426202067,23.95882011575345,0.9435903429985046
clic2020,clic_test_image_147.png,2,0.1,1365,2048,0.08051167582417583,30.870461478290025,0.851180911064148,0.05782628059387207,0.0456188917160034,3.5558409684405787,24.87186707985884,0.9545792937278748
clic2020,clic_test_image_147.png,3,0.125,1365,2048,0.09664033882783883,31.56338639174104,0.8631662130355835,0.049079760909080505,0.0406382083892822,3.5353691547678943,25.564791993309854,0.9618441462516784
clic2020,clic_test_image_147.png,4,0.15,1365,2048,0.11202495421245422,32.147526242620444,0.8723706603050232,0.04225732013583183,0.0370945930480957,3.528659063462487,26.148931844189264,0.9668004512786864
clic2020,clic_test_image_148.png,0,0.05,1512,2016,0.04136747291509196,26.8316691302128,0.7813835740089417,0.08288994431495667,0.0790896415710449,2.6336399826334196,22.755382082983434,0.9133208394050598
clic2020,clic_test_image_148.png,1,0.075,1512,2016,0.062342529604434364,28.13652329102601,0.8201602101325989,0.0620066374540329,0.057736337184906,2.7105050946863116,24.060236243796645,0.9361339211463928
clic2020,clic_test_image_148.png,2,0.1,1512,2016,0.0829291593180482,29.22674017291227,0.8466388583183289,0.05051380395889282,0.0506619811058044,2.6816446939598215,25.150453125682905,0.94975346326828
clic2020,clic_test_image_148.png,3,0.125,1512,2016,0.10417716469303771,30.067567101575,0.866394579410553,0.04181329533457756,0.0422043800354003,2.6921929079092117,25.99128005434563,0.959144651889801
clic2020,clic_test_image_148.png,4,0.15,1512,2016,0.12441735953640716,30.69785992813712,0.880172073841095,0.03729698061943054,0.034727931022644,2.7241017625532162,26.62157288090775,0.9648987650871276
clic2020,clic_test_image_149.png,0,0.05,2048,1365,0.042118818681318684,27.334780467085054,0.7366578578948975,0.08378777652978897,0.0607103109359741,3.009488919316417,21.967475171580272,0.9260252118110656
clic2020,clic_test_image_149.png,1,0.075,2048,1365,0.0582360347985348,28.483114309223364,0.7572529315948486,0.07002528756856918,0.0459644198417663,2.9540991832973953,23.115809013718582,0.9376476407051086
clic2020,clic_test_image_149.png,2,0.1,2048,1365,0.07404418498168498,29.281205299934854,0.7693353891372681,0.061356306076049805,0.0400750637054443,2.978277669646966,23.91390000443007,0.944566011428833
clic2020,clic_test_image_149.png,3,0.125,2048,1365,0.08993246336996337,29.86113176170057,0.7775155305862427,0.054380957037210464,0.0336216688156127,2.962828476579908,24.493826466195788,0.9486227631568908
clic2020,clic_test_image_149.png,4,0.15,2048,1365,0.10556891025641026,30.285186403004065,0.7826963067054749,0.049356959760189056,0.0302613377571105,2.9670313670671997,24.91788110749928,0.951588809490204
clic2020,clic_test_image_15.png,0,0.05,1367,2048,0.015687865764447695,33.135077724034346,0.8554295897483826,0.06911101937294006,0.0692387223243713,5.8734565467807744,28.20461183637271,0.9621561169624328
clic2020,clic_test_image_15.png,1,0.075,1367,2048,0.02084285844915874,34.000209140007975,0.8514178991317749,0.054606981575489044,0.0582533478736877,5.898652136350478,29.06974325234634,0.9654698371887208
clic2020,clic_test_image_15.png,2,0.1,1367,2048,0.028169577542062913,35.25664374577535,0.8549345135688782,0.047956377267837524,0.0534929633140563,5.951790873198686,30.32617785811372,0.968087673187256
clic2020,clic_test_image_15.png,3,0.125,1367,2048,0.035587737746891,35.7411854726052,0.8562912940979004,0.045324135571718216,0.04878830909729,5.99943616748201,30.81071958494356,0.969425618648529
clic2020,clic_test_image_15.png,4,0.15,1367,2048,0.04119993599122165,35.99532461366431,0.8539078235626221,0.04160655289888382,0.0471280813217163,6.02932086534433,31.064858726002672,0.9700775742530824
clic2020,clic_test_image_150.png,0,0.05,1512,2016,0.044705845301083395,23.61915770820928,0.5431873202323914,0.15039187669754028,0.0751805901527404,2.5489290805234828,18.09477391632512,0.814548671245575
clic2020,clic_test_image_150.png,1,0.075,1512,2016,0.07866696061140506,24.605209595060707,0.5898858308792114,0.11838367581367493,0.05748051404953,2.5686766098117024,19.080825803176545,0.852893054485321
clic2020,clic_test_image_150.png,2,0.1,1512,2016,0.11524208448811624,25.37882410684289,0.6290597915649414,0.1001095399260521,0.0492879748344421,2.549108717893478,19.85444031495873,0.8807768821716309
clic2020,clic_test_image_150.png,3,0.125,1512,2016,0.15446271101033004,25.99942035118516,0.6608383059501648,0.08675814419984818,0.0423214435577392,2.432011601618098,20.475036559301,0.9007143974304199
clic2020,clic_test_image_150.png,4,0.15,1512,2016,0.1944077013521458,26.52776404960668,0.688606321811676,0.07715444266796112,0.0400648117065429,2.4004484425344983,21.00338025772251,0.9154279828071594
clic2020,clic_test_image_151.png,0,0.05,1365,2048,0.052959020146520146,23.8704241800046,0.6816583871841431,0.11589083820581436,0.0793628096580505,2.4534195117361146,18.28759759090065,0.8639804720878601
clic2020,clic_test_image_151.png,1,0.075,1365,2048,0.08977220695970696,25.20468653174043,0.729987621307373,0.08851967751979828,0.0620056390762329,2.3191475500478225,19.62185994263648,0.8986334800720215
clic2020,clic_test_image_151.png,2,0.1,1365,2048,0.12471955128205128,26.16798851975625,0.7633756399154663,0.07510680705308914,0.0558176040649414,2.2801899385327884,20.585161930652298,0.9189199805259703
clic2020,clic_test_image_151.png,3,0.125,1365,2048,0.15825892857142856,26.9092909462403,0.787834107875824,0.06270232051610947,0.0504761338233947,2.342668814130368,21.32646435713635,0.9328438639640808
clic2020,clic_test_image_151.png,4,0.15,1365,2048,0.18984088827838827,27.46565718388569,0.8056203722953796,0.0564318522810936,0.0445988774299621,2.294610591600813,21.882830594781733,0.9424676895141602
clic2020,clic_test_image_152.png,0,0.05,2016,1512,0.04233329134122785,26.30043356561273,0.6481674313545227,0.14429329335689545,0.0892203450202941,2.8221074778537103,20.51348183771178,0.8549159169197083
clic2020,clic_test_image_152.png,1,0.075,2016,1512,0.06576488620139413,27.453955086517738,0.6897410750389099,0.11003461480140686,0.0785290002822876,2.728159773320752,21.66700335861679,0.8889449238777161
clic2020,clic_test_image_152.png,2,0.1,2016,1512,0.09134857646762409,28.382163616800216,0.7227423787117004,0.08910426497459412,0.0698371529579162,2.692814572606468,22.595211888899268,0.9114484190940856
clic2020,clic_test_image_152.png,3,0.125,2016,1512,0.11840199042579995,29.17989719135221,0.7508610486984253,0.07557488232851028,0.0607785582542419,2.6460161243436198,23.39294546345127,0.927241027355194
clic2020,clic_test_image_152.png,4,0.15,2016,1512,0.14456307214243722,29.79086191197221,0.771174967288971,0.06605000793933868,0.0540664792060852,2.626313284215281,24.003910184071263,0.9376603960990906
clic2020,clic_test_image_153.png,0,0.05,1200,1800,0.04214074074074074,23.683128011056937,0.5087774395942688,0.13404682278633118,0.0820088982582092,2.8170565183055793,18.24553133148589,0.7930903434753418
clic2020,clic_test_image_153.png,1,0.075,1200,1800,0.06905925925925926,24.4127464289205,0.5483662486076355,0.10713347792625427,0.0639865398406982,2.663841475754234,18.975149749349445,0.8302562236785889
clic2020,clic_test_image_153.png,2,0.1,1200,1800,0.11024444444444445,25.292254947961894,0.607826292514801,0.08865544199943542,0.0530778765678405,2.555331398813448,19.854658268390843,0.874076783657074
clic2020,clic_test_image_153.png,3,0.125,1200,1800,0.15843703703703704,26.089703845257382,0.6606202125549316,0.07523610442876816,0.0426848530769348,2.508875336025708,20.65210716568633,0.9027722477912904
clic2020,clic_test_image_153.png,4,0.15,1200,1800,0.20471851851851852,26.720069028643305,0.6991410255432129,0.06434421241283417,0.0396968126296997,2.491871155714617,21.282472349072258,0.9202889800071716
clic2020,clic_test_image_154.png,0,0.05,2048,1365,0.053405448717948716,28.0075885718372,0.8608067035675049,0.06819190084934235,0.044474720954895,4.177977176925004,22.645512888237253,0.951786994934082
clic2020,clic_test_image_154.png,1,0.075,2048,1365,0.0717433608058608,29.427401531987925,0.883908748626709,0.05016849935054779,0.0340608358383178,4.072908764901677,24.06532584838798,0.964332401752472
clic2020,clic_test_image_154.png,2,0.1,2048,1365,0.08934867216117216,30.43007025046474,0.8990309834480286,0.040661998093128204,0.0293219089508056,4.024305128698889,25.0679945668648,0.9715440273284912
clic2020,clic_test_image_154.png,3,0.125,2048,1365,0.10682806776556776,31.22293752816484,0.909784197807312,0.03428717330098152,0.0259432196617126,4.069088669637056,25.86086184456489,0.9764043688774108
clic2020,clic_test_image_154.png,4,0.15,2048,1365,0.12379235347985348,31.8571213977818,0.9174124002456664,0.029457097873091698,0.0241284966468811,4.012589242461267,26.49504571418185,0.9794940948486328
clic2020,clic_test_image_155.png,0,0.05,1794,1796,0.06529560301226807,22.694415676650785,0.5087803602218628,0.19401976466178894,0.0985749363899231,2.371054645353205,17.344137030877896,0.7796068787574768
clic2020,clic_test_image_155.png,1,0.075,1794,1796,0.11009725563807098,23.684051002463832,0.5679189562797546,0.1487157940864563,0.0799002647399902,2.316171906905605,18.33377235669094,0.8300351500511169
clic2020,clic_test_image_155.png,2,0.1,1794,1796,0.1608876904703379,24.52584161585824,0.6204974055290222,0.12219297885894775,0.0701038241386413,2.2892225856747963,19.17556297008534,0.8648252487182617
clic2020,clic_test_image_155.png,3,0.125,1794,1796,0.2159884594279869,25.272039656080743,0.6666973829269409,0.10374605655670166,0.0647562742233276,2.3055642116662454,19.92176101030785,0.8891293406486511
clic2020,clic_test_image_155.png,4,0.15,1794,1796,0.26971866131350974,25.85620679352372,0.700056254863739,0.09111639857292175,0.059318721294403,2.2939484381784316,20.50592814775083,0.9052298069000244
clic2020,clic_test_image_156.png,0,0.05,1512,2016,0.050353783488704125,24.86601793035152,0.5582563281059265,0.1442854106426239,0.0683090686798095,3.0755284598932473,19.343534762218965,0.8022306561470032
clic2020,clic_test_image_156.png,1,0.075,1512,2016,0.08411543629797598,26.16901100072344,0.6274967789649963,0.10923826694488525,0.0537761449813842,3.0224195200551924,20.646527832590888,0.8625602126121521
clic2020,clic_test_image_156.png,2,0.1,1512,2016,0.11919984042999916,27.145002555691768,0.6782420873641968,0.08823844790458679,0.0465460419654846,3.02039608613098,21.62251938755921,0.8966508507728577
clic2020,clic_test_image_156.png,3,0.125,1512,2016,0.1548931300915428,27.94188852689914,0.716651976108551,0.0739082545042038,0.041397213935852,2.9783694005544734,22.41940535876659,0.9176831841468812
clic2020,clic_test_image_156.png,4,0.15,1512,2016,0.18881225329638027,28.588175538091008,0.7450118660926819,0.06470312178134918,0.0383166074752807,2.9624501761271684,23.06569236995845,0.9313671588897704
clic2020,clic_test_image_157.png,0,0.05,2048,1367,0.046754983540599857,26.624817960663872,0.7511017322540283,0.10158012807369232,0.0685583353042602,3.2453778645653495,21.977527052174423,0.8922238349914551
clic2020,clic_test_image_157.png,1,0.075,2048,1367,0.07002674652523774,28.068131429994644,0.7900773286819458,0.07528375089168549,0.048001229763031,3.2241901952264107,23.420840521505188,0.9235742688179016
clic2020,clic_test_image_157.png,2,0.1,2048,1367,0.09268128200438917,29.103776833203444,0.8148842453956604,0.060919471085071564,0.0417096614837646,3.1777991123242386,24.456485924713995,0.939463198184967
clic2020,clic_test_image_157.png,3,0.125,2048,1367,0.11506149414776884,29.89935788521972,0.8307167887687683,0.05198892205953598,0.0343368649482727,3.1061425312580067,25.25206697673028,0.9495689272880554
clic2020,clic_test_image_157.png,4,0.15,2048,1367,0.13623011155815654,30.500125312114616,0.8423703908920288,0.04575683921575546,0.0311391949653625,3.0515817827256844,25.852834403625163,0.9561340808868408
clic2020,clic_test_image_158.png,0,0.05,1152,2048,0.03619384765625,27.413878740861115,0.6837583184242249,0.10156340897083282,0.0776845216751098,3.3211428394000673,21.41764090966453,0.9123510718345642
clic2020,clic_test_image_158.png,1,0.075,1152,2048,0.04996066623263889,28.387491888814303,0.7028523087501526,0.08189167082309723,0.0649274587631225,3.4374778793550096,22.39125405761773,0.925952136516571
clic2020,clic_test_image_158.png,2,0.1,1152,2048,0.06288655598958333,28.920393557423303,0.711500883102417,0.06967219710350037,0.0549649000167846,3.4620605816040464,22.92415572622673,0.9326377511024476
clic2020,clic_test_image_158.png,3,0.125,1152,2048,0.07764350043402778,29.463418502186435,0.7204238176345825,0.05971464514732361,0.0468239784240722,3.50652118049522,23.46718067098985,0.9385018348693848
clic2020,clic_test_image_158.png,4,0.15,1152,2048,0.09204779730902778,29.80951255208297,0.7270476222038269,0.053980711847543716,0.0436786413192749,3.5714311829390786,23.8132747208864,0.942497968673706
clic2020,clic_test_image_159.png,0,0.05,2048,1360,0.01669921875,33.713239160152696,0.9044390320777892,0.06559687107801437,0.090574026107788,6.34431607459036,22.69688769379436,0.9577260613441468
clic2020,clic_test_image_159.png,1,0.075,2048,1360,0.021788832720588236,34.84507243831145,0.9102573990821838,0.05585726723074913,0.0748108029365539,6.231955133621084,23.82872097195312,0.9643011093139648
clic2020,clic_test_image_159.png,2,0.1,2048,1360,0.02680951286764706,35.56363718280592,0.911986529827118,0.04813065379858017,0.0688461065292358,6.312493657645981,24.54728571644759,0.9680086970329284
clic2020,clic_test_image_159.png,3,0.125,2048,1360,0.03179572610294118,36.157518498231234,0.9141871333122252,0.042764000594615936,0.057474136352539,6.229672255449871,25.141167031872907,0.9705967903137208
clic2020,clic_test_image_159.png,4,0.15,2048,1360,0.03659811580882353,36.591827930824095,0.9158956408500672,0.039640896022319794,0.0510309934616088,6.383435785339148,25.575476464465773,0.972607672214508
clic2020,clic_test_image_16.png,0,0.05,2048,1365,0.06058264652014652,22.40147350790256,0.4568938016891479,0.18410800397396088,0.0944089293479919,3.30116632975433,17.458141324859984,0.7125913500785828
clic2020,clic_test_image_16.png,1,0.075,2048,1365,0.11500114468864468,23.564245812354216,0.5584564805030823,0.1467716097831726,0.0799601078033447,3.401202310536652,18.62091362931164,0.7983503341674805
clic2020,clic_test_image_16.png,2,0.1,2048,1365,0.1737694597069597,24.634138276745222,0.6431936025619507,0.12360858172178268,0.0684877038002014,3.3438687493262402,19.69080609370265,0.8540921211242676
clic2020,clic_test_image_16.png,3,0.125,2048,1365,0.23235462454212455,25.488091084895817,0.7045809030532837,0.10546239465475082,0.0548133850097656,3.36370224490328,20.544758901853235,0.8896517157554626
clic2020,clic_test_image_16.png,4,0.15,2048,1365,0.2843692765567766,26.1427160632384,0.7468443512916565,0.09288625419139862,0.0475125908851623,3.3150286504070308,21.199383880195818,0.9111892580986024
clic2020,clic_test_image_160.png,0,0.05,1512,2016,0.053671159821953474,25.392967313850995,0.717066764831543,0.09347027540206909,0.087684690952301,3.2204094867615742,15.635358840023816,0.908919095993042
clic2020,clic_test_image_160.png,1,0.075,1512,2016,0.08458784748467288,26.963686805188868,0.7737300992012024,0.0714183896780014,0.0735713243484497,3.3953223965013604,17.206078331361688,0.9315803050994872
clic2020,clic_test_image_160.png,2,0.1,1512,2016,0.11268056605358193,28.07119950042985,0.7992739677429199,0.05951841175556183,0.0668743848800659,3.4752809688275583,18.31359102660268,0.943552315235138
clic2020,clic_test_image_160.png,3,0.125,1512,2016,0.140038422776518,28.966645354122925,0.8189296126365662,0.050476279109716415,0.0657780766487121,3.444937534580649,19.20903688029575,0.9509088397026062
clic2020,clic_test_image_160.png,4,0.15,1512,2016,0.165884563702024,29.62185462166812,0.8366904854774475,0.044690750539302826,0.0617383122444152,3.4848064826920666,19.86424614784093,0.9567632675170898
clic2020,clic_test_image_161.png,0,0.05,2048,1153,0.023044503469210754,28.75913158343996,0.7856515049934387,0.10395925492048264,0.0884293317794799,3.378165428549193,25.06861241788333,0.8840272426605225
clic2020,clic_test_image_161.png,1,0.075,2048,1153,0.03715172376409367,29.894339317415543,0.8088310360908508,0.0843338817358017,0.0766540765762329,3.411460667858699,26.20382015185891,0.9113633036613464
clic2020,clic_test_image_161.png,2,0.1,2048,1153,0.05368468126626193,30.84390894339732,0.8297804594039917,0.07020454853773117,0.0670669078826904,3.461639295442374,27.153389777840683,0.9296911358833312
clic2020,clic_test_image_161.png,3,0.125,2048,1153,0.07154569601040764,31.61626329444627,0.8466688394546509,0.06110064685344696,0.064867079257965,3.4466021014795203,27.92574412888964,0.9424548149108888
clic2020,clic_test_image_161.png,4,0.15,2048,1153,0.08966419124024284,32.26519652429178,0.8615190982818604,0.05475690960884094,0.0613731741905212,3.3969600437147878,28.57467735873515,0.9514147639274596
clic2020,clic_test_image_162.png,0,0.05,1512,2016,0.04206034265558075,27.69671071719467,0.7473106384277344,0.11929148435592651,0.0637386441230773,3.293150166368872,21.346734173420767,0.8965556025505066
clic2020,clic_test_image_162.png,1,0.075,1512,2016,0.06119824472999076,29.029055305316653,0.7808644771575928,0.0918816402554512,0.0517817139625549,3.2033484392914677,22.67907876154275,0.9253458976745604
clic2020,clic_test_image_162.png,2,0.1,1512,2016,0.07935983035189384,29.91693314205253,0.8005107045173645,0.07692447304725647,0.0455909967422485,3.167765316852912,23.56695659827863,0.938739776611328
clic2020,clic_test_image_162.png,3,0.125,1512,2016,0.09789934492315444,30.625283242987283,0.8145875930786133,0.06521174311637878,0.0386955738067626,3.138510448556276,24.27530669921337,0.9473655223846436
clic2020,clic_test_image_162.png,4,0.15,1512,2016,0.11567250356932897,31.16762030685491,0.8252534866333008,0.05858692526817322,0.0344500541687011,3.1158834876771264,24.81764376308101,0.9531293511390686
clic2020,clic_test_image_163.png,0,0.05,1365,2048,0.08161057692307692,23.485489977110245,0.6308434009552002,0.16627375781536102,0.0955487489700317,2.552053962841604,14.429871176510948,0.84352707862854
clic2020,clic_test_image_163.png,1,0.075,1365,2048,0.1262992216117216,24.80804868211404,0.6855216026306152,0.12488500773906708,0.0776766538619995,2.4767006697306444,15.75242988151473,0.8846493363380432
clic2020,clic_test_image_163.png,2,0.1,1365,2048,0.16970581501831503,25.75344726542209,0.7232352495193481,0.10218599438667297,0.068493366241455,2.4183181042131308,16.697828464822788,0.9081671237945556
clic2020,clic_test_image_163.png,3,0.125,1365,2048,0.21241414835164835,26.51237043184758,0.7522098422050476,0.08551283925771713,0.0640265345573425,2.424184008109228,17.456751631248277,0.923891305923462
clic2020,clic_test_image_163.png,4,0.15,1365,2048,0.2536687271062271,27.13248786119209,0.7748579382896423,0.07555165886878967,0.0611180067062377,2.365695634907557,18.076869060592784,0.9348597526550292
clic2020,clic_test_image_164.png,0,0.05,2016,1512,0.14388070042831946,20.261326639091163,0.5398072004318237,0.16316679120063782,0.1129258275032043,4.094782027280601,14.58544363784927,0.8330418467521667
clic2020,clic_test_image_164.png,1,0.075,2016,1512,0.23213760812967163,21.81599015633205,0.6425482630729675,0.12560805678367615,0.0997052192687988,4.2478809809152684,16.14010715509016,0.8834877610206604
clic2020,clic_test_image_164.png,2,0.1,2016,1512,0.3122060552616108,22.96599019638037,0.7100866436958313,0.10348987579345703,0.0895796418190002,4.22528511982613,17.290107195138486,0.9140143394470216
clic2020,clic_test_image_164.png,3,0.125,2016,1512,0.3873404299991602,23.89132755637851,0.7595725655555725,0.08408673852682114,0.0810557603836059,4.176357353045218,18.21544455513662,0.9350088238716124
clic2020,clic_test_image_164.png,4,0.15,2016,1512,0.455651087595532,24.63570327494376,0.7954432368278503,0.0741831511259079,0.0679441690444946,4.066618230798792,18.959820273701865,0.9482526779174804
clic2020,clic_test_image_165.png,0,0.05,1366,2048,0.03133578879941435,30.88538302072554,0.8841661214828491,0.07288004457950592,0.0634201169013977,3.6021351835983197,24.67805546190634,0.951708972454071
clic2020,clic_test_image_165.png,1,0.075,1366,2048,0.04095557284040996,32.0154990021972,0.895973801612854,0.05573670566082001,0.0479267239570617,3.4648014622602368,25.808171443378,0.96001535654068
clic2020,clic_test_image_165.png,2,0.1,1366,2048,0.05081556551976574,32.82051976954203,0.9041865468025208,0.0458608977496624,0.0426945090293884,3.5307860911448845,26.613192210722826,0.9655041098594666
clic2020,clic_test_image_165.png,3,0.125,1366,2048,0.060744189238653004,33.38904353746222,0.9102573990821838,0.03871602192521095,0.0377450585365295,3.490370820385227,27.181715978643016,0.969405233860016
clic2020,clic_test_image_165.png,4,0.15,1366,2048,0.0708787060761347,33.911475273764715,0.9159408211708068,0.03481249511241913,0.0356241464614868,3.507044505213087,27.704147714945503,0.9729351997375488
clic2020,clic_test_image_166.png,0,0.05,1345,1681,0.02548314974490755,29.95207088015888,0.7731989622116089,0.08909300714731216,0.1039603948593139,3.1999969915328874,25.087922560941195,0.8994739055633545
clic2020,clic_test_image_166.png,1,0.075,1345,1681,0.035036677141637676,30.75872823006457,0.8041296601295471,0.0717191994190216,0.0899567604064941,3.2974051003573868,25.89457991084689,0.918161690235138
clic2020,clic_test_image_166.png,2,0.1,1345,1681,0.04393914933799805,31.211026764300613,0.8172876834869385,0.06253942847251892,0.0747100710868835,3.3298630915257452,26.34687844508293,0.9272530674934388
clic2020,clic_test_image_166.png,3,0.125,1345,1681,0.05877188520729164,31.74565293851116,0.8318213820457458,0.05475949868559837,0.0667304992675781,3.140301694804885,26.88150461929347,0.938596785068512
clic2020,clic_test_image_166.png,4,0.15,1345,1681,0.07796386024427839,32.408447836786486,0.8500505685806274,0.04796314612030983,0.0597515106201171,3.029438726714611,27.544299517568803,0.9498878121376038
clic2020,clic_test_image_167.png,0,0.05,1356,2048,0.038111863938053096,28.04176540715141,0.8042129874229431,0.08096836507320404,0.0853124856948852,3.7764083368413637,22.631828827882977,0.9245309233665466
clic2020,clic_test_image_167.png,1,0.075,1356,2048,0.05288417219764012,29.360788017275773,0.8291032910346985,0.061717286705970764,0.0666491985321044,3.662553760975169,23.950851438007344,0.9400827288627625
clic2020,clic_test_image_167.png,2,0.1,1356,2048,0.06723013458702065,30.263133165318944,0.8477396965026855,0.05135482922196388,0.0559622645378112,3.634032024887193,24.853196586050515,0.9502058625221252
clic2020,clic_test_image_167.png,3,0.125,1356,2048,0.08346584623893805,31.04425021628142,0.8620773553848267,0.04263245314359665,0.0494364500045776,3.5885113506290947,25.634313637012987,0.9579043984413148
clic2020,clic_test_image_167.png,4,0.15,1356,2048,0.09846861172566372,31.6005247026053,0.8730447292327881,0.03760487586259842,0.0480950474739074,3.6669794518408123,26.19058812333687,0.9629380106925964
clic2020,clic_test_image_168.png,0,0.05,1512,2016,0.01520639119845469,31.231046357849127,0.7827264070510864,0.13258697092533112,0.0979054570198059,5.078163286654437,25.24759019499815,0.8741915822029114
clic2020,clic_test_image_168.png,1,0.075,1512,2016,0.025253002435542116,32.3321162813432,0.7984486818313599,0.10811351239681244,0.0848773717880249,4.905612193202544,26.34866011849222,0.8912925124168396
clic2020,clic_test_image_168.png,2,0.1,1512,2016,0.036653859074494,32.93324702473911,0.8054737448692322,0.09359776973724365,0.0725387334823608,4.907892668958973,26.949790861888133,0.9027841687202454
clic2020,clic_test_image_168.png,3,0.125,1512,2016,0.04794973544973545,33.4597520885197,0.8129644989967346,0.08273564279079437,0.0650733113288879,4.916115593453279,27.47629592566872,0.91313499212265
clic2020,clic_test_image_168.png,4,0.15,1512,2016,0.05826929537246998,33.87573767633462,0.8202267289161682,0.07327873259782791,0.0619629025459289,4.780583788809088,27.892281513483645,0.9209732413291932
clic2020,clic_test_image_169.png,0,0.05,1512,2016,0.02647077349458302,28.93897602376004,0.7748186588287354,0.09088727086782455,0.0842174291610717,3.5599019872144564,23.95678299769365,0.9252769947052002
clic2020,clic_test_image_169.png,1,0.075,1512,2016,0.03766166960611405,29.98462772086623,0.7914349436759949,0.07450506091117859,0.071044921875,3.4468238154724498,25.00243469479985,0.9376628994941713
clic2020,clic_test_image_169.png,2,0.1,1512,2016,0.0507947005962879,30.66556464517037,0.8030258417129517,0.06404710561037064,0.0591508150100708,3.4083994548246794,25.683371619104,0.9453851580619812
clic2020,clic_test_image_169.png,3,0.125,1512,2016,0.0641901822457378,31.31057124664468,0.8117663264274597,0.057029806077480316,0.050037682056427,3.375415183200139,26.328378220578298,0.950639009475708
clic2020,clic_test_image_169.png,4,0.15,1512,2016,0.07846749811035525,31.79657112322845,0.8195123076438904,0.05139290168881416,0.0438096523284912,3.3075396940648103,26.81437809716208,0.9545783996582032
clic2020,clic_test_image_17.png,0,0.05,1683,1683,0.016511273300620057,30.787453241893704,0.740166962146759,0.10376142710447311,0.0676543712615966,3.868130288306261,25.566942634611216,0.8904848098754883
clic2020,clic_test_image_17.png,1,0.075,1683,1683,0.021527356328656527,31.43158223573562,0.744637131690979,0.08715571463108063,0.0634908676147461,3.7554002508397986,26.211071628453126,0.898463249206543
clic2020,clic_test_image_17.png,2,0.1,1683,1683,0.02735685822610432,31.86761464630932,0.748266875743866,0.07885108143091202,0.0596289038658142,3.7761368502919312,26.64710403902683,0.9050888419151306
clic2020,clic_test_image_17.png,3,0.125,1683,1683,0.03465503308221144,32.1272612399498,0.7542082071304321,0.07250755280256271,0.0561462044715881,3.756215833783837,26.90675063266731,0.9119572043418884
clic2020,clic_test_image_17.png,4,0.15,1683,1683,0.04315074127384078,32.49147564622328,0.760413408279419,0.06674028187990189,0.0518969297409057,3.79332921234678,27.270965038940787,0.9189538359642028
clic2020,clic_test_image_170.png,0,0.05,2048,1366,0.02849903916544656,30.626947840190383,0.8610752820968628,0.06955334544181824,0.059414267539978,3.7585361700611397,21.97195477061826,0.9397599101066588
clic2020,clic_test_image_170.png,1,0.075,2048,1366,0.03834759333821376,31.78627347966203,0.8726208806037903,0.05421194061636925,0.0457642078399658,3.7332911517910943,23.13128041008991,0.9510396122932434
clic2020,clic_test_image_170.png,2,0.1,2048,1366,0.04875663433382137,32.70399388371405,0.8830999135971069,0.044962286949157715,0.0379117727279663,3.741438469888317,24.04900081414193,0.9589775204658508
clic2020,clic_test_image_170.png,3,0.125,2048,1366,0.06028664897510981,33.33956375919868,0.8892906308174133,0.038711708039045334,0.034388244152069,3.682785613994107,24.68457068962656,0.964365541934967
clic2020,clic_test_image_170.png,4,0.15,2048,1366,0.07030678074670571,33.89493313611264,0.8955966234207153,0.03470776230096817,0.0290154218673706,3.7414892349742352,25.23994006654052,0.9683644771575928
clic2020,clic_test_image_171.png,0,0.05,1365,2048,0.018343635531135532,33.03684210586891,0.897942304611206,0.061888933181762695,0.0877388715744018,5.30935358702635,27.509221180435897,0.9585554599761964
clic2020,clic_test_image_171.png,1,0.075,1365,2048,0.024902701465201467,34.10863751309857,0.905495822429657,0.04844563454389572,0.0734539031982421,5.3514044940167595,28.58101658766557,0.9671977162361144
clic2020,clic_test_image_171.png,2,0.1,1365,2048,0.03225160256410257,34.7590733284835,0.9119223952293396,0.03937969356775284,0.0622749924659729,5.1733367512755075,29.23145240305049,0.9727981686592102
clic2020,clic_test_image_171.png,3,0.125,1365,2048,0.0397378663003663,35.63169731574475,0.918612778186798,0.03331936150789261,0.0527582764625549,5.204519783808248,30.104076390311747,0.9770196080207824
clic2020,clic_test_image_171.png,4,0.15,1365,2048,0.045678800366300364,36.016766655740405,0.9210311770439148,0.029895000159740448,0.0517585277557373,5.159341329312119,30.489145730307392,0.9792017936706544
clic2020,clic_test_image_172.png,0,0.05,1512,2016,0.03600298143948938,27.256139994670093,0.780605137348175,0.0671052634716034,0.1059501767158508,5.029460070054486,23.21646828468577,0.9211590886116028
clic2020,clic_test_image_172.png,1,0.075,1512,2016,0.056526622994876964,28.47895547780673,0.8121106624603271,0.05604536458849907,0.085778534412384,5.161271450519871,24.43928376782241,0.9393072128295898
clic2020,clic_test_image_172.png,2,0.1,1512,2016,0.07858297640043672,29.335371694970224,0.8322588801383972,0.04984093829989433,0.0728078484535217,5.171032198585211,25.29569998498591,0.9498305916786194
clic2020,clic_test_image_172.png,3,0.125,1512,2016,0.10295939363399681,30.060791983994548,0.8448205590248108,0.045060355216264725,0.0646159052848815,5.075151937492818,26.02112027401024,0.9565669894218444
clic2020,clic_test_image_172.png,4,0.15,1512,2016,0.12660094902158395,30.60048459606876,0.8523731231689453,0.04114370793104172,0.0562857985496521,5.038229879997773,26.56081288608444,0.960721790790558
clic2020,clic_test_image_173.png,0,0.05,1845,1383,0.04087731983610508,27.45609586652884,0.7380985021591187,0.10793153196573257,0.0758101344108581,3.370443622103985,22.558990693562613,0.894349992275238
clic2020,clic_test_image_173.png,1,0.075,1845,1383,0.057732395111369766,28.647203878849137,0.7667191028594971,0.08440518379211426,0.064648687839508,3.3284117700077998,23.750098705882912,0.916076362133026
clic2020,clic_test_image_173.png,2,0.1,1845,1383,0.07458747038663445,29.470030085568894,0.7851824164390564,0.0699719712138176,0.0525702834129333,3.300669359980066,24.57292491260267,0.9291738867759703
clic2020,clic_test_image_173.png,3,0.125,1845,1383,0.09232041416581917,30.10673160089513,0.7986671924591064,0.06059855967760086,0.0499855279922485,3.3853264086084365,25.209626427928903,0.9383411407470704
clic2020,clic_test_image_173.png,4,0.15,1845,1383,0.10935106314186786,30.59609626590196,0.8088080286979675,0.0542813241481781,0.0456297397613525,3.381617441350367,25.69899109293573,0.9444413185119628
clic2020,clic_test_image_174.png,0,0.05,1352,1532,0.16616713272668285,18.761468007349592,0.5814559459686279,0.1646711826324463,0.1803731918334961,3.015496847720984,11.128511681548634,0.8480340838432312
clic2020,clic_test_image_174.png,1,0.075,1352,1532,0.2794274414077587,20.0329212521498,0.6755225658416748,0.11728540062904358,0.15472012758255,3.0865968726566004,12.399964926348844,0.8988956809043884
clic2020,clic_test_image_174.png,2,0.1,1352,1532,0.3855037310550466,20.94391804373453,0.7302665114402771,0.08992479741573334,0.1383039951324463,3.1361513158966408,13.310961717933578,0.9235680103302002
clic2020,clic_test_image_174.png,3,0.125,1352,1532,0.48286650084199795,21.6208673418207,0.7665035128593445,0.07533345371484756,0.1296875476837158,3.249171633555982,13.98791101601974,0.9382559657096864
clic2020,clic_test_image_174.png,4,0.15,1352,1532,0.5708050736168833,22.1301964380887,0.791032075881958,0.06516460329294205,0.1270760893821716,3.1961701611383617,14.49724011228774,0.9474282264709472
clic2020,clic_test_image_175.png,0,0.05,1365,2048,0.024170100732600733,28.03004726802969,0.8474783301353455,0.06917300820350647,0.0785248875617981,3.6178702112886802,25.81837887598175,0.926701545715332
clic2020,clic_test_image_175.png,1,0.075,1365,2048,0.04077953296703297,29.300648983007484,0.872410774230957,0.05372672528028488,0.065564751625061,3.570547302964963,27.088980590959544,0.9470155835151672
clic2020,clic_test_image_175.png,2,0.1,1365,2048,0.0553628663003663,30.32648136516817,0.891577959060669,0.04486192762851715,0.057737648487091,3.4821856763959778,28.11481297312024,0.9592302441596984
clic2020,clic_test_image_175.png,3,0.125,1365,2048,0.07177770146520146,31.206233054661865,0.9071281552314758,0.03722067177295685,0.0476682782173156,3.384753106574472,28.99456466261393,0.9676545262336732
clic2020,clic_test_image_175.png,4,0.15,1365,2048,0.08886790293040293,31.90258292476005,0.9182799458503724,0.03368531912565231,0.0426480174064636,3.4028468180846976,29.69091453271212,0.9728896021842957
clic2020,clic_test_image_176.png,0,0.05,1632,1089,0.024262230144583084,33.19535716825786,0.9316916465759276,0.05609279125928879,0.0648669004440307,6.200351990564291,25.50511091501335,0.9600341320037842
clic2020,clic_test_image_176.png,1,0.075,1632,1089,0.03135634419056879,34.918943304507586,0.9410871267318726,0.04238354414701462,0.0545785427093505,6.150597026262758,27.22869705126308,0.9700602889060974
clic2020,clic_test_image_176.png,2,0.1,1632,1089,0.03825239921496606,35.633912044156936,0.9453601837158204,0.03513310104608536,0.0530791282653808,6.159286042090962,27.94366579091244,0.9752504229545592
clic2020,clic_test_image_176.png,3,0.125,1632,1089,0.044878373755379106,36.58003786162524,0.948532223701477,0.0298018679022789,0.0487537384033203,6.142268139232985,28.889791608380733,0.9786606431007384
clic2020,clic_test_image_176.png,4,0.15,1632,1089,0.050694106843839466,37.1527520645919,0.9509297609329224,0.025771910324692726,0.0411978960037231,6.116405096353162,29.462505811347395,0.9809498190879822
clic2020,clic_test_image_177.png,0,0.05,2048,1274,0.051811469780219783,23.6085875596208,0.6516046524047852,0.1396326869726181,0.111088216304779,2.4076466599625346,20.312258789614987,0.8533352017402649
clic2020,clic_test_image_177.png,1,0.075,2048,1274,0.08839653649921507,24.805736786653583,0.7033883333206177,0.10742229223251343,0.0971438288688659,2.4434008759281403,21.50940801664777,0.8920683860778809
clic2020,clic_test_image_177.png,2,0.1,2048,1274,0.12651466836734693,25.715246544595768,0.743133544921875,0.08764294534921646,0.0860108137130737,2.286344223903969,22.418917774589964,0.9161099791526794
clic2020,clic_test_image_177.png,3,0.125,2048,1274,0.1656262264521193,26.4474703120204,0.773370623588562,0.0748119056224823,0.0850740671157836,2.2286716020257034,23.151141542014592,0.9325382709503174
clic2020,clic_test_image_177.png,4,0.15,2048,1274,0.20309433869701726,27.043231386667472,0.796115517616272,0.06651443988084793,0.0767564177513122,2.303216970427786,23.746902616661668,0.9429704546928406
clic2020,clic_test_image_178.png,0,0.05,2016,1512,0.05483644074913916,22.133293031705456,0.4030380547046661,0.19696058332920074,0.0897818207740783,1.8160661961294833,16.717332231880448,0.6954535841941833
clic2020,clic_test_image_178.png,1,0.075,2016,1512,0.10525846140925506,23.13544682178364,0.4836106300354004,0.1500241905450821,0.07040536403656,1.914528747460141,17.719486021958634,0.7803518772125244
clic2020,clic_test_image_178.png,2,0.1,2016,1512,0.16484525909129083,24.041219141080184,0.5593031048774719,0.12107578665018082,0.055032730102539,1.9070684979689443,18.625258341255183,0.8388655781745911
clic2020,clic_test_image_178.png,3,0.125,2016,1512,0.22990152851263962,24.84947623594217,0.6256514191627502,0.10236849635839462,0.0470740795135498,1.9154420785343131,19.433515436117165,0.8787539005279541
clic2020,clic_test_image_178.png,4,0.15,2016,1512,0.29400247753422354,25.52137435022104,0.677432119846344,0.08797065913677216,0.0399636626243591,1.9732473676510864,20.10541355039604,0.9043335914611816
clic2020,clic_test_image_179.png,0,0.05,1512,2016,0.02053938859494415,32.700877239374016,0.8830381631851196,0.07924580574035645,0.0806502103805542,5.053540561285303,25.517023480615784,0.94923335313797
clic2020,clic_test_image_179.png,1,0.075,1512,2016,0.02722663139329806,33.86250529196017,0.8934349417686462,0.06301789730787277,0.0674466490745544,5.111070684550805,26.678651533201933,0.959245502948761
clic2020,clic_test_image_179.png,2,0.1,1512,2016,0.03364092550600487,34.68680969023863,0.8987146615982056,0.054520122706890106,0.0613946318626403,5.12299392298849,27.5029559314804,0.9640362858772278
clic2020,clic_test_image_179.png,3,0.125,1512,2016,0.04084257159653985,35.26364986556436,0.9021563529968262,0.04805932193994522,0.0553209781646728,5.194769760939713,28.07979610680612,0.9675492644309998
clic2020,clic_test_image_179.png,4,0.15,1512,2016,0.047603300579491054,35.729491873930215,0.9054866433143616,0.04396500438451767,0.0534144639968872,5.156817981021835,28.545638115171982,0.970124900341034
clic2020,clic_test_image_18.png,0,0.05,1512,2016,0.02240803728898967,30.309729280530405,0.7644796967506409,0.11638247221708298,0.0704323053359985,3.749929996926196,24.18505361262231,0.9079337120056152
clic2020,clic_test_image_18.png,1,0.075,1512,2016,0.03415532879818594,31.28812637448138,0.7836833000183105,0.09256263077259064,0.055908977985382,3.7465864281836976,25.163450706573283,0.9228536486625672
clic2020,clic_test_image_18.png,2,0.1,1512,2016,0.04668997228521038,32.06909066423661,0.7988763451576233,0.07548797130584717,0.0480360984802246,3.6157855210766314,25.94441499632852,0.9353511333465576
clic2020,clic_test_image_18.png,3,0.125,1512,2016,0.05868921642731167,32.59665069167512,0.809249222278595,0.06455021351575851,0.0416792631149292,3.6302997577213296,26.47197502376703,0.942874014377594
clic2020,clic_test_image_18.png,4,0.15,1512,2016,0.07084593096497858,32.985863097643616,0.8176459670066833,0.05722249671816826,0.0368295907974243,3.5950171011580454,26.86118742973553,0.9479904174804688
clic2020,clic_test_image_180.png,0,0.05,1152,2048,0.05265977647569445,24.756572190159343,0.6367298364639282,0.12617367506027222,0.086540400981903,2.525413683130946,18.50894523293744,0.8804537653923035
clic2020,clic_test_image_180.png,1,0.075,1152,2048,0.07689751519097222,25.661323469572,0.6657019853591919,0.09827570617198944,0.066868245601654,2.601786892533328,19.41369651235009,0.9029287695884703
clic2020,clic_test_image_180.png,2,0.1,1152,2048,0.10178629557291667,26.33080466172722,0.6881802082061768,0.08213937282562256,0.0609095692634582,2.5111321381332408,20.08317770450532,0.918518602848053
clic2020,clic_test_image_180.png,3,0.125,1152,2048,0.12907579210069445,26.873003329627423,0.7071515917778015,0.0700959712266922,0.0543192028999328,2.4589314378519247,20.62537637240552,0.9294115900993348
clic2020,clic_test_image_180.png,4,0.15,1152,2048,0.15656873914930555,27.314892719803616,0.7240644097328186,0.06187163293361664,0.0510081648826599,2.455374876683237,21.067265762581712,0.9374022483825684
clic2020,clic_test_image_181.png,0,0.05,1512,2016,0.03195074326026707,27.701200053610883,0.6415714621543884,0.12304671108722687,0.0983583927154541,5.7353475213631295,19.512868494058544,0.7692455649375916
clic2020,clic_test_image_181.png,1,0.075,1512,2016,0.05009133282942807,28.915637865156288,0.6846659779548645,0.08725912868976593,0.0732156634330749,5.707258211226146,20.72730630560395,0.8253645896911621
clic2020,clic_test_image_181.png,2,0.1,1512,2016,0.07239963886789283,30.000775866681423,0.7313593626022339,0.06678856909275055,0.0570204854011535,5.646018615583714,21.812444307129088,0.8715426325798035
clic2020,clic_test_image_181.png,3,0.125,1512,2016,0.09688103636516335,30.986523768915376,0.7720804810523987,0.05534474551677704,0.0480455160140991,5.585246972218753,22.79819220936304,0.9024598002433776
clic2020,clic_test_image_181.png,4,0.15,1512,2016,0.12122595951961031,31.81528568466519,0.8041099309921265,0.047393202781677246,0.0411867499351501,5.656272830721952,23.626954125112857,0.9231572151184082
clic2020,clic_test_image_182.png,0,0.05,2048,1152,0.015496148003472222,34.66488423299858,0.9573990106582642,0.034735411405563354,0.0737063884735107,8.070095137488513,33.5389307887035,0.9724624752998352
clic2020,clic_test_image_182.png,1,0.075,2048,1152,0.020636664496527776,35.99677403401878,0.9616857767105104,0.025729995220899582,0.0606874227523803,8.158210586322763,34.8708205897237,0.9778591990470886
clic2020,clic_test_image_182.png,2,0.1,2048,1152,0.025343153211805556,36.922976285015366,0.964155912399292,0.020760785788297653,0.0553100109100341,8.492880377049767,35.79702284072029,0.9813804030418396
clic2020,clic_test_image_182.png,3,0.125,2048,1152,0.030049641927083332,37.68103281288512,0.9663390517234802,0.017884958535432816,0.0467778444290161,8.434357469262126,36.55507936859005,0.9835937023162842
clic2020,clic_test_image_182.png,4,0.15,2048,1152,0.03470187717013889,38.09178698115991,0.9678189754486084,0.01582689769566059,0.042210042476654,8.353063723535577,36.96583353686484,0.9849392771720886
clic2020,clic_test_image_183.png,0,0.05,2016,1512,0.03220269589317208,28.794060377635887,0.8467718362808228,0.07041409611701965,0.0718467235565185,3.4165050375656523,23.31501704096629,0.946474015712738
clic2020,clic_test_image_183.png,1,0.075,2016,1512,0.03911039724531788,29.90014755762605,0.8607868552207947,0.05781229957938194,0.0560507178306579,3.377619487325017,24.42110422095645,0.9549629092216492
clic2020,clic_test_image_183.png,2,0.1,2016,1512,0.050878684807256234,30.84095425643528,0.8701875805854797,0.05061069875955582,0.0476850271224975,3.4594792838700092,25.361910919765688,0.9598584771156312
clic2020,clic_test_image_183.png,3,0.125,2016,1512,0.06402221382380112,31.522733484517893,0.8760111331939697,0.04468827322125435,0.0426003336906433,3.4404779619775074,26.04369014784829,0.9632131457328796
clic2020,clic_test_image_183.png,4,0.15,2016,1512,0.07715524481397497,32.068647468266455,0.8806018829345703,0.039810843765735626,0.0355271697044372,3.4218295890744836,26.58960413159686,0.9656172394752502
clic2020,clic_test_image_184.png,0,0.05,2048,1365,0.020484203296703297,33.458702896425216,0.9430993795394896,0.05109930410981178,0.0674401521682739,5.531289681854891,31.371124083608905,0.9619185328483582
clic2020,clic_test_image_184.png,1,0.075,2048,1365,0.027283653846153846,34.81849711611916,0.9499589204788208,0.039093855768442154,0.0570200085639953,5.472873254100122,32.73091830330286,0.970723569393158
clic2020,clic_test_image_184.png,2,0.1,2048,1365,0.03387706043956044,35.77560840870584,0.9545798897743224,0.032418400049209595,0.0477707982063293,5.424393133068626,33.68802959588953,0.9759340286254884
clic2020,clic_test_image_184.png,3,0.125,2048,1365,0.04087110805860806,36.5379802744995,0.9582152366638184,0.02809075452387333,0.0446069240570068,5.44237280669759,34.450401461683185,0.97979998588562
clic2020,clic_test_image_184.png,4,0.15,2048,1365,0.04737293956043956,37.01746974652648,0.9604480266571044,0.024913735687732697,0.0414242148399353,5.529384626729096,34.92989093371017,0.9820875525474548
clic2020,clic_test_image_185.png,0,0.05,1141,1706,0.08305994309921266,24.98264068786775,0.756702721118927,0.10979464650154114,0.111127495765686,3.9487098059599077,18.32609449731129,0.9022090435028076
clic2020,clic_test_image_185.png,1,0.075,1141,1706,0.11656338971696534,26.451455140325443,0.8026331663131714,0.0796339139342308,0.0859860181808471,4.0411972133243035,19.794908949768985,0.9309448599815368
clic2020,clic_test_image_185.png,2,0.1,1141,1706,0.1477982025598162,27.44529369589793,0.8287500143051147,0.06380339711904526,0.0799897313117981,3.944077626845875,20.78874750534148,0.9458885192871094
clic2020,clic_test_image_185.png,3,0.125,1141,1706,0.17919740915447155,28.20090628756392,0.8459945917129517,0.053902219980955124,0.0749353766441345,3.8863573157054683,21.544360097007456,0.95506352186203
clic2020,clic_test_image_185.png,4,0.15,1141,1706,0.2099061619915481,28.8265142297896,0.8592413663864136,0.04666556045413017,0.0692224502563476,3.8511090880326386,22.169968039233147,0.9612826704978944
clic2020,clic_test_image_186.png,0,0.05,2048,1535,0.026908591205211725,31.140791397907822,0.8921636343002319,0.05931805446743965,0.0504858493804931,4.824891437974766,26.81639744685296,0.9549347758293152
clic2020,clic_test_image_186.png,1,0.075,2048,1535,0.036080008143322476,32.44683154712744,0.9089529514312744,0.044009629637002945,0.0416548252105712,4.733736294948883,28.122437596072565,0.96647709608078
clic2020,clic_test_image_186.png,2,0.1,2048,1535,0.04529214169381107,33.36094710798832,0.9180440306663512,0.0351867713034153,0.0351282358169555,4.671245041118028,29.036553156933444,0.9729601740837096
clic2020,clic_test_image_186.png,3,0.125,2048,1535,0.05416836319218241,34.12410580104161,0.9261753559112548,0.030244894325733185,0.033644676208496,4.6724207497945045,29.799711849986743,0.9773184657096864
clic2020,clic_test_image_186.png,4,0.15,2048,1535,0.06875508957654723,34.719458174355545,0.9309133291244508,0.02593139186501503,0.0294375419616699,4.566901520150957,30.395064223300675,0.9799797534942628
clic2020,clic_test_image_187.png,0,0.05,1365,2048,0.021296932234432235,31.62608845970384,0.8183816075325012,0.06977424770593643,0.0859732627868652,5.099772609531796,18.14831101951157,0.9483757615089417
clic2020,clic_test_image_187.png,1,0.075,1365,2048,0.030877976190476192,32.64566768322759,0.8207812905311584,0.0591503269970417,0.0732272863388061,5.009486810349286,19.16789024303533,0.9554426074028016
clic2020,clic_test_image_187.png,2,0.1,1365,2048,0.040882554945054946,33.28026496875034,0.8288148045539856,0.05146966874599457,0.0634154081344604,5.0365861249093635,19.80248752855807,0.959587335586548
clic2020,clic_test_image_187.png,3,0.125,1365,2048,0.05001717032967033,33.81050885151063,0.8332143425941467,0.0454523079097271,0.0564754605293273,5.048730246919568,20.33273141131837,0.961916446685791
clic2020,clic_test_image_187.png,4,0.15,1365,2048,0.056667811355311355,34.122410732910375,0.8325405120849609,0.04180628061294556,0.0521146655082702,5.070707140636722,20.644633292718105,0.9633085131645204
clic2020,clic_test_image_188.png,0,0.05,1365,2048,0.015916895604395603,31.271019543594463,0.921256959438324,0.04186796769499779,0.0768644213676452,4.595429591900159,24.09328583326461,0.967430830001831
clic2020,clic_test_image_188.png,1,0.075,1365,2048,0.022063873626373628,32.18729364005176,0.9280768036842346,0.033575545996427536,0.0674071311950683,4.470238342302173,25.009559929721902,0.9740355014801024
clic2020,clic_test_image_188.png,2,0.1,1365,2048,0.028565705128205127,33.06527665067223,0.9344710111618042,0.028240559622645378,0.0597832798957824,4.3483003103032845,25.88754294034237,0.9782519340515136
clic2020,clic_test_image_188.png,3,0.125,1365,2048,0.035754349816849815,33.78141900773299,0.93975168466568,0.024377450346946716,0.0530693531036376,4.3397055194963405,26.60368529740313,0.9813213348388672
clic2020,clic_test_image_188.png,4,0.15,1365,2048,0.04399610805860806,34.256566402978656,0.9436779618263244,0.022432906553149223,0.0506291389465332,4.355162897406017,27.0788326926488,0.983406126499176
clic2020,clic_test_image_189.png,0,0.05,2016,1512,0.047141387419165195,24.321808619689943,0.7135167717933655,0.11766237020492554,0.0998485684394836,2.228283976816652,20.75054808235171,0.8764247894287109
clic2020,clic_test_image_189.png,1,0.075,2016,1512,0.08244625010498026,25.63290388361728,0.7652407884597778,0.08852283656597137,0.0858035683631897,2.1744507603072014,22.061643346279048,0.9144086837768556
clic2020,clic_test_image_189.png,2,0.1,2016,1512,0.11898987990257831,26.671756674071894,0.8042333126068115,0.07073026895523071,0.0706223845481872,2.1713475341186723,23.100496136733657,0.9360289573669434
clic2020,clic_test_image_189.png,3,0.125,2016,1512,0.15416876627194087,27.476518411804257,0.8315707445144653,0.06091967970132828,0.0632840394973754,2.152294287346546,23.905257874466024,0.9493773579597472
clic2020,clic_test_image_189.png,4,0.15,2016,1512,0.18699609473418996,28.125522657981147,0.8513466715812683,0.05261249095201492,0.0563551187515258,2.225029318379416,24.55426212064292,0.957940399646759
clic2020,clic_test_image_19.png,0,0.05,1512,2016,0.024350172167632484,26.9828874722505,0.7698315382003784,0.0872572734951973,0.106023371219635,2.909543506144857,24.253514379008088,0.9081015586853028
clic2020,clic_test_image_19.png,1,0.075,1512,2016,0.040254682119761485,28.16234869169297,0.7905238270759583,0.0682358667254448,0.0865373611450195,3.023582564657625,25.43297559845056,0.930369794368744
clic2020,clic_test_image_19.png,2,0.1,1512,2016,0.057838876291257245,29.09244434789357,0.8117689490318298,0.0584566593170166,0.0783621072769165,2.9742016263205002,26.363071254651164,0.9448142051696776
clic2020,clic_test_image_19.png,3,0.125,1512,2016,0.07748068363147728,29.710919503151448,0.829809308052063,0.04978484287858009,0.0709181427955627,2.876738158823839,26.98154640990904,0.9547691941261292
clic2020,clic_test_image_19.png,4,0.15,1512,2016,0.09737444360460233,30.447977807617825,0.8447446823120117,0.04510350525379181,0.0677130222320556,2.8443233991509276,27.718604714375413,0.9616147875785828
clic2020,clic_test_image_190.png,0,0.05,2016,1512,0.06198559670781893,21.31283975755199,0.4513516426086426,0.19176818430423737,0.1153857111930847,2.6369532219024836,13.784542689349292,0.7342555522918701
clic2020,clic_test_image_190.png,1,0.075,2016,1512,0.1310626102292769,22.683191874876304,0.5583094358444214,0.14829713106155396,0.0953688025474548,2.6166769363868556,15.154894806673603,0.8242362141609192
clic2020,clic_test_image_190.png,2,0.1,2016,1512,0.19872239019064417,23.72933953930122,0.6356802582740784,0.12361949682235718,0.082008421421051,2.5297875627980213,16.201042471098518,0.873177707195282
clic2020,clic_test_image_190.png,3,0.125,2016,1512,0.26447152935248175,24.52701381079824,0.6909529566764832,0.10405687242746353,0.0678127408027648,2.5801895310493683,16.99871674259554,0.9027482867240906
clic2020,clic_test_image_190.png,4,0.15,2016,1512,0.3253075921726715,25.185911903937217,0.7313925623893738,0.0924026370048523,0.0620132088661193,2.65147409825163,17.65761483573452,0.9215986728668212
clic2020,clic_test_image_191.png,0,0.05,2048,1299,0.03919481331793687,23.421500722005884,0.4526515305042267,0.16850659251213074,0.111731469631195,3.862317837609335,16.791191644002797,0.7158185839653015
clic2020,clic_test_image_191.png,1,0.075,2048,1299,0.06234964395688992,23.940962994547448,0.4812510311603546,0.13436052203178406,0.0917779207229614,3.8769159688145933,17.31065391654436,0.7539193630218506
clic2020,clic_test_image_191.png,2,0.1,2048,1299,0.10093701886066204,24.5863498736936,0.5310008525848389,0.11096220463514328,0.0770792365074157,3.9781486501973626,17.956040795690516,0.7980485558509827
clic2020,clic_test_image_191.png,3,0.125,2048,1299,0.1495441204772902,25.178925424910435,0.5805307030677795,0.09409679472446442,0.0680248141288757,4.068528823814401,18.548616346907348,0.8335909843444824
clic2020,clic_test_image_191.png,4,0.15,2048,1299,0.19978709584295612,25.668995966492403,0.621536374092102,0.08414283394813538,0.0651875734329223,4.046891741892585,19.038686888489323,0.8584620356559753
clic2020,clic_test_image_192.png,0,0.05,1800,1200,0.03514814814814815,30.02583381292192,0.8618565797805786,0.06514260172843933,0.0488640069961547,4.38548341285677,26.936863765625183,0.9369052052497864
clic2020,clic_test_image_192.png,1,0.075,1800,1200,0.047296296296296295,31.2641195730856,0.8818872570991516,0.048152901232242584,0.0398536920547485,4.418321141361696,28.175149525788868,0.9504435658454896
clic2020,clic_test_image_192.png,2,0.1,1800,1200,0.0587037037037037,32.280149621165336,0.8988281488418579,0.0393669456243515,0.033855140209198,4.4637500576326135,29.191179573868613,0.9593690037727356
clic2020,clic_test_image_192.png,3,0.125,1800,1200,0.07098518518518518,33.053826869594275,0.911278247833252,0.03305033966898918,0.0289220809936523,4.545097633071487,29.96485682229754,0.9655556082725524
clic2020,clic_test_image_192.png,4,0.15,1800,1200,0.08221481481481481,33.67733829125205,0.9202827215194702,0.028532179072499275,0.0246245265007019,4.667469580229301,30.588368243955323,0.9695436358451844
clic2020,clic_test_image_193.png,0,0.05,1512,2016,0.017180020156210632,31.633695191272835,0.8563544750213623,0.07481284439563751,0.0758348703384399,6.245323420076654,26.24832834156676,0.9601547718048096
clic2020,clic_test_image_193.png,1,0.075,1512,2016,0.022250566893424036,32.5949697670415,0.8629129528999329,0.06516440212726593,0.0633317828178405,6.291489100015284,27.209602917335424,0.9641764760017396
clic2020,clic_test_image_193.png,2,0.1,1512,2016,0.02890631561266482,33.50263001256409,0.8660078644752502,0.056910328567028046,0.0575636029243469,6.260153515850026,28.11726316285801,0.9666292667388916
clic2020,clic_test_image_193.png,3,0.125,1512,2016,0.036695851179978166,34.07225130731517,0.8681024312973022,0.050749797374010086,0.0514642000198364,6.2606973457287864,28.686884457609096,0.968398094177246
clic2020,clic_test_image_193.png,4,0.15,1512,2016,0.04371903082220543,34.3426000307804,0.8701124787330627,0.04629296809434891,0.0497421026229858,6.233899151399718,28.95723318107433,0.969599425792694
clic2020,clic_test_image_194.png,0,0.05,1512,2016,0.03939384395733602,27.18032769748339,0.7457016706466675,0.11617451906204224,0.0725308656692504,2.590467076383347,21.9341170701963,0.8874537348747253
clic2020,clic_test_image_194.png,1,0.075,1512,2016,0.0577548920802889,28.3854506266448,0.7781840562820435,0.09135226160287857,0.0605870485305786,2.6564153858413695,23.13923999935772,0.912802755832672
clic2020,clic_test_image_194.png,2,0.1,1512,2016,0.07654635928445452,29.23052676029429,0.7995448112487793,0.07587196677923203,0.0517013669013977,2.6609073708003774,23.9843161330072,0.9277908205986024
clic2020,clic_test_image_194.png,3,0.125,1512,2016,0.09641912320483749,29.896735910226635,0.8146834373474121,0.06437124311923981,0.0454376339912414,2.7194685153277502,24.650525282939547,0.9380403161048888
clic2020,clic_test_image_194.png,4,0.15,1512,2016,0.11594545225497606,30.44455667790256,0.8263494372367859,0.059087175875902176,0.0435061454772949,2.67718480076673,25.19834605061547,0.9450170993804932
clic2020,clic_test_image_195.png,0,0.05,1524,1905,0.02662423102623983,30.694699788513656,0.8483819961547852,0.08745855838060379,0.0626673698425293,3.746969517758966,23.533690082842963,0.9288976788520812
clic2020,clic_test_image_195.png,1,0.075,1524,1905,0.037216607766548865,31.92063076261966,0.8668707609176636,0.0680009126663208,0.051304817199707,3.61301724125559,24.75962105694897,0.9460868239402772
clic2020,clic_test_image_195.png,2,0.1,1524,1905,0.047996362659391986,32.77867475111486,0.8804911971092224,0.0559268482029438,0.0439111590385437,3.622250245590885,25.617665045444177,0.9566879272460938
clic2020,clic_test_image_195.png,3,0.125,1524,1905,0.05923905181143695,33.48029493504279,0.8914303779602051,0.04797932133078575,0.0376603603363037,3.644412089812546,26.3192852293721,0.9638051986694336
clic2020,clic_test_image_195.png,4,0.15,1524,1905,0.07036049627654811,34.03783704410878,0.899133026599884,0.0420389287173748,0.0349900722503662,3.631679878743879,26.876827338438083,0.9685962200164796
clic2020,clic_test_image_196.png,0,0.05,2016,1512,0.041902872260015114,23.01590079144926,0.4868931174278259,0.2033264935016632,0.1042413711547851,2.2847224834123248,16.981318177774142,0.7570395469665527
clic2020,clic_test_image_196.png,1,0.075,2016,1512,0.08209981523473588,24.013363488687524,0.5476601719856262,0.16022874414920807,0.0893160104751586,2.1836898444841086,17.978780875012404,0.8199658989906311
clic2020,clic_test_image_196.png,2,0.1,2016,1512,0.13001280759217268,24.88410424892109,0.6039167046546936,0.13058771193027496,0.0727879405021667,2.161064200710743,18.84952163524597,0.8625580668449402
clic2020,clic_test_image_196.png,3,0.125,2016,1512,0.17996241706559166,25.613374462827743,0.6502482295036316,0.11386818438768387,0.0739713907241821,2.0334989587246164,19.578791849152623,0.891435444355011
clic2020,clic_test_image_196.png,4,0.15,2016,1512,0.2285997732426304,26.19742511729752,0.6859573721885681,0.10055703669786453,0.0669857859611511,2.0196970709293987,20.1628425036224,0.9104950428009032
clic2020,clic_test_image_197.png,0,0.05,1574,1967,0.04155477707458969,27.990086300747787,0.8480331301689148,0.08087770640850067,0.0526025295257568,3.1663057105557497,21.74977097829477,0.9327187538146972
clic2020,clic_test_image_197.png,1,0.075,1574,1967,0.057709513193874275,29.251387254949726,0.867457389831543,0.061215661466121674,0.0448487997055053,3.0916084673616457,23.011071932496705,0.9481534957885742
clic2020,clic_test_image_197.png,2,0.1,1574,1967,0.07318209154996451,30.16803540001424,0.8802070617675781,0.050227388739585876,0.0390658378601074,3.0722742490968744,23.92772007756121,0.9573140144348145
clic2020,clic_test_image_197.png,3,0.125,1574,1967,0.08900608451133668,30.844938844178,0.888523519039154,0.04325394332408905,0.0348445773124694,3.062126706896721,24.60462352172498,0.9630618095397948
clic2020,clic_test_image_197.png,4,0.15,1574,1967,0.10388952661739541,31.38530245269588,0.8952802419662476,0.037973225116729736,0.0318876504898071,3.023600901288726,25.14498713024286,0.9670469760894777
clic2020,clic_test_image_198.png,0,0.05,2016,1512,0.054983413118333754,24.80598438200014,0.7824440002441406,0.078175850212574,0.0771689414978027,2.9293245922640914,20.37581971895445,0.9245132803916932
clic2020,clic_test_image_198.png,1,0.075,2016,1512,0.08464033761652809,26.18441803668537,0.8277981877326965,0.05761253088712692,0.059301733970642,2.9511999875577883,21.75425337363968,0.9468621611595154
clic2020,clic_test_image_198.png,2,0.1,2016,1512,0.11377236079617031,27.268063960972366,0.8575209379196167,0.045360226184129715,0.0486337542533874,2.9885326161771615,22.83789929792668,0.9594897627830504
clic2020,clic_test_image_198.png,3,0.125,2016,1512,0.1424949609473419,28.08049784432876,0.8776367902755737,0.03850628435611725,0.0402703285217285,3.0095877413371266,23.650333181283067,0.967262089252472
clic2020,clic_test_image_198.png,4,0.15,2016,1512,0.1696323591164861,28.73095871762733,0.8923336267471313,0.03395039588212967,0.0364537835121154,3.0322140440761824,24.30079405458164,0.9721886515617372
clic2020,clic_test_image_199.png,0,0.05,2048,1152,0.020867241753472224,27.05453372487333,0.5506765842437744,0.1652514636516571,0.0908272266387939,3.7373506881643364,24.204067948863923,0.7992150783538818
clic2020,clic_test_image_199.png,1,0.075,2048,1152,0.031731499565972224,27.30335841560745,0.5531347393989563,0.14522340893745422,0.0818139314651489,3.8175493211546914,24.452892639598048,0.8137636184692383
clic2020,clic_test_image_199.png,2,0.1,2048,1152,0.04559326171875,27.55051908615968,0.560377299785614,0.125615656375885,0.0791249275207519,3.902420864372485,24.70005331015028,0.8272881507873535
clic2020,clic_test_image_199.png,3,0.125,2048,1152,0.05828857421875,27.782839778063853,0.5688355565071106,0.1143198013305664,0.0775596499443054,3.9222942590426317,24.932374002054445,0.8416025042533875
clic2020,clic_test_image_199.png,4,0.15,2048,1152,0.07384575737847222,27.99649628234537,0.5793450474739075,0.10577815771102905,0.0676536560058593,3.861799314641664,25.146030506335965,0.8565365672111511
clic2020,clic_test_image_2.png,0,0.05,1512,2016,0.03377739984882842,28.91072013841579,0.8460192084312439,0.07986730337142944,0.1074669957160949,3.2359733364900545,23.918940232366,0.9396602511405944
clic2020,clic_test_image_2.png,1,0.075,1512,2016,0.04775027294868565,30.21344419088427,0.8684917092323303,0.06025628745555878,0.0909660458564758,3.253136253136395,25.22166428483448,0.9540587067604064
clic2020,clic_test_image_2.png,2,0.1,1512,2016,0.06067334341143865,31.090624323553687,0.8820382356643677,0.0495683029294014,0.0759673118591308,3.2912660730168453,26.098844417503887,0.9614047408103944
clic2020,clic_test_image_2.png,3,0.125,1512,2016,0.07417380532459898,31.781640308325425,0.8912303447723389,0.04262150824069977,0.0721923112869262,3.2524526182057873,26.78986040227563,0.9663140177726746
clic2020,clic_test_image_2.png,4,0.15,1512,2016,0.0880207021080037,32.35599931374693,0.898655891418457,0.037137534469366074,0.0656986832618713,3.2282440141396327,27.36421940769713,0.9697453379631042
clic2020,clic_test_image_20.png,0,0.05,2048,1365,0.02402129120879121,26.557920341079363,0.6931923031806946,0.1273026168346405,0.0934363603591919,2.6121591247569356,22.883836330909165,0.8663415312767029
clic2020,clic_test_image_20.png,1,0.075,2048,1365,0.03859317765567766,27.2682794681598,0.7155162692070007,0.10322734713554382,0.0798149108886718,2.5898714896362587,23.594195457989592,0.8890135288238525
clic2020,clic_test_image_20.png,2,0.1,2048,1365,0.0568853021978022,27.968156996027407,0.7390080094337463,0.08835132420063019,0.0689989924430847,2.5432132044089832,24.29407298585721,0.9076686501502992
clic2020,clic_test_image_20.png,3,0.125,2048,1365,0.08006524725274725,28.602999312041533,0.7620792984962463,0.07719700783491135,0.0644429326057434,2.4621347824945747,24.92891530187133,0.9225686192512512
clic2020,clic_test_image_20.png,4,0.15,2048,1365,0.10539720695970696,29.170734883849548,0.7826523184776306,0.06734251230955124,0.0593365430831909,2.4571483433513315,25.496650873679343,0.9341001510620116
clic2020,clic_test_image_200.png,0,0.05,1512,2016,0.022796464264718232,29.23178216103373,0.7829331755638123,0.1336170881986618,0.0791727304458618,3.978032065794432,23.929300399381745,0.8912063241004944
clic2020,clic_test_image_200.png,1,0.075,1512,2016,0.035488578147308304,30.402287131983503,0.8011450171470642,0.11517143994569778,0.0676513314247131,3.929556592580265,25.09980537033152,0.9077065587043762
clic2020,clic_test_image_200.png,2,0.1,1512,2016,0.04865310321659528,31.16604694841882,0.8142789602279663,0.10110225528478622,0.0599951148033142,3.9901978106600877,25.863565186766834,0.9183576107025146
clic2020,clic_test_image_200.png,3,0.125,1512,2016,0.06255249013185521,31.864072398175235,0.8239902257919312,0.08988482505083084,0.0565355420112609,3.9720970071435904,26.561590636523245,0.9260792136192322
clic2020,clic_test_image_200.png,4,0.15,1512,2016,0.07694528428655413,32.44693697292238,0.8320838212966919,0.0813356563448906,0.0525740385055542,3.9306699999329293,27.1444552112704,0.93210631608963
clic2020,clic_test_image_201.png,0,0.05,2048,1365,0.036727335164835166,28.728588988006525,0.6865540146827698,0.12910214066505432,0.1159068346023559,4.717492225476048,19.998778270764653,0.806431770324707
clic2020,clic_test_image_201.png,1,0.075,2048,1365,0.05653044871794872,29.8201939529625,0.7216104865074158,0.1021822839975357,0.1002957820892334,4.613563575576395,21.09038323572063,0.8485307097434998
clic2020,clic_test_image_201.png,2,0.1,2048,1365,0.0752918956043956,30.75262770594028,0.7555503845214844,0.08524954319000244,0.0933710932731628,4.49350331947976,22.022816988698413,0.8812856078147888
clic2020,clic_test_image_201.png,3,0.125,2048,1365,0.09606799450549451,31.571885974676995,0.7834824919700623,0.07174384593963623,0.0814284682273864,4.527532566800315,22.842075257435127,0.9040171504020692
clic2020,clic_test_image_201.png,4,0.15,2048,1365,0.11677541208791209,32.23493053890705,0.8051464557647705,0.06397736072540283,0.0747127532958984,4.541550711914393,23.505119821665176,0.9192563891410828
clic2020,clic_test_image_202.png,0,0.05,1536,2048,0.024592081705729168,28.469598453775763,0.8205308318138123,0.0688234344124794,0.0742228627204895,3.4057076325886757,23.75558703937947,0.9432165026664734
clic2020,clic_test_image_202.png,1,0.075,1536,2048,0.038091023763020836,29.544405722021768,0.8390862345695496,0.05278085917234421,0.0572349429130554,3.479826031061375,24.830394307625472,0.9548640251159668
clic2020,clic_test_image_202.png,2,0.1,1536,2048,0.0527496337890625,30.30028956814345,0.8495983481407166,0.04265419766306877,0.0520133972167968,3.421910247584021,25.586278153747163,0.9619441032409668
clic2020,clic_test_image_202.png,3,0.125,1536,2048,0.06757100423177083,30.911710077673483,0.8608768582344055,0.03691907972097397,0.0436778664588928,3.4053482912637265,26.197698663277183,0.967060089111328
clic2020,clic_test_image_202.png,4,0.15,1536,2048,0.08135477701822917,31.41107683238748,0.8686251044273376,0.032935433089733124,0.0404455661773681,3.368077016847615,26.697065417991176,0.9703831076622008
clic2020,clic_test_image_203.png,0,0.05,1365,2048,0.019362408424908426,32.37000112260171,0.9324554204940796,0.0337597131729126,0.0749058127403259,4.300922172123237,31.22752284843498,0.9701126217842102
clic2020,clic_test_image_203.png,1,0.075,1365,2048,0.029389880952380952,33.64186448077057,0.9401721358299256,0.026388095691800117,0.0601074695587158,4.14496191041683,32.49938620660384,0.976283073425293
clic2020,clic_test_image_203.png,2,0.1,1365,2048,0.02743246336996337,34.29468436094922,0.9464924931526184,0.021719342097640038,0.0539531111717224,4.072951450899054,33.152206086782485,0.980854332447052
clic2020,clic_test_image_203.png,3,0.125,1365,2048,0.0428628663003663,35.20238979378479,0.95038241147995,0.019078407436609268,0.0486596226692199,4.095289456979713,34.059911519618055,0.9832596778869628
clic2020,clic_test_image_203.png,4,0.15,1365,2048,0.039428800366300365,35.683391088413934,0.9542981386184692,0.016424912959337234,0.0470349192619323,4.020306507004891,34.54091281424721,0.98542982339859
clic2020,clic_test_image_204.png,0,0.05,1512,2016,0.028433904425967917,28.010369088672395,0.6184929013252258,0.17137305438518524,0.0819056034088134,3.711473996580522,23.857731752448792,0.8114798665046692
clic2020,clic_test_image_204.png,1,0.075,1512,2016,0.04420194003527337,28.89776207095653,0.646210253238678,0.13913008570671082,0.0685025453567504,3.6614463273612543,24.745124734732936,0.8482416272163391
clic2020,clic_test_image_204.png,2,0.1,1512,2016,0.06203808683967414,29.58647729742741,0.6696417331695557,0.11522410064935684,0.0610556006431579,3.6146609052487175,25.433839961203816,0.8733862042427063
clic2020,clic_test_image_204.png,3,0.125,1512,2016,0.08025216259343243,30.109927902299827,0.6889016032218933,0.09969604760408401,0.0544513463973999,3.5999589318110017,25.957290566076225,0.8917525410652161
clic2020,clic_test_image_204.png,4,0.15,1512,2016,0.09940056269421349,30.563638742680727,0.7060537934303284,0.08799967169761658,0.0503716468811035,3.613985128204289,26.411001406457125,0.9058558344841005
clic2020,clic_test_image_205.png,0,0.05,2048,1350,0.01620949074074074,31.94233093589397,0.8764855265617371,0.06808426231145859,0.0957751870155334,3.9912129329539927,21.6395259712521,0.936809539794922
clic2020,clic_test_image_205.png,1,0.075,2048,1350,0.02279513888888889,32.77164622063447,0.8868593573570251,0.05500280112028122,0.0810077190399169,4.010944916261286,22.4688412559926,0.948310136795044
clic2020,clic_test_image_205.png,2,0.1,2048,1350,0.030457175925925926,33.61820023010699,0.8977196216583252,0.044396042823791504,0.071332573890686,4.116020454627285,23.315395265465124,0.957620084285736
clic2020,clic_test_image_205.png,3,0.125,2048,1350,0.03929976851851852,34.538280935092644,0.9078209400177002,0.03695021942257881,0.0597243905067443,4.155439416881783,24.235475970450764,0.9649626612663268
clic2020,clic_test_image_205.png,4,0.15,2048,1350,0.04912615740740741,35.167180146059046,0.9158046245574952,0.03353250399231911,0.0532108545303344,4.139917229354846,24.86437518141717,0.9702492356300354
clic2020,clic_test_image_206.png,0,0.05,1529,2048,0.052561927730542836,26.239670214527905,0.7234477400779724,0.10130751132965088,0.0805391073226928,2.7792370976533407,23.362692515749828,0.9078120589256288
clic2020,clic_test_image_206.png,1,0.075,1529,2048,0.07525854316546762,27.4878616936476,0.764406144618988,0.07440564036369324,0.064637005329132,2.7112117586888367,24.610883994869525,0.9308738708496094
clic2020,clic_test_image_206.png,2,0.1,1529,2048,0.09719894538914323,28.38765882821196,0.7894940972328186,0.06031833589076996,0.0538752079010009,2.660890159116986,25.51068112943388,0.9434472918510436
clic2020,clic_test_image_206.png,3,0.125,1529,2048,0.11939482504905166,29.097344975907188,0.808420717716217,0.050699472427368164,0.0466958284378051,2.6881900186439474,26.220367277129107,0.9519877433776855
clic2020,clic_test_image_206.png,4,0.15,1529,2048,0.14167245748855462,29.65441818467438,0.8215606808662415,0.04339147359132767,0.0463124513626098,2.702187539676837,26.777440485896303,0.9574999809265136
clic2020,clic_test_image_207.png,0,0.05,1512,2016,0.011773536575123877,35.05706038454135,0.905384123325348,0.07259964197874069,0.0786306262016296,6.618162970938376,25.36987486730436,0.9658815264701844
clic2020,clic_test_image_207.png,1,0.075,1512,2016,0.014849458301839254,36.14392022877198,0.9064972400665284,0.06330029666423798,0.0711432099342346,6.587919133818149,26.456734711534978,0.9676271080970764
clic2020,clic_test_image_207.png,2,0.1,1512,2016,0.018870202401948432,36.49452912474556,0.9051402807235718,0.0566866509616375,0.0618262887001037,6.783694523677824,26.807343607508564,0.9688627123832704
clic2020,clic_test_image_207.png,3,0.125,1512,2016,0.023636306374401613,36.95714858492764,0.9053956270217896,0.051740169525146484,0.0627471208572387,6.875658243214895,27.26996306769064,0.9701502323150636
clic2020,clic_test_image_207.png,4,0.15,1512,2016,0.027573066263542455,37.11870593363748,0.9049517512321472,0.049344636499881744,0.0658208727836608,6.729430938604109,27.43152041640048,0.9708082675933838
clic2020,clic_test_image_208.png,0,0.05,2016,1512,0.042154824892920134,25.117003788683284,0.7193470001220703,0.11798311769962311,0.1014760136604309,2.3622765754290325,19.976088464196696,0.866202175617218
clic2020,clic_test_image_208.png,1,0.075,2016,1512,0.070698958595784,26.356935349035545,0.75611811876297,0.09413124620914459,0.0819984674453735,2.3233813259783247,21.21602002454896,0.897120475769043
clic2020,clic_test_image_208.png,2,0.1,2016,1512,0.09943205677332662,27.25696784611668,0.7830808758735657,0.07960432767868042,0.0728664398193359,2.3334232043361047,22.11605252163009,0.9162306189537048
clic2020,clic_test_image_208.png,3,0.125,2016,1512,0.1298658352229781,27.98651594492277,0.804338276386261,0.06906004250049591,0.0652639865875244,2.2710262828081573,22.84560062043618,0.93057781457901
clic2020,clic_test_image_208.png,4,0.15,2016,1512,0.1584519610313261,28.56808251170602,0.8220438957214355,0.06175230070948601,0.0553760528564453,2.2531008649699693,23.427167187219435,0.9405669569969176
clic2020,clic_test_image_209.png,0,0.05,1512,2016,0.03188775510204082,27.38092189258324,0.7150083184242249,0.12343768775463104,0.090829849243164,2.91613836506926,21.65595585765249,0.8784852027893066
clic2020,clic_test_image_209.png,1,0.075,1512,2016,0.049398463088939276,28.4697833379477,0.7446627020835876,0.09862750768661499,0.0740464329719543,2.815653097764584,22.74481730301695,0.9059479832649232
clic2020,clic_test_image_209.png,2,0.1,1512,2016,0.06849437305786513,29.355881075464648,0.7646881937980652,0.08267123252153397,0.0675221681594848,2.8177224707058284,23.630915040533903,0.9224184155464172
clic2020,clic_test_image_209.png,3,0.125,1512,2016,0.08764277315864617,29.983134242476567,0.7808219790458679,0.07230237871408463,0.0555235147476196,2.733502601238366,24.258168207545825,0.9338272213935852
clic2020,clic_test_image_209.png,4,0.15,1512,2016,0.10642374233644075,30.521089771545093,0.7937921285629272,0.06513337790966034,0.0525493025779724,2.730081913183322,24.796123736614348,0.941965878009796
clic2020,clic_test_image_21.png,0,0.05,2016,1512,0.04685794070714706,26.845899902950563,0.7703080177307129,0.1188524141907692,0.0804861187934875,5.368649737835029,22.85272063842488,0.897742748260498
clic2020,clic_test_image_21.png,1,0.075,2016,1512,0.07292454018644495,28.711566911983603,0.8314211368560791,0.0911019966006279,0.0733131766319274,5.64565400233395,24.71838764745792,0.936151683330536
clic2020,clic_test_image_21.png,2,0.1,2016,1512,0.09637713109935332,29.89893516179867,0.8664907813072205,0.07573100179433823,0.0632733702659607,5.754181788391013,25.90575589727298,0.954180896282196
clic2020,clic_test_image_21.png,3,0.125,2016,1512,0.1188114134542706,30.98095119969904,0.8901795148849487,0.06457369774580002,0.0570047497749328,5.742066112677893,26.98777193517336,0.9647567868232728
clic2020,clic_test_image_21.png,4,0.15,2016,1512,0.14020639119845468,31.72431261796936,0.9052695631980896,0.05728796869516373,0.0532419085502624,5.708115534595186,27.73113335344368,0.9704858660697936
clic2020,clic_test_image_210.png,0,0.05,1166,1750,0.058111247243322714,23.4899952911702,0.7289482355117798,0.10362773388624191,0.0859936475753784,2.8168510086992518,21.36533257561836,0.8959377408027649
clic2020,clic_test_image_210.png,1,0.075,1166,1750,0.09797598627787307,24.86051265872464,0.7895171046257019,0.07919807732105255,0.0695626735687255,2.8869383431448075,22.73584994317279,0.9329639077186584
clic2020,clic_test_image_210.png,2,0.1,1166,1750,0.1349865229110512,25.71930913743161,0.8196724653244019,0.06432975828647614,0.0621918439865112,2.998370360966084,23.59464642187977,0.9483016133308412
clic2020,clic_test_image_210.png,3,0.125,1166,1750,0.16713550600343052,26.4183023254846,0.8399964570999146,0.056852180510759354,0.0558286905288696,2.976831800904236,24.293639609932747,0.9581729769706726
clic2020,clic_test_image_210.png,4,0.15,1166,1750,0.19729282038716,26.911389628916176,0.852726399898529,0.04933376982808113,0.0506767630577087,3.02374053950992,24.78672691336433,0.9640893936157228
clic2020,clic_test_image_211.png,0,0.05,1463,2048,0.11667485475051265,20.30932061516796,0.4653629064559936,0.2221682071685791,0.1633177995681762,2.223669962658593,12.067471125091608,0.7773181796073914
clic2020,clic_test_image_211.png,1,0.075,1463,2048,0.19622030929596718,21.601301293339223,0.5612574219703674,0.16732999682426453,0.1299715638160705,2.335976446181583,13.359451803262871,0.845820426940918
clic2020,clic_test_image_211.png,2,0.1,1463,2048,0.2747831937799043,22.57277646454317,0.6282094120979309,0.13627348840236664,0.1135777235031127,2.382703543112629,14.330926974466822,0.8829202651977539
clic2020,clic_test_image_211.png,3,0.125,1463,2048,0.3498964029391661,23.31021457473648,0.6747640371322632,0.11542662233114243,0.1012105941772461,2.4050608540387253,15.068365084660122,0.9052231311798096
clic2020,clic_test_image_211.png,4,0.15,1463,2048,0.42102593130553656,23.892350186267887,0.7090356349945068,0.10186426341533661,0.0923255681991577,2.498269220084613,15.650500696191534,0.9197736382484436
clic2020,clic_test_image_212.png,0,0.05,1221,1189,0.02743136132538992,26.14823647119481,0.5202621817588806,0.1154416874051094,0.1078239679336547,5.46757136881872,13.444074915483688,0.8455402851104736
clic2020,clic_test_image_212.png,1,0.075,1221,1189,0.04085498450511066,26.67007939027274,0.5222388505935669,0.10250687599182129,0.0922808647155761,5.443383343830387,13.965917834561616,0.8492183685302734
clic2020,clic_test_image_212.png,2,0.1,1221,1189,0.059193990228472985,27.09640930939404,0.5277920961380005,0.0916256457567215,0.0926553606986999,5.472531195012614,14.392247753682916,0.852628231048584
clic2020,clic_test_image_212.png,3,0.125,1221,1189,0.07945065640608114,27.41982217725869,0.5326113104820251,0.08381833136081696,0.0908754467964172,5.288761606484718,14.715660621547569,0.855521023273468
clic2020,clic_test_image_212.png,4,0.15,1221,1189,0.09920035487739441,27.65760113376644,0.5361436605453491,0.07775908708572388,0.0833784341812133,5.272819590700687,14.95343957805531,0.8582223057746887
clic2020,clic_test_image_213.png,0,0.05,2016,1512,0.07749118165784832,20.42695689454562,0.5214518308639526,0.15068668127059937,0.0890309810638427,2.1818284059758497,15.95116975159965,0.8049387335777283
clic2020,clic_test_image_213.png,1,0.075,2016,1512,0.15478814982783237,21.744549413721103,0.6228087544441223,0.11230308562517166,0.0729959607124328,2.5335553842374887,17.268762270775134,0.8701700568199158
clic2020,clic_test_image_213.png,2,0.1,2016,1512,0.22750797850004198,22.68824048716236,0.6870532631874084,0.09211179614067078,0.0587483048439025,2.5916497879973552,18.212453344216392,0.9030232429504396
clic2020,clic_test_image_213.png,3,0.125,2016,1512,0.29429642227261277,23.408572904606707,0.7303137183189392,0.07869447767734528,0.0560556054115295,2.6205134482562245,18.93278576166074,0.9223148226737976
clic2020,clic_test_image_213.png,4,0.15,2016,1512,0.3557098765432099,23.955076232807045,0.7605808973312378,0.06908781081438065,0.0517535805702209,2.662662742078926,19.47928908986108,0.9343852996826172
clic2020,clic_test_image_214.png,0,0.05,1080,1920,0.036458333333333336,25.799146075274827,0.6212524771690369,0.1442950814962387,0.0879894495010376,3.274074979007409,18.642449373673976,0.8250863552093506
clic2020,clic_test_image_214.png,1,0.075,1080,1920,0.0610108024691358,27.008617128002022,0.6703901886940002,0.1165989339351654,0.0780991911888122,3.1751491604494073,19.85192042640117,0.8730311989784241
clic2020,clic_test_image_214.png,2,0.1,1080,1920,0.08645833333333333,27.898223658369908,0.7026659250259399,0.09965971112251282,0.0651324987411499,3.142148569187423,20.74152695676906,0.8989027142524719
clic2020,clic_test_image_214.png,3,0.125,1080,1920,0.11284722222222222,28.60933292852864,0.7277439832687378,0.08835434168577194,0.0647170543670654,3.064306807808344,21.452636226927787,0.9161417484283448
clic2020,clic_test_image_214.png,4,0.15,1080,1920,0.1392824074074074,29.16670001041908,0.7462531328201294,0.07942742109298706,0.0602970123291015,3.08944293704101,22.010003308818227,0.9265320897102356
clic2020,clic_test_image_215.png,0,0.05,1365,2048,0.024284569597069598,33.84671983120851,0.9194557070732116,0.07691283524036407,0.0678523778915405,6.6033897294311785,24.732589737190224,0.9471901059150696
clic2020,clic_test_image_215.png,1,0.075,1365,2048,0.03177083333333333,35.07980834900302,0.9261180758476256,0.06085582077503204,0.0560199618339538,6.451380054810791,25.96567825498473,0.9577112197875975
clic2020,clic_test_image_215.png,2,0.1,1365,2048,0.039394459706959706,35.92617702597829,0.929937183856964,0.05069294571876526,0.0531882643699646,6.36275947107643,26.81204693196001,0.9641054272651672
clic2020,clic_test_image_215.png,3,0.125,1365,2048,0.04717834249084249,36.532616456061845,0.9336085915565492,0.04280742257833481,0.044599711894989,6.351737672863617,27.41848636204356,0.9686176776885986
clic2020,clic_test_image_215.png,4,0.15,1365,2048,0.05523695054945055,37.07257006548518,0.9363189935684204,0.037752605974674225,0.0411513447761535,6.286606171094689,27.9584399714669,0.9722728729248048
clic2020,clic_test_image_216.png,0,0.05,1352,2032,0.033086008479709265,29.672088474494945,0.8109971284866333,0.07648781687021255,0.076870322227478,4.047554122374878,20.365227719445464,0.9516095519065856
clic2020,clic_test_image_216.png,1,0.075,1352,2032,0.043837068443367655,31.054731165120224,0.8519147634506226,0.05696398392319679,0.0650804042816162,4.082198143675573,21.74787041007073,0.9641842842102052
clic2020,clic_test_image_216.png,2,0.1,1352,2032,0.05570633182686484,32.06736781737667,0.8693050742149353,0.0474865660071373,0.0547372698783874,4.116911097837476,22.760507062327186,0.9714518189430236
clic2020,clic_test_image_216.png,3,0.125,1352,2032,0.06941597167218003,32.86801557711559,0.886747419834137,0.04028980806469917,0.0504683852195739,4.10728192823659,23.561154822066108,0.9764272570610046
clic2020,clic_test_image_216.png,4,0.15,1352,2032,0.082415086427806,33.48388278990586,0.8981342315673828,0.03687044605612755,0.0474123358726501,4.104853480074837,24.17702203485637,0.979665458202362
clic2020,clic_test_image_217.png,0,0.05,1365,2048,0.01924793956043956,28.63589888632232,0.6474398374557495,0.1487390100955963,0.0836740732192993,3.494176481991161,22.45306133438256,0.8389952778816223
clic2020,clic_test_image_217.png,1,0.075,1365,2048,0.031919642857142855,29.500187992004868,0.6690326929092407,0.12254562973976135,0.0799974799156189,3.464285826003493,23.31735044006511,0.869080126285553
clic2020,clic_test_image_217.png,2,0.1,1365,2048,0.04717834249084249,30.124008370423667,0.6914879083633423,0.10854842513799667,0.0728832483291626,3.3013789867676167,23.941170818483908,0.8909576535224915
clic2020,clic_test_image_217.png,3,0.125,1365,2048,0.06402815934065934,30.735249698315016,0.7081522345542908,0.09595606476068497,0.0717164278030395,3.1471347548133544,24.55241214637526,0.9065844416618348
clic2020,clic_test_image_217.png,4,0.15,1365,2048,0.08529647435897436,31.23180662663548,0.723233699798584,0.08670999109745026,0.0672587156295776,3.0266108913341876,25.048969074695723,0.9180747866630554
clic2020,clic_test_image_218.png,0,0.05,1365,2048,0.0726018772893773,23.28366645051757,0.5708813071250916,0.12102338671684265,0.0856256484985351,3.195243416742791,17.17100640840183,0.8747614026069641
clic2020,clic_test_image_218.png,1,0.075,1365,2048,0.10758356227106228,24.30091587991594,0.6017906069755554,0.09656582772731781,0.0719225406646728,3.1365390676944727,18.1882558378002,0.8948443531990051
clic2020,clic_test_image_218.png,2,0.1,1365,2048,0.14255380036630036,24.9907934523242,0.6194288730621338,0.0819816067814827,0.0669170618057251,3.1131127433281414,18.87813341020846,0.9068720936775208
clic2020,clic_test_image_218.png,3,0.125,1365,2048,0.17462797619047618,25.50056099944134,0.6327496767044067,0.07204695791006088,0.0637751817703247,3.114872375666336,19.3879009573256,0.915017545223236
clic2020,clic_test_image_218.png,4,0.15,1365,2048,0.2042525183150183,25.86076924157852,0.642219066619873,0.06552773714065552,0.05845308303833,3.1511175894755343,19.74810919946277,0.9202072024345398
clic2020,clic_test_image_219.png,0,0.05,1365,2048,0.01931662087912088,31.45563687551688,0.770172119140625,0.07713659107685089,0.0643330812454223,5.88599956983226,27.16747518299161,0.9355685710906982
clic2020,clic_test_image_219.png,1,0.075,1365,2048,0.026425137362637362,32.22118789491892,0.7759587168693542,0.063503697514534,0.0500662922859191,5.8693942692016625,27.933026202393645,0.941868007183075
clic2020,clic_test_image_219.png,2,0.1,1365,2048,0.034140338827838825,32.80338010946786,0.779179573059082,0.05573322996497154,0.0428829193115234,5.837993645194632,28.51521841694258,0.9462477564811708
clic2020,clic_test_image_219.png,3,0.125,1365,2048,0.04101991758241758,33.138473631471655,0.781554639339447,0.048768673092126846,0.037466287612915,5.815776439519205,28.850311938946376,0.9488723874092102
clic2020,clic_test_image_219.png,4,0.15,1365,2048,0.04824290293040293,33.38429018487758,0.7805991768836975,0.04427763819694519,0.0320296287536621,5.848820567327741,29.096128492352307,0.9504337310791016
clic2020,clic_test_image_22.png,0,0.05,1512,2016,0.03303203997648442,28.9390775075479,0.8121199011802673,0.09672050923109055,0.0622761249542236,3.2546433321697177,22.86575987170478,0.906603991985321
clic2020,clic_test_image_22.png,1,0.075,1512,2016,0.04772927689594356,30.14262547263144,0.8355131149291992,0.07507182657718658,0.0504634976387023,3.179066707867806,24.06930783678831,0.9276254773139954
clic2020,clic_test_image_22.png,2,0.1,1512,2016,0.06298290921306794,31.031952001623942,0.8510123491287231,0.061553098261356354,0.0435296893119812,3.1251150008643944,24.95863436578082,0.9402360916137696
clic2020,clic_test_image_22.png,3,0.125,1512,2016,0.07831002771478962,31.78028885879179,0.8636575937271118,0.0518232136964798,0.0352979898452758,3.09861513667874,25.706971222948663,0.949678122997284
clic2020,clic_test_image_22.png,4,0.15,1512,2016,0.09402557319223986,32.374150548980744,0.873755931854248,0.04499068856239319,0.0332334637641906,3.062868828799307,26.30083291313762,0.956148624420166
clic2020,clic_test_image_220.png,0,0.05,1368,2048,0.020667717470760235,31.25945381903197,0.8965869545936584,0.06178978830575943,0.0605086684226989,4.830923321516076,29.18228395423961,0.9573841094970704
clic2020,clic_test_image_220.png,1,0.075,1368,2048,0.028879979897660817,32.51684906606582,0.9071597456932068,0.04754788428544998,0.0520268678665161,4.622148834143468,30.439679201273453,0.9676178097724916
clic2020,clic_test_image_220.png,2,0.1,1368,2048,0.0376062225877193,33.41347523484713,0.9137237668037416,0.039476923644542694,0.0451753139495849,4.554508379156242,31.336305370054767,0.9734864830970764
clic2020,clic_test_image_220.png,3,0.125,1368,2048,0.04657232273391813,34.07774617189044,0.9188258051872252,0.0334259532392025,0.0420483946800231,4.602137375173109,32.00057630709808,0.9772937893867492
clic2020,clic_test_image_220.png,4,0.15,1368,2048,0.054373400950292396,34.63574071279179,0.922312080860138,0.029807155951857567,0.0391361117362976,4.667687061182644,32.55857084799943,0.9795731902122498
clic2020,clic_test_image_221.png,0,0.05,2016,1512,0.09822478374065675,20.587169359969234,0.4798654913902282,0.18479681015014648,0.1150814294815063,2.202269684882191,14.75181049253342,0.7903017401695251
clic2020,clic_test_image_221.png,1,0.075,2016,1512,0.17593117493911145,21.964080987052764,0.5786884427070618,0.13963069021701813,0.1009695529937744,2.354982977898188,16.128722119616945,0.857560932636261
clic2020,clic_test_image_221.png,2,0.1,2016,1512,0.25229381876207274,23.00455590874719,0.6482577323913574,0.11239708214998245,0.0920793414115905,2.391272962433476,17.169197041311374,0.8949894905090332
clic2020,clic_test_image_221.png,3,0.125,2016,1512,0.3244572520366171,23.784821913798183,0.6980178952217102,0.09471472352743149,0.0852920413017273,2.4838947206759454,17.949463046362368,0.91772723197937
clic2020,clic_test_image_221.png,4,0.15,2016,1512,0.39186507936507936,24.41439988041735,0.7350964546203613,0.08264359086751938,0.0846451520919799,2.5211118591666253,18.57904101298153,0.93269944190979
clic2020,clic_test_image_222.png,0,0.05,1512,2016,0.04236478542034098,26.12581114081045,0.5922008156776428,0.16811993718147278,0.0662906169891357,3.384168575886139,20.837324587283828,0.7850008010864258
clic2020,clic_test_image_222.png,1,0.075,1512,2016,0.06993260267069791,27.378008643450407,0.6450172066688538,0.13040760159492493,0.0553678274154663,3.3632743119487314,22.089522089923783,0.8445833325386047
clic2020,clic_test_image_222.png,2,0.1,1512,2016,0.0987076929537247,28.31447658370501,0.6860125064849854,0.10528000444173813,0.0485467314720153,3.2975738885967845,23.025990030178384,0.8813887238502502
clic2020,clic_test_image_222.png,3,0.125,1512,2016,0.12726232468295962,29.093050190032507,0.7190738320350647,0.09022534638643265,0.0442329049110412,3.2262798731008764,23.804563636505883,0.9052109122276306
clic2020,clic_test_image_222.png,4,0.15,1512,2016,0.15515558075081884,29.67085456850265,0.7439079880714417,0.08001463115215302,0.0424781441688537,3.1534237501633133,24.382368014976027,0.9205257892608644
clic2020,clic_test_image_223.png,0,0.05,1512,2016,0.01838729318888049,31.13279389889422,0.8029207587242126,0.08695970475673676,0.0714229345321655,4.049951156758328,23.72143340697924,0.9321849942207336
clic2020,clic_test_image_223.png,1,0.075,1512,2016,0.0250745359872344,32.402497528275944,0.812396228313446,0.07436750084161758,0.0606836676597595,4.084492148528721,24.991137036360964,0.9396733641624452
clic2020,clic_test_image_223.png,2,0.1,1512,2016,0.03244415049970605,32.98554570123493,0.8149775266647339,0.06589768826961517,0.0550640821456909,4.003750018678427,25.574185209319943,0.9437082409858704
clic2020,clic_test_image_223.png,3,0.125,1512,2016,0.03997123540774335,33.43341623307124,0.817599892616272,0.060069747269153595,0.0532751083374023,3.916111789198394,26.02205574115625,0.9468765258789062
clic2020,clic_test_image_223.png,4,0.15,1512,2016,0.048086209792559,33.776894483944375,0.8197920322418213,0.055307529866695404,0.0478413105010986,4.013121890434917,26.3655339920294,0.9492745399475098
clic2020,clic_test_image_224.png,0,0.05,1512,2016,0.0623005374989502,22.576493937895403,0.7208231091499329,0.09505598247051239,0.1008477210998535,2.412345296833584,15.930787770810388,0.8936571478843689
clic2020,clic_test_image_224.png,1,0.075,1512,2016,0.11082241538590745,23.98528176174561,0.781561017036438,0.07175389677286148,0.0781757235527038,2.5432925040811645,17.339575594660595,0.9286962151527404
clic2020,clic_test_image_224.png,2,0.1,1512,2016,0.15902935248173344,24.99172282214348,0.8220977187156677,0.05651964992284775,0.0630801916122436,2.7119071313763015,18.346016655058467,0.9477286338806152
clic2020,clic_test_image_224.png,3,0.125,1512,2016,0.20308956916099774,25.70487671588699,0.847572922706604,0.04763936251401901,0.0547256469726562,2.7997784044698966,19.059170548801976,0.9585461616516112
clic2020,clic_test_image_224.png,4,0.15,1512,2016,0.24267762660619804,26.31624504666788,0.8649072647094727,0.041998911648988724,0.047694444656372,2.8325137001516407,19.67053887958286,0.965184450149536
clic2020,clic_test_image_225.png,0,0.05,1512,2016,0.062353027630805406,25.32096698490522,0.7050971984863281,0.12889495491981506,0.0736256837844848,2.9507610098383434,19.209011501233768,0.8683514595031738
clic2020,clic_test_image_225.png,1,0.075,1512,2016,0.09415154950869237,26.777951334421765,0.754447877407074,0.09479653835296631,0.0578950643539428,2.876315611386699,20.66599585075032,0.9037500023841858
clic2020,clic_test_image_225.png,2,0.1,1512,2016,0.12470080624842529,27.86136093806192,0.7892469167709351,0.07590831816196442,0.0476096272468566,2.7930216238790075,21.749405454390462,0.924325466156006
clic2020,clic_test_image_225.png,3,0.125,1512,2016,0.1547671537750903,28.703575800114173,0.8150890469551086,0.06292267888784409,0.0420329570770263,2.7715732192057088,22.59162031644272,0.9383161664009094
clic2020,clic_test_image_225.png,4,0.15,1512,2016,0.18363672629545646,29.382846476974343,0.8343462944030762,0.05397692322731018,0.0356975793838501,2.730170278838649,23.27089099330289,0.9481112957000732
clic2020,clic_test_image_226.png,0,0.05,1512,2016,0.025294994541026287,28.49128451681352,0.7140074968338013,0.1379999816417694,0.1041703820228576,3.5516555144845006,24.517685082257536,0.8482878804206848
clic2020,clic_test_image_226.png,1,0.075,1512,2016,0.0405066347526665,29.53901647174328,0.746563732624054,0.11049476265907288,0.0951757431030273,3.47817132077037,25.56541703718729,0.8841330409049988
clic2020,clic_test_image_226.png,2,0.1,1512,2016,0.057135508524397416,30.36339678330956,0.7719093561172485,0.0944838747382164,0.0886667370796203,3.478557424403602,26.38979734875358,0.905601441860199
clic2020,clic_test_image_226.png,3,0.125,1512,2016,0.07594797178130512,31.06655735376744,0.791492760181427,0.08069828897714615,0.0853832960128784,3.5160438798176945,27.092957919211447,0.9205026030540466
clic2020,clic_test_image_226.png,4,0.15,1512,2016,0.09539031662047535,31.64460075516084,0.8083562850952148,0.0724308118224144,0.079028844833374,3.4535540961395275,27.671001320604848,0.9314666390419006
clic2020,clic_test_image_227.png,0,0.05,1299,2048,0.045786422247882985,27.536215926785168,0.8175747990608215,0.1037881076335907,0.0826116204261779,2.958692397228191,20.17565503524921,0.9184303283691406
clic2020,clic_test_image_227.png,1,0.075,1299,2048,0.06558530600461894,28.911063882279887,0.8451040387153625,0.07875406742095947,0.0697361826896667,2.9516664270802604,21.550502990743933,0.93572598695755
clic2020,clic_test_image_227.png,2,0.1,1299,2048,0.08534810431100846,29.944265152007983,0.8649357557296753,0.06390516459941864,0.0612703561782836,3.0126614223981614,22.583704260472032,0.9479499459266664
clic2020,clic_test_image_227.png,3,0.125,1299,2048,0.10584464010777521,30.75310063215152,0.8799771666526794,0.054739613085985184,0.055610179901123,3.012871869939482,23.392539740615565,0.9567127823829652
clic2020,clic_test_image_227.png,4,0.15,1299,2048,0.12608857775211701,31.45335021631043,0.892889142036438,0.04736131429672241,0.0502340197563171,2.92314724618352,24.09278932477448,0.9638178944587708
clic2020,clic_test_image_228.png,0,0.05,960,540,0.04429012345679012,26.694395307238416,0.6469697952270508,0.14499667286872864,0.1038819551467895,3.1648630070592576,20.56876005835612,0.8513090014457703
clic2020,clic_test_image_228.png,1,0.075,960,540,0.06577160493827161,27.8490690703098,0.6912296414375305,0.11245040595531464,0.09201580286026,3.2292853131002643,21.723433821427506,0.8858795762062073
clic2020,clic_test_image_228.png,2,0.1,960,540,0.08990740740740741,28.675561376373,0.7253267765045166,0.09301144629716873,0.079664409160614,3.03760137585909,22.549926127490693,0.9090422987937928
clic2020,clic_test_image_228.png,3,0.125,960,540,0.11626543209876543,29.401196250295342,0.7535265684127808,0.07967151701450348,0.0716273784637451,3.06569347994932,23.27556100141304,0.9268107414245604
clic2020,clic_test_image_228.png,4,0.15,960,540,0.14280864197530865,30.004714925654707,0.7750037312507629,0.07123486697673798,0.064391016960144,3.0415932010178652,23.879079676772413,0.9377643465995787
clic2020,clic_test_image_229.png,0,0.05,2048,1365,0.040401785714285716,27.52497736221516,0.8259634971618652,0.09652089327573776,0.0749918818473815,3.387412873853551,24.4410080427236,0.924099862575531
clic2020,clic_test_image_229.png,1,0.075,2048,1365,0.054412774725274726,28.628459698154963,0.8484306931495667,0.07272350788116455,0.0598223805427551,3.3683855670329255,25.54449037866341,0.9404667019844056
clic2020,clic_test_image_229.png,2,0.1,2048,1365,0.07267055860805861,29.595778322649814,0.8676533102989197,0.058441728353500366,0.0491846799850463,3.3313229160802007,26.51180900315826,0.9541303515434264
clic2020,clic_test_image_229.png,3,0.125,2048,1365,0.09351533882783883,30.428273426978084,0.8853573799133301,0.048596836626529694,0.0435031652450561,3.277249000502675,27.34430410748653,0.9643078446388244
clic2020,clic_test_image_229.png,4,0.15,2048,1365,0.11413118131868132,31.09924683647467,0.89960777759552,0.04279761761426926,0.0381122231483459,3.2449085252027476,28.01527751698312,0.9707913398742676
clic2020,clic_test_image_23.png,0,0.05,1180,1476,0.08406595930366083,23.47049771945196,0.6765502095222473,0.11367233097553253,0.0858100652694702,3.3086751501062017,13.436107740142145,0.8902385830879211
clic2020,clic_test_image_23.png,1,0.075,1180,1476,0.1274998851683432,24.971561744120176,0.7345288991928101,0.08368701487779617,0.0693448185920715,3.4144650908025054,14.937171764810364,0.9217195510864258
clic2020,clic_test_image_23.png,2,0.1,1180,1476,0.16856368563685636,25.98910867038496,0.7645873427391052,0.06533049046993256,0.0565951466560363,3.4668614669940134,15.954718691075149,0.9358253479003906
clic2020,clic_test_image_23.png,3,0.125,1180,1476,0.20819438702861606,26.75084282015408,0.7893863320350647,0.05522676557302475,0.047540545463562,3.5532938882003458,16.716452840844262,0.9454795718193054
clic2020,clic_test_image_23.png,4,0.15,1180,1476,0.24618988562766983,27.37257373655803,0.8043634295463562,0.04807274788618088,0.0419766306877136,3.537765320581448,17.338183757248224,0.9516839981079102
clic2020,clic_test_image_230.png,0,0.05,2048,1365,0.048941163003663,26.068875670486985,0.8100241422653198,0.09654706716537476,0.0990545749664306,2.9778525021333784,14.775230377114106,0.9282103180885316
clic2020,clic_test_image_230.png,1,0.075,2048,1365,0.0736092032967033,27.59744066870729,0.8542914986610413,0.07199769467115402,0.0746945738792419,3.084060420969799,16.303795375334403,0.9492363929748536
clic2020,clic_test_image_230.png,2,0.1,2048,1365,0.09836881868131868,28.699669697087693,0.8745325803756714,0.05897776409983635,0.0649802684783935,3.133954612216867,17.406024403714817,0.9598142504692078
clic2020,clic_test_image_230.png,3,0.125,2048,1365,0.12307119963369964,29.51359920099713,0.8898491859436035,0.05127608776092529,0.0570908188819885,3.13782357239161,18.21995390762425,0.9663724899291992
clic2020,clic_test_image_230.png,4,0.15,2048,1365,0.14765911172161172,30.177695629536867,0.8997429609298706,0.04520763084292412,0.0528120994567871,3.120931063628112,18.88405033616399,0.9705231785774232
clic2020,clic_test_image_231.png,0,0.05,1365,2048,0.022979624542124544,29.57764870347076,0.8528796434402466,0.07842724770307541,0.0962812304496765,3.0036334830070484,27.33743907684497,0.926441729068756
clic2020,clic_test_image_231.png,1,0.075,1365,2048,0.034105998168498165,30.67278117492419,0.868229329586029,0.06299883127212524,0.0754716396331787,2.996201385275999,28.432571548298395,0.9397758841514589
clic2020,clic_test_image_231.png,2,0.1,1365,2048,0.04603365384615385,31.599574655253928,0.8793340921401978,0.053598783910274506,0.0619726181030273,2.9909357305109054,29.359365028628133,0.9488138556480408
clic2020,clic_test_image_231.png,3,0.125,1365,2048,0.05772092490842491,32.325522104850734,0.8894059062004089,0.046615924686193466,0.0530973076820373,2.9775643888732466,30.085312478224942,0.955503523349762
clic2020,clic_test_image_231.png,4,0.15,1365,2048,0.06984317765567766,32.95743512113469,0.897197425365448,0.041714899241924286,0.0529248714447021,2.9864840836927744,30.71722549450889,0.9605401158332824
clic2020,clic_test_image_232.png,0,0.05,2048,1536,0.059148152669270836,25.54516135194917,0.7884712219238281,0.08816507458686829,0.0636566281318664,2.9301439205492232,15.48082612083851,0.925111711025238
clic2020,clic_test_image_232.png,1,0.075,2048,1536,0.08463033040364583,26.894816340007047,0.8203451037406921,0.06485757231712341,0.0503947138786315,2.838475685187564,16.830481108896386,0.9441380500793456
clic2020,clic_test_image_232.png,2,0.1,2048,1536,0.1091156005859375,27.85694450194828,0.8437337875366211,0.052003804594278336,0.0412787795066833,2.860098133851812,17.79260927083762,0.954580545425415
clic2020,clic_test_image_232.png,3,0.125,2048,1536,0.13330586751302084,28.59711091769809,0.8602812886238098,0.043777111917734146,0.0370831489562988,2.8256770558528044,18.53277568658743,0.9613561630249025
clic2020,clic_test_image_232.png,4,0.15,2048,1536,0.1570587158203125,29.156758040642337,0.8706790208816528,0.03769133985042572,0.0329328179359436,2.763172221504839,19.09242280953168,0.9665868878364564
clic2020,clic_test_image_233.png,0,0.05,1365,2048,0.02359775641025641,30.42048506148572,0.8373010158538818,0.08215752243995667,0.0766334533691406,3.4028448918525487,25.14136491225724,0.93332839012146
clic2020,clic_test_image_233.png,1,0.075,1365,2048,0.03212568681318681,31.4782719822376,0.8519033789634705,0.06509583443403244,0.0644233226776123,3.4425315307326034,26.19915183300912,0.9455620646476746
clic2020,clic_test_image_233.png,2,0.1,1365,2048,0.04053914835164835,32.161224399491616,0.861316978931427,0.055529315024614334,0.0575586557388305,3.4268560480866506,26.882104250263144,0.9529600739479064
clic2020,clic_test_image_233.png,3,0.125,1365,2048,0.04962797619047619,32.5984446086134,0.8678877353668213,0.048914920538663864,0.0544549822807312,3.475652451994185,27.31932445938493,0.9577696919441224
clic2020,clic_test_image_233.png,4,0.15,1365,2048,0.058819826007326007,33.07440740950207,0.8742029070854187,0.044024281203746796,0.0468030571937561,3.4961295512613786,27.795287260273604,0.9620019793510436
clic2020,clic_test_image_234.png,0,0.05,1512,2016,0.042679726211472244,26.21248399274451,0.7965318560600281,0.0862046554684639,0.0937578678131103,2.5338609411240083,20.63532761835164,0.918290078639984
clic2020,clic_test_image_234.png,1,0.075,1512,2016,0.0672451079197111,27.505010205764165,0.8322988152503967,0.06409215182065964,0.075335144996643,2.4680109336261977,21.92785383137129,0.9412378668785096
clic2020,clic_test_image_234.png,2,0.1,1512,2016,0.09072919291173259,28.527253585335902,0.8562850952148438,0.050985053181648254,0.0646268129348754,2.3685836739411754,22.950097210943035,0.9539914131164552
clic2020,clic_test_image_234.png,3,0.125,1512,2016,0.11247060552616109,29.3552837147306,0.8737186789512634,0.04192827641963959,0.0567824840545654,2.350350227084981,23.77812734033773,0.9624488353729248
clic2020,clic_test_image_234.png,4,0.15,1512,2016,0.13341416813639037,29.92608439541116,0.8857733011245728,0.03704967349767685,0.0466939806938171,2.3411117368310657,24.348928021018285,0.9677130579948424
clic2020,clic_test_image_235.png,0,0.05,1365,2048,0.024639423076923076,30.87883964844752,0.8947458267211914,0.07368198037147522,0.0886906385421752,4.285473026837301,16.81034290763661,0.9522703289985656
clic2020,clic_test_image_235.png,1,0.075,1365,2048,0.034323489010989014,32.24460919840127,0.9142088294029236,0.056173037737607956,0.0746837854385376,4.346991091826343,18.176112457590364,0.96347975730896
clic2020,clic_test_image_235.png,2,0.1,1365,2048,0.044465430402930405,33.19316843420984,0.9243116974830629,0.04671304300427437,0.0671938061714172,4.2810232711964105,19.12467169339893,0.969858944416046
clic2020,clic_test_image_235.png,3,0.125,1365,2048,0.05495077838827839,33.952058398163764,0.931694269180298,0.04046483337879181,0.0579710602760314,4.24799410689601,19.883561657352857,0.9743500351905824
clic2020,clic_test_image_235.png,4,0.15,1365,2048,0.06511561355311356,34.6012456157495,0.9381933212280272,0.035272520035505295,0.0530192852020263,4.253159272877681,20.532748874938594,0.9778389930725098
clic2020,clic_test_image_236.png,0,0.05,2016,1512,0.06007495590828924,25.760986354857405,0.6734524965286255,0.13072124123573303,0.0594642162322998,4.310427697770844,20.245396831358725,0.8532502055168152
clic2020,clic_test_image_236.png,1,0.075,2016,1512,0.09302826068699084,27.434040376378498,0.7491613030433655,0.10062184184789658,0.050517201423645,4.285515504680079,21.91845085287982,0.9056079387664796
clic2020,clic_test_image_236.png,2,0.1,2016,1512,0.12394494834971026,28.657835821299805,0.7965114116668701,0.08153904974460602,0.0392856001853942,4.396208787801412,23.14224629780113,0.9313618540763856
clic2020,clic_test_image_236.png,3,0.125,2016,1512,0.15315045771394978,29.6270705776578,0.8289991021156311,0.06982161849737167,0.0350081324577331,4.347025065192115,24.11148105415912,0.946507453918457
clic2020,clic_test_image_236.png,4,0.15,2016,1512,0.18073927101704879,30.407793210504902,0.8515166640281677,0.06110280752182007,0.0330588817596435,4.305994955867147,24.89220368700623,0.9560143351554872
clic2020,clic_test_image_237.png,0,0.05,1582,2048,0.01663736567635904,29.4220527485843,0.7440856695175171,0.07967972755432129,0.089312195777893,3.501859096447149,24.87916164847269,0.8837311267852783
clic2020,clic_test_image_237.png,1,0.075,1582,2048,0.02573384165613148,30.52340902545704,0.7666717767715454,0.0650114193558693,0.0735983848571777,3.4898106484755327,25.98051792534543,0.9083005785942078
clic2020,clic_test_image_237.png,2,0.1,1582,2048,0.036361212073324906,31.2869678599612,0.7836318016052246,0.054018281400203705,0.0637017488479614,3.5130045658311686,26.744076759849587,0.9259853959083556
clic2020,clic_test_image_237.png,3,0.125,1582,2048,0.047472542667509485,31.928622194830933,0.7952370047569275,0.04686383157968521,0.0559595823287963,3.5865862350011155,27.38573109471933,0.937120258808136
clic2020,clic_test_image_237.png,4,0.15,1582,2048,0.0598678492414665,32.38494470082913,0.8054648041725159,0.04307006672024727,0.0506390929222106,3.550816517153508,27.84205360071752,0.9448674321174622
clic2020,clic_test_image_238.png,0,0.05,1831,1512,0.09885597542615565,21.864152900580784,0.701849102973938,0.11022903025150299,0.0949475765228271,2.082266107695819,16.765975137396268,0.8855350613594055
clic2020,clic_test_image_238.png,1,0.075,1831,1512,0.15407199350399786,23.21149993378036,0.7644495368003845,0.08053134381771088,0.0729923844337463,2.120244753583706,18.113322170595843,0.9205718636512756
clic2020,clic_test_image_238.png,2,0.1,1831,1512,0.2027342158418073,24.138918406871795,0.8033466935157776,0.06443814188241959,0.0596206188201904,2.2118289295222215,19.04074064368728,0.9387512803077698
clic2020,clic_test_image_238.png,3,0.125,1831,1512,0.24848364007293555,24.82337720669737,0.8283994793891907,0.05410030484199524,0.0528750419616699,2.2089400353934887,19.72519944351285,0.949901044368744
clic2020,clic_test_image_238.png,4,0.15,1831,1512,0.2903262160498643,25.352867690637414,0.8465576767921448,0.04734556004405022,0.0474432110786438,2.2369961682048642,20.2546899274529,0.9572803974151612
clic2020,clic_test_image_239.png,0,0.05,1512,2016,0.04332010582010582,26.28240862416561,0.6844779253005981,0.11401056498289108,0.0779078602790832,2.515574303439783,21.56929451086048,0.8640913963317871
clic2020,clic_test_image_239.png,1,0.075,1512,2016,0.06521898883009994,27.404913291231946,0.7174180746078491,0.08876262605190277,0.0645930171012878,2.5443145498138526,22.69179917792681,0.890546977519989
clic2020,clic_test_image_239.png,2,0.1,1512,2016,0.08810468631897203,28.24953977918879,0.744633138179779,0.07325614988803864,0.054673433303833,2.5030957253084547,23.53642566588366,0.9103941321372986
clic2020,clic_test_image_239.png,3,0.125,1512,2016,0.11345742000503906,28.976035277609235,0.7680885195732117,0.06360846757888794,0.0520963072776794,2.3974642636414965,24.262921164304103,0.9260528683662416
clic2020,clic_test_image_239.png,4,0.15,1512,2016,0.14208553791887124,29.5845923443264,0.7900182604789734,0.055058449506759644,0.0440462827682495,2.3772972950573266,24.871478231021268,0.9383776187896729
clic2020,clic_test_image_24.png,0,0.05,1512,2016,0.03571953472747123,28.00887850316441,0.8167408108711243,0.07929884642362595,0.0949388742446899,3.6048388361136685,23.11974863963276,0.9167110323905944
clic2020,clic_test_image_24.png,1,0.075,1512,2016,0.049755395985554715,29.02893578226304,0.8364958167076111,0.06225407123565674,0.0830624103546142,3.524717762559802,24.13980591873139,0.933002471923828
clic2020,clic_test_image_24.png,2,0.1,1512,2016,0.06440014277315864,29.767261411033623,0.8496516942977905,0.0521169938147068,0.0749112367630004,3.558005116101603,24.87813154750197,0.9430952072143556
clic2020,clic_test_image_24.png,3,0.125,1512,2016,0.08066158562190308,30.389117479746943,0.860694169998169,0.04411393776535988,0.0669807791709899,3.51670524774814,25.499987616215293,0.9508656859397888
clic2020,clic_test_image_24.png,4,0.15,1512,2016,0.09839275216259344,30.884432845153707,0.8699426651000977,0.03899306803941727,0.0600181221961975,3.571821258756251,25.995302981622057,0.956519603729248
clic2020,clic_test_image_240.png,0,0.05,1365,2048,0.026631181318681318,30.00581391654776,0.8306320905685425,0.08790242671966553,0.0716389417648315,3.205726819128822,27.009439747808468,0.9070423245429992
clic2020,clic_test_image_240.png,1,0.075,1365,2048,0.038661858974358976,31.0857955621738,0.8482784628868103,0.06732943654060364,0.0550973415374755,3.1104199761356264,28.089421393434503,0.9279663562774658
clic2020,clic_test_image_240.png,2,0.1,1365,2048,0.0513907967032967,31.97350347843544,0.8638988137245178,0.05525147169828415,0.0453429222106933,3.1389746724281133,28.977129309696146,0.9423825740814208
clic2020,clic_test_image_240.png,3,0.125,1365,2048,0.06454326923076924,32.703409374691496,0.8755602836608887,0.046580515801906586,0.0387696027755737,3.117946649587775,29.70703520595221,0.952122688293457
clic2020,clic_test_image_240.png,4,0.15,1365,2048,0.07860004578754579,33.2496211626887,0.8848416805267334,0.04102021083235741,0.0347232818603515,3.14589705976474,30.253246993949404,0.9587101340293884
clic2020,clic_test_image_241.png,0,0.05,1424,1898,0.037017084808373096,26.435352732431934,0.6484905481338501,0.148100346326828,0.0797208547592163,3.3117013159724085,21.911473802271104,0.7989199757575989
clic2020,clic_test_image_241.png,1,0.075,1424,1898,0.06185695172920046,27.647524009927324,0.7005804777145386,0.11213672161102295,0.069381833076477,3.266180283125521,23.123645079766494,0.8513261675834656
clic2020,clic_test_image_241.png,2,0.1,1424,1898,0.08717041001172139,28.55541819443633,0.7341118454933167,0.09359313547611237,0.0597432851791381,3.211078226205428,24.03153926427549,0.8806495666503906
clic2020,clic_test_image_241.png,3,0.125,1424,1898,0.11405855957187341,29.332624124420708,0.7622680068016052,0.08071736991405487,0.0515800714492797,3.1373568004642536,24.80874519425988,0.9020599722862244
clic2020,clic_test_image_241.png,4,0.15,1424,1898,0.13944305655864836,29.951842297905014,0.784454882144928,0.07274870574474335,0.0477415919303894,3.0785449533757525,25.427963367744184,0.9162995219230652
clic2020,clic_test_image_242.png,0,0.05,1367,2048,0.0195055321872714,33.42632934703885,0.909500777721405,0.0611429437994957,0.0754584670066833,4.341838931645863,23.21482397702132,0.9541913866996764
clic2020,clic_test_image_242.png,1,0.075,1367,2048,0.0262150237746891,34.836264937932114,0.925080955028534,0.048583999276161194,0.0654728412628173,4.472515865017181,24.624759567914584,0.9652577042579652
clic2020,clic_test_image_242.png,2,0.1,1367,2048,0.03307310716898317,35.688012200386325,0.9302173256874084,0.04080767557024956,0.0576046705245971,4.478550366517849,25.47650683036879,0.9713480472564696
clic2020,clic_test_image_242.png,3,0.125,1367,2048,0.039428264447695684,36.44125374429933,0.9363225698471068,0.03545883670449257,0.0516622066497802,4.461681568971473,26.229748374281783,0.9754815101623536
clic2020,clic_test_image_242.png,4,0.15,1367,2048,0.045852002560351136,36.94108411523405,0.9392744898796082,0.031493186950683594,0.0448790192604064,4.439663115985415,26.729578745216514,0.9781115651130676
clic2020,clic_test_image_243.png,0,0.05,1365,2048,0.02908081501831502,27.15331947106369,0.7481449246406555,0.10008126497268677,0.1190523505210876,3.064172280845211,22.62244333503849,0.893807590007782
clic2020,clic_test_image_243.png,1,0.075,1365,2048,0.04605654761904762,28.16544210749377,0.780299186706543,0.07785515487194061,0.0945296287536621,3.218753096389603,23.63456597146857,0.9203149676322936
clic2020,clic_test_image_243.png,2,0.1,1365,2048,0.06599702380952381,29.00621213437824,0.8044000864028931,0.06286226958036423,0.0820802450180053,3.1242734644862336,24.47533599835304,0.9363880753517152
clic2020,clic_test_image_243.png,3,0.125,1365,2048,0.08827266483516484,29.708884725555528,0.8246710896492004,0.05518282204866409,0.0748860239982605,3.152156658703263,25.17800858953033,0.947974443435669
clic2020,clic_test_image_243.png,4,0.15,1365,2048,0.1093349358974359,30.29969011445601,0.8410152792930603,0.0471525676548481,0.0679892897605896,3.147530893383747,25.768813978430806,0.9556216597557068
clic2020,clic_test_image_244.png,0,0.05,1152,2048,0.05964491102430555,23.38621510428088,0.6115037202835083,0.15131090581417084,0.106185495853424,2.3990541095579085,18.400087679661908,0.8369863629341125
clic2020,clic_test_image_244.png,1,0.075,1152,2048,0.0967135959201389,24.479880376812687,0.6566044688224792,0.11520474404096603,0.077335238456726,2.1767358917311714,19.49375295219372,0.8725767135620117
clic2020,clic_test_image_244.png,2,0.1,1152,2048,0.13545057508680555,25.329491405082955,0.6941633224487305,0.0969252735376358,0.0661545991897583,2.1410856984383555,20.343363980463977,0.8963794708251953
clic2020,clic_test_image_244.png,3,0.125,1152,2048,0.17600504557291666,26.021728093919776,0.7224631905555725,0.08137966692447662,0.0574668645858764,2.1501014027491556,21.0356006693008,0.9126853942871094
clic2020,clic_test_image_244.png,4,0.15,1152,2048,0.21474202473958334,26.560917872512867,0.744299054145813,0.0718940943479538,0.0517382621765136,2.1868734243035073,21.574790447893896,0.923865795135498
clic2020,clic_test_image_245.png,0,0.05,1000,1499,0.02771981320880587,30.19496139743297,0.8135541081428528,0.11995536088943481,0.0940191745758056,3.660810800197481,24.26327323746031,0.9090299606323242
clic2020,clic_test_image_245.png,1,0.075,1000,1499,0.040122748498999335,31.33310400811681,0.8322578072547913,0.09329909831285477,0.0761230587959289,3.629185941705762,25.401415848144147,0.927583634853363
clic2020,clic_test_image_245.png,2,0.1,1000,1499,0.052888592394929955,32.148649026246744,0.8446134924888611,0.07640033960342407,0.0656784176826477,3.6326602740679776,26.216960866274075,0.9382987022399902
clic2020,clic_test_image_245.png,3,0.125,1000,1499,0.06627351567711808,32.76409227378898,0.8549267649650574,0.06571849435567856,0.0601487755775451,3.733171726960593,26.83240411381632,0.946507453918457
clic2020,clic_test_image_245.png,4,0.15,1000,1499,0.0797224816544363,33.2221135678038,0.8621926307678223,0.05832506716251373,0.0531193614006042,3.7570705346889954,27.290425407831144,0.9517852663993835
clic2020,clic_test_image_246.png,0,0.05,1512,2016,0.029210758377425042,29.728946251865285,0.7954135537147522,0.10882321745157242,0.0674501657485961,4.0487137917781455,22.53518112006496,0.922989785671234
clic2020,clic_test_image_246.png,1,0.075,1512,2016,0.041094524229444866,30.84891787547906,0.8107898235321045,0.08319845050573349,0.0555755496025085,4.052947016461566,23.65515274367873,0.9377045631408693
clic2020,clic_test_image_246.png,2,0.1,1512,2016,0.05206496178718401,31.74055178729788,0.8218107223510742,0.07050426304340363,0.0454286336898803,4.028374909582023,24.54678665549756,0.9464764595031738
clic2020,clic_test_image_246.png,3,0.125,1512,2016,0.06425317040396405,32.33447522620676,0.8290725350379944,0.06255345046520233,0.0369855761528015,4.045235421012583,25.14071009440644,0.9522972106933594
clic2020,clic_test_image_246.png,4,0.15,1512,2016,0.07619992441421013,32.80726070730492,0.8334656953811646,0.05614641681313515,0.0327031016349792,4.092410923279308,25.6134955755046,0.9560563564300536
clic2020,clic_test_image_247.png,0,0.05,1366,2048,0.018719116032210836,33.74705865468577,0.9005158543586731,0.04122745245695114,0.062795341014862,5.5167036948653,26.06910446618788,0.9715905785560608
clic2020,clic_test_image_247.png,1,0.075,1366,2048,0.0239465135431918,34.76344458691833,0.9090391397476196,0.032455675303936005,0.05230712890625,5.411679683548707,27.08549039842044,0.9761837124824524
clic2020,clic_test_image_247.png,2,0.1,1366,2048,0.02915103404099561,35.51013033898372,0.9145049452781676,0.027801312506198883,0.0466371178627014,5.389773984768484,27.83217615048582,0.9784727096557616
clic2020,clic_test_image_247.png,3,0.125,1366,2048,0.034401308565153735,35.95898185739165,0.9163454174995422,0.024829257279634476,0.0423817634582519,5.376447446955176,28.28102766889376,0.9800606369972228
clic2020,clic_test_image_247.png,4,0.15,1366,2048,0.04069248718887262,36.38663155084968,0.9189299941062928,0.022365476936101913,0.036358892917633,5.316719833143818,28.708677362351786,0.981106698513031
clic2020,clic_test_image_248.png,0,0.05,2048,1365,0.018046016483516482,32.70811923224939,0.8722434043884277,0.04724658653140068,0.065451979637146,4.9601545808885,24.453977997074805,0.9553235173225404
clic2020,clic_test_image_248.png,1,0.075,2048,1365,0.028256639194139194,34.034518094273544,0.9033570885658264,0.036956436932086945,0.0531844496726989,4.854656013263854,25.780376859098965,0.970815360546112
clic2020,clic_test_image_248.png,2,0.1,2048,1365,0.031164148351648352,35.024816410171404,0.9141961932182312,0.030721070244908333,0.0448659062385559,4.758208320696029,26.770675174996825,0.97549706697464
clic2020,clic_test_image_248.png,3,0.125,2048,1365,0.03786057692307692,35.763406712609125,0.923091471195221,0.027191780507564545,0.0420573353767395,4.427213495948896,27.509265477434543,0.9805976748466492
clic2020,clic_test_image_248.png,4,0.15,2048,1365,0.04518658424908425,36.284185971967965,0.926912009716034,0.023491503670811653,0.0382565259933471,4.659414210029498,28.030044736793386,0.98299640417099
clic2020,clic_test_image_249.png,0,0.05,1365,2048,0.020907738095238094,29.04872831661732,0.7259156107902527,0.09705400466918945,0.0919016003608703,3.9256603695949415,24.820364426152448,0.8925774097442627
clic2020,clic_test_image_249.png,1,0.075,1365,2048,0.02917239010989011,29.63009119972519,0.7361207604408264,0.08207666128873825,0.0770366787910461,3.8523041030914946,25.40172730926032,0.9036757946014404
clic2020,clic_test_image_249.png,2,0.1,1365,2048,0.03979510073260073,30.043848081498265,0.745456874370575,0.0722506046295166,0.0671744346618652,3.8211207121693187,25.8154841910334,0.9120433926582336
clic2020,clic_test_image_249.png,3,0.125,1365,2048,0.053279532967032965,30.58373355401375,0.7588462233543396,0.06382064521312714,0.0622809529304504,3.863151058323135,26.35536966354888,0.9207944869995116
clic2020,clic_test_image_249.png,4,0.15,1365,2048,0.06672962454212454,31.02260291616462,0.7696675658226013,0.05803286284208298,0.0574254989624023,3.856148657731082,26.79423902569976,0.9273658394813538
clic2020,clic_test_image_25.png,0,0.05,1365,2048,0.025200320512820513,30.1397796657961,0.8082504868507385,0.09487397968769073,0.0852320194244384,3.67383421988126,21.27392682471699,0.916005790233612
clic2020,clic_test_image_25.png,1,0.075,1365,2048,0.03633814102564103,31.12697704004325,0.8260208964347839,0.07497108727693558,0.0720138549804687,3.707006260558995,22.261124198964136,0.9339645504951476
clic2020,clic_test_image_25.png,2,0.1,1365,2048,0.048071199633699636,31.918913313536127,0.8401615619659424,0.061772607266902924,0.0615289211273193,3.6827686623640394,23.05306047245701,0.945540964603424
clic2020,clic_test_image_25.png,3,0.125,1365,2048,0.06014766483516484,32.50714903336047,0.8504462242126465,0.052638694643974304,0.0521121621131897,3.6252899377266554,23.64129619228136,0.952717125415802
clic2020,clic_test_image_25.png,4,0.15,1365,2048,0.07213255494505494,32.99292710469713,0.8591146469116211,0.04687066748738289,0.0481868982315063,3.641736571354193,24.12707426361802,0.9583516120910645
clic2020,clic_test_image_250.png,0,0.05,1080,1920,0.04735339506172839,26.22525480139973,0.6511000394821167,0.1268889158964157,0.0753611326217651,3.086531693732357,18.45347183277234,0.8592061400413513
clic2020,clic_test_image_250.png,1,0.075,1080,1920,0.06999228395061728,27.30213254387633,0.6849473714828491,0.09940831363201141,0.0568317770957946,3.086444005757044,19.530349575248938,0.8856092095375061
clic2020,clic_test_image_250.png,2,0.1,1080,1920,0.09290895061728395,28.12611426268129,0.7080816030502319,0.08309594541788101,0.0524182319641113,2.9907322987393195,20.3543312940539,0.901878535747528
clic2020,clic_test_image_250.png,3,0.125,1080,1920,0.11702932098765433,28.77930050754989,0.7269181609153748,0.07170981168746948,0.0430662035942077,3.0289967881365065,21.0075175389225,0.9134663939476012
clic2020,clic_test_image_250.png,4,0.15,1080,1920,0.1414429012345679,29.33866900174248,0.7432174682617188,0.06336315721273422,0.0382930040359497,3.012193848908878,21.56688603311509,0.9227694869041444
clic2020,clic_test_image_251.png,0,0.05,1536,2048,0.0169219970703125,27.87009036647733,0.7134232521057129,0.0935199037194252,0.0746954083442688,3.5324288903818073,23.130640558765027,0.900939643383026
clic2020,clic_test_image_251.png,1,0.075,1536,2048,0.027216593424479168,28.47904961156153,0.7290307879447937,0.07446148991584778,0.0644404292106628,3.459178058006221,23.739599803849227,0.9187305569648744
clic2020,clic_test_image_251.png,2,0.1,1536,2048,0.0416107177734375,29.158363655825404,0.7491649389266968,0.0636598989367485,0.0583354830741882,3.3973905693195956,24.4189138481131,0.9312724471092224
clic2020,clic_test_image_251.png,3,0.125,1536,2048,0.056798299153645836,29.64860082286785,0.7644514441490173,0.055191345512866974,0.0511943697929382,3.341434272109597,24.909151015155544,0.9406242370605468
clic2020,clic_test_image_251.png,4,0.15,1536,2048,0.07324727376302083,30.17695858497401,0.7767643332481384,0.0506545715034008,0.0484365224838256,3.3771098812546945,25.437508777261705,0.9476243853569032
clic2020,clic_test_image_252.png,0,0.05,1365,2048,0.026070283882783884,30.25199702803253,0.8708691000938416,0.07033512741327286,0.0654391050338745,3.9089157685793374,25.342803981002,0.9431240558624268
clic2020,clic_test_image_252.png,1,0.075,1365,2048,0.03512477106227106,31.46642451787532,0.8814867734909058,0.05522122606635094,0.0537483096122741,3.859312142425322,26.557231470844783,0.9546605944633484
clic2020,clic_test_image_252.png,2,0.1,1365,2048,0.044682921245421246,32.30813803224852,0.8889572620391846,0.04574742913246155,0.0452176332473754,3.784615746496711,27.398944985217987,0.9614191055297852
clic2020,clic_test_image_252.png,3,0.125,1365,2048,0.053909111721611724,32.99141199178932,0.8940074443817139,0.03939034789800644,0.038271427154541,3.843633072788882,28.0822189447588,0.9660822749137878
clic2020,clic_test_image_252.png,4,0.15,1365,2048,0.06319253663003663,33.4913478079688,0.8976054191589355,0.03478439152240753,0.0343853831291198,3.7755860779289967,28.58215476093827,0.9692177772521972
clic2020,clic_test_image_253.png,0,0.05,2016,1512,0.034785210380448475,28.93659139692268,0.761766254901886,0.09100121259689331,0.0863975882530212,3.941722198445801,24.20262487120983,0.89466792345047
clic2020,clic_test_image_253.png,1,0.075,2016,1512,0.050038842697572854,30.2427568650554,0.801497220993042,0.06909074634313583,0.0670979022979736,3.8474509074319845,25.50879033934256,0.925704538822174
clic2020,clic_test_image_253.png,2,0.1,2016,1512,0.06496703619719493,31.1665240763688,0.8244845867156982,0.05625002831220627,0.0579339861869812,3.897232803637626,26.43255755065596,0.941389262676239
clic2020,clic_test_image_253.png,3,0.125,2016,1512,0.08015768035609305,31.84140484002304,0.8398270010948181,0.04873441159725189,0.0485492944717407,3.916630980432451,27.1074383143102,0.9512271285057068
clic2020,clic_test_image_253.png,4,0.15,2016,1512,0.0949808935920047,32.37882542223145,0.8515825271606445,0.04324836656451225,0.0451425909996032,3.884143741312291,27.64485889651861,0.9577226042747498
clic2020,clic_test_image_254.png,0,0.05,1365,2048,0.04376717032967033,24.937760027080994,0.6432567834854126,0.14586836099624634,0.1102865934371948,2.331200008684031,15.69503894494871,0.8389418125152588
clic2020,clic_test_image_254.png,1,0.075,1365,2048,0.07167467948717948,25.946749474147804,0.683448851108551,0.1116388738155365,0.0855003595352172,2.3731072139935474,16.704028392015516,0.8754417300224304
clic2020,clic_test_image_254.png,2,0.1,1365,2048,0.10163118131868132,26.757194065888143,0.7144536375999451,0.0912298709154129,0.0713622570037841,2.248309081189314,17.51447298375586,0.8984179496765137
clic2020,clic_test_image_254.png,3,0.125,1365,2048,0.1333962912087912,27.43963044325941,0.7415490746498108,0.07798466086387634,0.0662599802017211,2.2398356683902954,18.19690936112713,0.915553092956543
clic2020,clic_test_image_254.png,4,0.15,1365,2048,0.16577953296703296,27.99022832162304,0.7626025676727295,0.06867004930973053,0.062351644039154,2.231832032091993,18.747507239490748,0.9269716143608092
clic2020,clic_test_image_255.png,0,0.05,1512,2016,0.041272990677752586,28.25155721477551,0.834423303604126,0.08077967911958694,0.1161155700683593,3.8696874302588524,22.24761337201148,0.9316792488098145
clic2020,clic_test_image_255.png,1,0.075,1512,2016,0.05733497102544722,29.62127297190559,0.8630663156509399,0.06234192103147507,0.0912041664123535,3.9521415526714754,23.61732912914156,0.9485716819763184
clic2020,clic_test_image_255.png,2,0.1,1512,2016,0.07356491979507852,30.52069705033333,0.880364179611206,0.05071210861206055,0.0739638805389404,3.9259658187389355,24.51675320756929,0.9579483866691588
clic2020,clic_test_image_255.png,3,0.125,1512,2016,0.0909286554127824,31.26257626333128,0.8928555250167847,0.04331304132938385,0.0643386244773864,3.9191893074373936,25.258632420567245,0.9645193219184875
clic2020,clic_test_image_255.png,4,0.15,1512,2016,0.10792496010749979,31.861752111171448,0.902089297771454,0.038504231721162796,0.0560405254364013,3.8902462805203393,25.85780826840741,0.96876722574234
clic2020,clic_test_image_256.png,0,0.05,2016,1512,0.04092655580750819,27.01456543195876,0.8269107341766357,0.08170084655284882,0.0818189978599548,3.213299183033368,22.060339312019643,0.929556369781494
clic2020,clic_test_image_256.png,1,0.075,2016,1512,0.05958154866885026,28.377248905705684,0.8502824306488037,0.06125016510486603,0.0680827498435974,3.309031007222009,23.42302278576657,0.9458381533622742
clic2020,clic_test_image_256.png,2,0.1,2016,1512,0.07829952968841858,29.345743024753467,0.8650130033493042,0.0502096489071846,0.0581691265106201,3.311468428739929,24.391516904814345,0.9549388885498048
clic2020,clic_test_image_256.png,3,0.125,2016,1512,0.09534832451499119,30.063922338660497,0.8753460049629211,0.0429978184401989,0.0482061505317688,3.2827578560011443,25.10969621872137,0.9609029293060304
clic2020,clic_test_image_256.png,4,0.15,2016,1512,0.11152578315276727,30.624647618148167,0.8825731873512268,0.03779878094792366,0.0468503236770629,3.3252156164876334,25.67042149820905,0.9649775624275208
clic2020,clic_test_image_257.png,0,0.05,2016,1512,0.03338897287309986,27.292837544727124,0.7684653401374817,0.09518326818943024,0.0754880905151367,3.0794369272840174,23.208726637606794,0.8963944911956787
clic2020,clic_test_image_257.png,1,0.075,2016,1512,0.051057151255563954,28.532028443250425,0.7986528873443604,0.07317739725112915,0.0598637461662292,3.0122060111379505,24.44791753613009,0.9203454852104188
clic2020,clic_test_image_257.png,2,0.1,2016,1512,0.06909276056101453,29.38283385539425,0.8169324994087219,0.05939551442861557,0.0513676404953002,3.089383006109446,25.29872294827392,0.9340102672576904
clic2020,clic_test_image_257.png,3,0.125,2016,1512,0.0881466784244562,30.13719406151285,0.8335789442062378,0.051057301461696625,0.0453613996505737,3.1164821004327687,26.053083154392525,0.9441943168640136
clic2020,clic_test_image_257.png,4,0.15,2016,1512,0.10704312589233224,30.717739032062333,0.845853328704834,0.045489951968193054,0.0412888526916503,3.0988935404874103,26.633628124942,0.9508212208747864
clic2020,clic_test_image_258.png,0,0.05,2016,1512,0.04911501637692114,23.082545006260435,0.5224640369415283,0.1792532503604889,0.1118941903114318,4.21499354129939,17.11162734393776,0.7579140663146973
clic2020,clic_test_image_258.png,1,0.075,2016,1512,0.1001984126984127,24.58695378794832,0.6439762711524963,0.1371493935585022,0.0909521579742431,4.296737904752299,18.616036125625644,0.8560269474983215
clic2020,clic_test_image_258.png,2,0.1,2016,1512,0.15354938271604937,25.831333645520715,0.7252846360206604,0.11167405545711517,0.0763098001480102,4.409232472291446,19.860415983198035,0.9018555283546448
clic2020,clic_test_image_258.png,3,0.125,2016,1512,0.20528365667254556,26.85624869517648,0.7797776460647583,0.09617654234170914,0.0701231956481933,4.411360609967506,20.88533103285381,0.9272798895835876
clic2020,clic_test_image_258.png,4,0.15,2016,1512,0.2527557319223986,27.68393020408416,0.816939651966095,0.08368634432554245,0.0621982812881469,4.43492505617322,21.713012541761483,0.9427520632743835
clic2020,clic_test_image_259.png,0,0.05,1365,2048,0.041844093406593404,28.332696614338005,0.780133068561554,0.11478258669376373,0.0663219094276428,3.864340419332452,22.178103809683,0.9132404923439026
clic2020,clic_test_image_259.png,1,0.075,1365,2048,0.05932348901098901,29.5231469787462,0.805460512638092,0.08984016627073288,0.0557430982589721,3.717712505379524,23.368554174091184,0.933237075805664
clic2020,clic_test_image_259.png,2,0.1,1365,2048,0.07591002747252747,30.304733064543544,0.8206486105918884,0.074457086622715,0.0474355816841125,3.622964926335558,24.150140259888538,0.9444010853767396
clic2020,clic_test_image_259.png,3,0.125,1365,2048,0.09282852564102564,30.94247902452833,0.8324558138847351,0.0639863982796669,0.0403977036476135,3.5985010728918843,24.787886219873325,0.9524648189544678
clic2020,clic_test_image_259.png,4,0.15,1365,2048,0.10931204212454212,31.40723918159579,0.8413816094398499,0.05643388256430626,0.0374386310577392,3.533625899569735,25.25264637694078,0.9578952193260192
clic2020,clic_test_image_26.png,0,0.05,1638,2048,0.02973805708180708,27.701129799362995,0.6392815113067627,0.18601860105991364,0.0943825840950012,3.4183914251959733,17.30336539855376,0.805828332901001
clic2020,clic_test_image_26.png,1,0.075,1638,2048,0.049226381257631256,28.774580945370325,0.6736209988594055,0.14987236261367798,0.0727579593658447,3.5318805900539894,18.376816544561088,0.8477656245231628
clic2020,clic_test_image_26.png,2,0.1,1638,2048,0.07040312118437118,29.630703980865484,0.7021026015281677,0.12601663172245026,0.0632933378219604,3.5198118196906822,19.232939580056247,0.8774547576904297
clic2020,clic_test_image_26.png,3,0.125,1638,2048,0.09352583180708181,30.36172896945552,0.728194534778595,0.10838927328586578,0.0553228259086608,3.479116686226448,19.963964568646286,0.8994796872138977
clic2020,clic_test_image_26.png,4,0.15,1638,2048,0.11655315170940171,30.954149622811308,0.7495174407958984,0.09682530909776688,0.049376368522644,3.509911579801016,20.556385222002067,0.914970338344574
clic2020,clic_test_image_260.png,0,0.05,2016,1512,0.020476400436717897,31.319602420892977,0.7766133546829224,0.08421159535646439,0.0760307312011718,3.7061174168631865,17.87137686924109,0.90631103515625
clic2020,clic_test_image_260.png,1,0.075,2016,1512,0.02985113798605862,32.417171103052766,0.7971852421760559,0.06716600060462952,0.0606769919395446,3.5677981623305426,18.96894555140088,0.9273058772087096
clic2020,clic_test_image_260.png,2,0.1,2016,1512,0.03990824724951709,33.17706531632141,0.8103618025779724,0.057916995137929916,0.0545815229415893,3.6456037809151702,19.728839764669523,0.939826488494873
clic2020,clic_test_image_260.png,3,0.125,2016,1512,0.05055324598975393,33.79669078636088,0.821696937084198,0.04943528771400452,0.0462180972099304,3.5815004004583217,20.34846523470899,0.9487104415893556
clic2020,clic_test_image_260.png,4,0.15,2016,1512,0.061282228940959096,34.259695452187714,0.8308523893356323,0.04487638175487518,0.0434834361076355,3.527725720321858,20.811469900535823,0.9547725319862366
clic2020,clic_test_image_261.png,0,0.05,1512,2016,0.05341920718904846,25.78096554311169,0.7759660482406616,0.11362865567207336,0.1045728921890258,2.870965850147498,19.316499833140508,0.902925670146942
clic2020,clic_test_image_261.png,1,0.075,1512,2016,0.07937032837826488,27.156198258553083,0.8154127597808838,0.08647984266281128,0.0790558457374572,2.940048837157188,20.691732548581896,0.9285356998443604
clic2020,clic_test_image_261.png,2,0.1,1512,2016,0.10379923574368019,28.126046630069183,0.8394599556922913,0.07028680294752121,0.0675121545791626,2.8066767100604726,21.661580920098,0.94246643781662
clic2020,clic_test_image_261.png,3,0.125,1512,2016,0.12799718652893255,28.91110048048086,0.8562341332435608,0.059297919273376465,0.0563045144081115,2.754088875084855,22.446634770509675,0.9512410163879396
clic2020,clic_test_image_261.png,4,0.15,1512,2016,0.15157575375829344,29.52875082376408,0.8684729337692261,0.05196612328290939,0.0500422716140747,2.7589659856147097,23.06428511379289,0.9574381709098816
clic2020,clic_test_image_262.png,0,0.05,1716,2048,0.022176391317016316,29.95648077681028,0.833611249923706,0.11290909349918365,0.0855754017829895,3.697768920401423,24.82106586706052,0.9133687019348145
clic2020,clic_test_image_262.png,1,0.075,1716,2048,0.033275968822843824,31.052741525472648,0.8488265872001648,0.08988745510578156,0.0701394081115722,3.6281095238058776,25.91732661572289,0.9314193725585938
clic2020,clic_test_image_262.png,2,0.1,1716,2048,0.045331621503496504,31.89457851315219,0.8611720204353333,0.07622881233692169,0.0627816915512085,3.6117725268799385,26.759163603402435,0.9428340792655944
clic2020,clic_test_image_262.png,3,0.125,1716,2048,0.05834334935897436,32.57138586483963,0.8714848756790161,0.0666331946849823,0.0563657879829406,3.513873143059329,27.43597095508988,0.9509007334709167
clic2020,clic_test_image_262.png,4,0.15,1716,2048,0.0711547567016317,33.115040715304964,0.8792464733123779,0.061093706637620926,0.0534218549728393,3.467162704389862,27.97962580555521,0.9563238620758056
clic2020,clic_test_image_263.png,0,0.05,1080,1920,0.018016975308641974,32.678418776762115,0.8275123834609985,0.09638416767120361,0.0736100673675537,5.134797058376502,27.45134367772654,0.9401394724845886
clic2020,clic_test_image_263.png,1,0.075,1080,1920,0.023757716049382715,33.49135996181857,0.8333030939102173,0.08206553757190704,0.0585728287696838,5.06086647162896,28.26428486278299,0.9480612874031068
clic2020,clic_test_image_263.png,2,0.1,1080,1920,0.029205246913580247,34.026819572123195,0.8367145657539368,0.07200483977794647,0.0498676300048828,5.07993739276002,28.799744473087618,0.952569305896759
clic2020,clic_test_image_263.png,3,0.125,1080,1920,0.03547067901234568,34.419629102289065,0.8385471701622009,0.06543223559856415,0.0432250499725341,5.040916819704802,29.192554003253484,0.9557204842567444
clic2020,clic_test_image_263.png,4,0.15,1080,1920,0.041859567901234566,34.69955149460838,0.8393753170967102,0.0605795681476593,0.0393406748771667,5.0605346101116,29.472476395572805,0.957783043384552
clic2020,clic_test_image_264.png,0,0.05,1080,1755,0.025012134641764272,28.203776182152115,0.6540936231613159,0.10964401066303253,0.0904106497764587,3.4761340300852175,22.57032869795881,0.892848551273346
clic2020,clic_test_image_264.png,1,0.075,1080,1755,0.036830220533924235,29.02011561802404,0.6688022017478943,0.09038691222667694,0.0723861455917358,3.4400361402554043,23.38666813383074,0.9065983295440674
clic2020,clic_test_image_264.png,2,0.1,1080,1755,0.05001582779360557,29.54373685080856,0.6792954206466675,0.07902684062719345,0.0642248392105102,3.3756744517804322,23.910289366615267,0.9155743718147278
clic2020,clic_test_image_264.png,3,0.125,1080,1755,0.06348844571066793,29.97473675528001,0.6870077252388,0.06961853802204132,0.0616825222969055,3.306703919402236,24.341289271086705,0.9221524596214294
clic2020,clic_test_image_264.png,4,0.15,1080,1755,0.07733248918434103,30.319381575040456,0.6948416233062744,0.06290824711322784,0.0554581880569458,3.276221503371259,24.68593409084716,0.9276911616325378
clic2020,clic_test_image_265.png,0,0.05,1331,1992,0.023420503954209023,30.075689633405265,0.8788049817085266,0.0559999980032444,0.0616280436515808,4.322816163899793,28.052788578774784,0.9536924362182616
clic2020,clic_test_image_265.png,1,0.075,1331,1992,0.033751836798735134,31.3249347850915,0.8895285725593567,0.04403424635529518,0.0510029196739196,4.308673010854522,29.30203373046101,0.9643617272377014
clic2020,clic_test_image_265.png,2,0.1,1331,1992,0.04314176314574602,32.183399728498614,0.8973910808563232,0.03679553046822548,0.0468801856040954,4.347089062193696,30.160498673868133,0.9700989723205566
clic2020,clic_test_image_265.png,3,0.125,1331,1992,0.05378689815611054,32.823405923920255,0.9029123783111572,0.03182706609368324,0.0446177721023559,4.360437587750141,30.80050486928977,0.9738216400146484
clic2020,clic_test_image_265.png,4,0.15,1331,1992,0.06294750753577798,33.39613577813077,0.9073823690414428,0.02854001708328724,0.0394744277000427,4.346055026759086,31.37323472350029,0.976335346698761
clic2020,clic_test_image_266.png,0,0.05,2000,2000,0.034396,26.0493888983162,0.7099165916442871,0.1294724941253662,0.1088775992393493,3.033075715813948,21.953179438139152,0.8722319602966309
clic2020,clic_test_image_266.png,1,0.075,2000,2000,0.057468,27.17695966278911,0.7485566139221191,0.10217700898647308,0.0947884321212768,2.997520634410869,23.080750202612062,0.9062321782112122
clic2020,clic_test_image_266.png,2,0.1,2000,2000,0.083548,28.06722633330484,0.7791168689727783,0.08462396264076233,0.0868391394615173,2.8766789096832635,23.971016873127788,0.9268214106559752
clic2020,clic_test_image_266.png,3,0.125,2000,2000,0.109044,28.81915915622177,0.8042635321617126,0.07320611923933029,0.079152762889862,2.870818327478886,24.72294969604473,0.9411526322364808
clic2020,clic_test_image_266.png,4,0.15,2000,2000,0.137228,29.43487836585141,0.8241093158721924,0.06442174315452576,0.0752508640289306,2.844049652511707,25.338668905674364,0.9508600234985352
clic2020,clic_test_image_267.png,0,0.05,1512,2016,0.03599248341311834,27.625851250097504,0.6227405667304993,0.15934783220291138,0.0866972804069519,4.29431022897752,20.57172200198076,0.8096389770507812
clic2020,clic_test_image_267.png,1,0.075,1512,2016,0.05508839338204417,28.73259593237135,0.6577027440071106,0.12093246728181839,0.0795010924339294,4.200710489282989,21.67846668425461,0.856861412525177
clic2020,clic_test_image_267.png,2,0.1,1512,2016,0.076168430335097,29.601794331745378,0.68789142370224,0.09976032376289368,0.0716267824172973,4.017054990718354,22.54766508362864,0.8880653381347656
clic2020,clic_test_image_267.png,3,0.125,1512,2016,0.09731145544637608,30.24842311513387,0.7127178907394409,0.08549457788467407,0.0678590536117553,3.9670368457948686,23.19429386701713,0.9081107974052428
clic2020,clic_test_image_267.png,4,0.15,1512,2016,0.11728919963046947,30.730036692730707,0.7302885055541992,0.07608745992183685,0.0636243820190429,3.875452352162617,23.67590744461396,0.920297622680664
clic2020,clic_test_image_268.png,0,0.05,2048,1366,0.05266860358711566,26.40289804774656,0.7538354992866516,0.0969785526394844,0.0751810073852539,3.090991572670231,19.56712637675229,0.9142935276031494
clic2020,clic_test_image_268.png,1,0.075,2048,1366,0.07492793740849195,27.81382679475086,0.7904658317565918,0.07480815052986145,0.0570163130760192,3.011503028941846,20.97805512375659,0.9340736865997314
clic2020,clic_test_image_268.png,2,0.1,2048,1366,0.09654671486090775,28.84705431855933,0.8203027844429016,0.0618865042924881,0.0472989678382873,2.9529639089503594,22.01128264756506,0.94645357131958
clic2020,clic_test_image_268.png,3,0.125,2048,1366,0.11847433199121522,29.69447781278261,0.8425343036651611,0.05214814841747284,0.0417629480361938,2.8477235749129965,22.858706141788343,0.9555428624153136
clic2020,clic_test_image_268.png,4,0.15,2048,1366,0.1394983071010249,30.32498881413485,0.8574800491333008,0.045705556869506836,0.0357798337936401,2.849608530418783,23.48921714314059,0.961583375930786
clic2020,clic_test_image_269.png,0,0.05,2048,2048,0.023166656494140625,30.89015041130525,0.8740344047546387,0.06318297982215881,0.0727978944778442,4.1659767319682794,28.50322806537668,0.9430227875709534
clic2020,clic_test_image_269.png,1,0.075,2048,2048,0.031940460205078125,32.03703535110412,0.8851510286331177,0.0499785840511322,0.0600749850273132,4.200230529993617,29.650113005175548,0.9530399441719056
clic2020,clic_test_image_269.png,2,0.1,2048,2048,0.040431976318359375,32.971204607310014,0.8931536674499512,0.04137451946735382,0.0511389374732971,4.212673159664583,30.584282261381446,0.9590651392936708
clic2020,clic_test_image_269.png,3,0.125,2048,2048,0.049190521240234375,33.60689310648176,0.8981702923774719,0.03613210842013359,0.0441036820411682,4.203381324447371,31.2199707605532,0.9631687998771667
clic2020,clic_test_image_269.png,4,0.15,2048,2048,0.058101654052734375,34.0858260526109,0.9022188782691956,0.03188781812787056,0.0391949415206909,4.287951969876188,31.69890370668233,0.9661428332328796
clic2020,clic_test_image_27.png,0,0.05,1512,2016,0.12731481481481483,21.355002521510936,0.6008543968200684,0.15955817699432373,0.0898714065551757,2.0761010935869275,14.918513905262838,0.8683659434318542
clic2020,clic_test_image_27.png,1,0.075,1512,2016,0.19607688754514152,22.86431466960681,0.6814805865287781,0.11578395962715149,0.0711988806724548,2.047047889250333,16.427826053358707,0.9087297320365906
clic2020,clic_test_image_27.png,2,0.1,1512,2016,0.2596109431426892,23.935780179292244,0.7298605442047119,0.09275387227535248,0.0620777010917663,2.0941824972939362,17.499291563044142,0.9293463826179504
clic2020,clic_test_image_27.png,3,0.125,1512,2016,0.31990110859158477,24.7893673520202,0.7633265852928162,0.07635422796010971,0.0520922541618347,2.054679900991373,18.35287873577209,0.9425346255302428
clic2020,clic_test_image_27.png,4,0.15,1512,2016,0.3771363483665071,25.45673341883893,0.7873237133026123,0.06625672429800034,0.0469140410423278,2.0604904907200443,19.020244802590824,0.9511515498161316
clic2020,clic_test_image_270.png,0,0.05,1365,2048,0.031919642857142855,26.387627036509528,0.4659731090068817,0.16049565374851227,0.0857840180397033,3.5066732348360343,18.95831986400443,0.7972266674041748
clic2020,clic_test_image_270.png,1,0.075,1365,2048,0.04477449633699634,26.80988285985417,0.4762102663516998,0.13379676640033722,0.0724586844444274,3.547128851989051,19.380575687349072,0.8201791644096375
clic2020,clic_test_image_270.png,2,0.1,1365,2048,0.05912889194139194,27.15329810672607,0.4871249496936798,0.11522446572780609,0.0640721917152404,3.4556930161186035,19.72399093422097,0.8406373858451843
clic2020,clic_test_image_270.png,3,0.125,1365,2048,0.07773008241758242,27.51810171184228,0.5042936205863953,0.1024947538971901,0.0576624870300293,3.410086133196407,20.08879453933718,0.858942449092865
clic2020,clic_test_image_270.png,4,0.15,1365,2048,0.09898695054945054,27.855002367556946,0.5221924781799316,0.09466996788978577,0.0541945099830627,3.330236066829255,20.42569519505184,0.8726690411567688
clic2020,clic_test_image_271.png,0,0.05,2048,1536,0.014195760091145834,32.23730269651194,0.9433767199516296,0.025420043617486954,0.075548768043518,5.607093551663045,31.32931302993424,0.9745994210243224
clic2020,clic_test_image_271.png,1,0.075,2048,1536,0.019190470377604168,33.07803168771068,0.948720157146454,0.019816778600215912,0.0655693411827087,5.6628558797438675,32.17004202113298,0.9787712693214417
clic2020,clic_test_image_271.png,2,0.1,2048,1536,0.023951212565104168,34.120326038164734,0.9532995223999025,0.016354255378246307,0.0600770115852355,5.608348814285232,33.212336371587035,0.9818370938301086
clic2020,clic_test_image_271.png,3,0.125,2048,1536,0.0316009521484375,34.82658197857965,0.9571462273597716,0.014285454526543617,0.0533334016799926,5.638728561912479,33.91859231200195,0.9843090176582336
clic2020,clic_test_image_271.png,4,0.15,2048,1536,0.036890665690104164,35.4291237154528,0.9602062702178956,0.012250897474586964,0.0467768311500549,5.6979909320761175,34.521134048875105,0.9861342310905457
clic2020,clic_test_image_272.png,0,0.05,2048,1367,0.021048600950987564,32.63489590838792,0.8802562355995178,0.0619041845202446,0.0606389045715332,5.137567911455925,29.229988467320965,0.9586361050605774
clic2020,clic_test_image_272.png,1,0.075,2048,1367,0.027358037673738112,33.713055377524846,0.8868445158004761,0.04931783303618431,0.0505290627479553,5.158730024347747,30.308147936457893,0.9655200839042664
clic2020,clic_test_image_272.png,2,0.1,2048,1367,0.03487906912948061,34.38195716101264,0.8914363980293274,0.041423432528972626,0.0416246056556701,5.097171773502317,30.977049719945683,0.9698511958122252
clic2020,clic_test_image_272.png,3,0.125,2048,1367,0.04270871433796635,34.90671419913085,0.8938817381858826,0.035957153886556625,0.0380185842514038,5.0364786036487,31.501806758063896,0.9726672172546388
clic2020,clic_test_image_272.png,4,0.15,2048,1367,0.04872096744696416,35.27595349480872,0.8963287472724915,0.032081808894872665,0.0335561037063598,4.986832924752293,31.871046053741768,0.974690854549408
clic2020,clic_test_image_273.png,0,0.05,1512,2016,0.051246115730242715,26.451587465205463,0.685745120048523,0.11363890767097473,0.0616379976272583,2.7593528449140505,20.14365904683539,0.8577699661254883
clic2020,clic_test_image_273.png,1,0.075,1512,2016,0.07594797178130512,27.701301325836187,0.7273917198181152,0.08591735363006592,0.0488232970237731,2.653157191807454,21.39337290746611,0.8910120129585266
clic2020,clic_test_image_273.png,2,0.1,1512,2016,0.10141618375745359,28.64262222983056,0.7577773928642273,0.06944825500249863,0.0402258038520813,2.5201762676465607,22.33469381146048,0.9122230410575868
clic2020,clic_test_image_273.png,3,0.125,1512,2016,0.12727282270933066,29.41186898634928,0.7819345593452454,0.05814141407608986,0.0353432893753051,2.4861633346881193,23.1039405679792,0.9267594218254088
clic2020,clic_test_image_273.png,4,0.15,1512,2016,0.15359137482153354,30.030989539175792,0.8014994859695435,0.05090776085853577,0.0319987535476684,2.4379393622939842,23.72306112080572,0.9375759959220886
clic2020,clic_test_image_274.png,0,0.05,1476,984,0.036012514596690685,26.233790811598816,0.8403563499450684,0.05893900990486145,0.0895290970802307,3.381367704375805,20.609225627556206,0.9426344037055968
clic2020,clic_test_image_274.png,1,0.075,1476,984,0.05729614206711173,27.39347605564081,0.864130437374115,0.04589428752660751,0.0748917460441589,3.2775494709110973,21.76891087159821,0.9571935534477234
clic2020,clic_test_image_274.png,2,0.1,1476,984,0.08234736818912905,28.397616799768382,0.8824213147163391,0.037454307079315186,0.0696475505828857,3.2996324438817752,22.77305161572578,0.9656634330749512
clic2020,clic_test_image_274.png,3,0.125,1476,984,0.10530548394914843,29.18194642314348,0.8966925144195557,0.032052915543317795,0.0700713396072387,3.258332559909804,23.55738123910087,0.971346378326416
clic2020,clic_test_image_274.png,4,0.15,1476,984,0.13011434992398704,29.78599447796569,0.9076687693595886,0.0280825886875391,0.0625841617584228,3.2224928184328197,24.161429293923085,0.975351870059967
clic2020,clic_test_image_275.png,0,0.05,1512,2016,0.10389371798101957,23.05508481989328,0.8852881193161011,0.062074676156044006,0.1227474212646484,4.940057582414501,17.246673866583293,0.9379303455352784
clic2020,clic_test_image_275.png,1,0.075,1512,2016,0.14806941295036533,24.3182298219952,0.9039558172225952,0.04510578140616417,0.0959271192550659,4.947726451558695,18.50981886868521,0.9529752731323242
clic2020,clic_test_image_275.png,2,0.1,1512,2016,0.19105883093978332,25.19477341436681,0.9148520827293396,0.037062518298625946,0.0811486840248107,4.934553142257475,19.38636246105684,0.9614505767822266
clic2020,clic_test_image_275.png,3,0.125,1512,2016,0.23504556143445032,25.88669312486104,0.9223484396934508,0.03179227560758591,0.0737565755844116,5.057262811247368,20.07828217155106,0.9669683575630188
clic2020,clic_test_image_275.png,4,0.15,1512,2016,0.2792737465356513,26.420087106198537,0.927842378616333,0.02867428958415985,0.0663983821868896,5.084568681178604,20.61167615288856,0.970545768737793
clic2020,clic_test_image_276.png,0,0.05,1512,2016,0.06303539934492315,23.936034697204803,0.5736886858940125,0.1521291732788086,0.0872564315795898,2.312876340854393,19.124283813609427,0.811408281326294
clic2020,clic_test_image_276.png,1,0.075,1512,2016,0.10234001007810532,25.28729826139951,0.6495293974876404,0.11548639088869095,0.0720967054367065,2.31585588150472,20.475547377804126,0.8682716488838196
clic2020,clic_test_image_276.png,2,0.1,1512,2016,0.1433138070042832,26.35112573930628,0.7045201063156128,0.09266610443592072,0.0586025118827819,2.313180200334946,21.539374855710896,0.9014564156532288
clic2020,clic_test_image_276.png,3,0.125,1512,2016,0.18472852103804485,27.22392312370286,0.7450794577598572,0.07564208656549454,0.0523870587348938,2.381931165928098,22.412172240107484,0.9226420521736144
clic2020,clic_test_image_276.png,4,0.15,1512,2016,0.22551335348954396,27.938318863602667,0.7759521007537842,0.06561841070652008,0.0477823615074157,2.4048744795343793,23.12656798000729,0.9367201328277588
clic2020,clic_test_image_277.png,0,0.05,1365,2048,0.02099931318681319,31.39685959512197,0.8548367023468018,0.08502848446369171,0.0808050632476806,4.307382590272513,23.72619988972601,0.935234546661377
clic2020,clic_test_image_277.png,1,0.075,1365,2048,0.030282738095238095,32.45680465793962,0.8645371794700623,0.06628450006246567,0.065279483795166,4.317936022181278,24.786144952543665,0.9468846917152404
clic2020,clic_test_image_277.png,2,0.1,1365,2048,0.03953182234432234,33.24025227751409,0.8728421926498413,0.056787438690662384,0.0564382076263427,4.315486944863178,25.569592572118125,0.9546623229980468
clic2020,clic_test_image_277.png,3,0.125,1365,2048,0.04945627289377289,33.85335331763099,0.878567099571228,0.04916707053780556,0.0468717217445373,4.257249315006744,26.182693612235028,0.9599616527557372
clic2020,clic_test_image_277.png,4,0.15,1365,2048,0.05857944139194139,34.27991928405787,0.8825492262840271,0.04499374330043793,0.0439258813858032,4.206603626517051,26.60925957866191,0.9639977812767028
clic2020,clic_test_image_278.png,0,0.05,1512,2016,0.029840639959687578,29.108274190836045,0.7841621041297913,0.11099112033843994,0.0713579654693603,3.8120908892136915,22.843606892839627,0.9079358577728271
clic2020,clic_test_image_278.png,1,0.075,1512,2016,0.042816200554295795,30.3290932502733,0.8037508726119995,0.0870048850774765,0.0568141341209411,3.6997182664554247,24.06442595227688,0.9256107211112976
clic2020,clic_test_image_278.png,2,0.1,1512,2016,0.057240488788107835,31.181647431398275,0.8154450058937073,0.06977810710668564,0.0454495549201965,3.730423836289051,24.916980133401854,0.9359527230262756
clic2020,clic_test_image_278.png,3,0.125,1512,2016,0.07221067439321407,31.818614424814147,0.8245077133178711,0.05886756628751755,0.0396468043327331,3.6926186912054,25.553947126817725,0.9430573582649232
clic2020,clic_test_image_278.png,4,0.15,1512,2016,0.08626753170403964,32.330863930215244,0.8310111165046692,0.05142597854137421,0.037230372428894,3.710201325709731,26.066196632218823,0.9484055638313292
clic2020,clic_test_image_279.png,0,0.05,1401,2048,0.021318477872947893,31.156051078305342,0.8248725533485413,0.07050076127052307,0.0822813510894775,4.547322799167102,28.640471523305173,0.9441198706626892
clic2020,clic_test_image_279.png,1,0.075,1401,2048,0.027998973947180584,32.41981279640019,0.8385698199272156,0.05629197135567665,0.0722301602363586,4.626038606623152,29.90423324140001,0.9544901251792908
clic2020,clic_test_image_279.png,2,0.1,1401,2048,0.034802150249821556,33.17389277483605,0.8458215594291687,0.04768611863255501,0.0636820793151855,4.657893719547211,30.658313219835875,0.9597063064575196
clic2020,clic_test_image_279.png,3,0.125,1401,2048,0.043255933261955745,33.77078168838624,0.8510556221008301,0.042060043662786484,0.0573233366012573,4.549293368805782,31.255202133386064,0.9636282324790956
clic2020,clic_test_image_279.png,4,0.15,1401,2048,0.05034908101356174,34.0789763461141,0.854170024394989,0.03810211643576622,0.0479845404624938,4.615946396616533,31.56339679111393,0.9660661816596984
clic2020,clic_test_image_28.png,0,0.05,2016,1512,0.13102061812379273,20.26283805014413,0.6732967495918274,0.1317562460899353,0.1244841814041137,2.2613668209665607,14.615002299152389,0.883091926574707
clic2020,clic_test_image_28.png,1,0.075,2016,1512,0.21648505081044764,21.76804539904814,0.757557213306427,0.09602668136358261,0.0969734787940979,2.644142758297015,16.120209648056402,0.924144983291626
clic2020,clic_test_image_28.png,2,0.1,2016,1512,0.2880500965818426,22.75942968685932,0.8027949333190918,0.07587892562150955,0.079538345336914,2.8310094574868705,17.111593935867578,0.9430063366889954
clic2020,clic_test_image_28.png,3,0.125,2016,1512,0.35117472915091963,23.51132787341666,0.831975519657135,0.06432715803384781,0.072120726108551,2.8688895035519733,17.863492122424923,0.9543373584747314
clic2020,clic_test_image_28.png,4,0.15,2016,1512,0.4088193919543126,24.092725104316628,0.8512136340141296,0.0571541003882885,0.0669174194335937,2.9700570828284865,18.44488935332489,0.9611276984214784
clic2020,clic_test_image_280.png,0,0.05,2048,1365,0.03945169413919414,29.392183530111264,0.8578058481216431,0.08179637789726257,0.0739685893058776,4.115485408098795,22.213483404272324,0.9438517093658448
clic2020,clic_test_image_280.png,1,0.075,2048,1365,0.05410370879120879,30.574127383730143,0.8707999587059021,0.06331584602594376,0.0662444829940795,4.0671053312528755,23.39542725789121,0.9550824165344238
clic2020,clic_test_image_280.png,2,0.1,2048,1365,0.06757669413919414,31.33499021589675,0.8772566914558411,0.052073560655117035,0.0569974780082702,4.0917694476761515,24.15629009005781,0.960789680480957
clic2020,clic_test_image_280.png,3,0.125,2048,1365,0.08142742673992674,31.920144661287736,0.8823184967041016,0.04473947361111641,0.0528409481048584,4.075714873650842,24.7414445354488,0.9646623730659484
clic2020,clic_test_image_280.png,4,0.15,2048,1365,0.09414491758241758,32.35829608411868,0.8858795166015625,0.039661653339862823,0.0490629076957702,4.037448609297795,25.179595958279744,0.967190682888031
clic2020,clic_test_image_281.png,0,0.05,1356,2037,0.047666836098548535,28.2384865250284,0.7835314273834229,0.14301326870918274,0.0809965133666992,3.452002705804637,17.304771487925382,0.8851937651634216
clic2020,clic_test_image_281.png,1,0.075,1356,2037,0.07091810357935711,29.67202092446984,0.8233843445777893,0.10717953741550446,0.06695556640625,3.384561678205005,18.73830588736681,0.919496774673462
clic2020,clic_test_image_281.png,2,0.1,1356,2037,0.0929181817786872,30.703169245366748,0.8489230275154114,0.0877411738038063,0.0619341731071472,3.3527386446666925,19.76945420826373,0.9384598731994628
clic2020,clic_test_image_281.png,3,0.125,1356,2037,0.11534690815778308,31.578229005098763,0.8679642081260681,0.0732673928141594,0.0544314384460449,3.315872352976946,20.644513967995746,0.9509698748588562
clic2020,clic_test_image_281.png,4,0.15,1356,2037,0.13609579707563468,32.22965917476036,0.8810471892356873,0.06394802033901215,0.0472643375396728,3.284496818438477,21.295944137657337,0.9584895968437196
clic2020,clic_test_image_282.png,0,0.05,1152,2048,0.03999159071180555,27.848565273615584,0.77801513671875,0.08955421298742294,0.0761430263519287,3.037093076904467,21.34446691739052,0.9126856923103333
clic2020,clic_test_image_282.png,1,0.075,1152,2048,0.05685085720486111,29.13186779906185,0.811908483505249,0.06938350200653076,0.0590840578079223,2.955350934444212,22.62776944283679,0.9336233139038086
clic2020,clic_test_image_282.png,2,0.1,1152,2048,0.07312689887152778,29.94558654155165,0.8313179016113281,0.05805249139666557,0.0557215213775634,3.021547904068358,23.441488185326584,0.9446125626564026
clic2020,clic_test_image_282.png,3,0.125,1152,2048,0.08947075737847222,30.6064003526424,0.8457104563713074,0.04938530921936035,0.0465284585952758,2.993535696185544,24.10230199641733,0.9523860812187196
clic2020,clic_test_image_282.png,4,0.15,1152,2048,0.10561116536458333,31.127994534379354,0.8567739725112915,0.044145289808511734,0.0443211793899536,2.9212416438800672,24.62389617815429,0.9577407836914062
clic2020,clic_test_image_283.png,0,0.05,1037,1565,0.0591630440475567,25.25611906765494,0.5869866013526917,0.1916017234325409,0.0989350080490112,3.3341824838702325,19.815434809246984,0.8120067715644836
clic2020,clic_test_image_283.png,1,0.075,1037,1565,0.0929592305156494,26.51400506875678,0.6443369388580322,0.1473153680562973,0.085170567035675,3.287815043019206,21.07332081034883,0.8671875
clic2020,clic_test_image_283.png,2,0.1,1037,1565,0.12675541698374213,27.428444375647,0.6843869686126709,0.12072152644395828,0.0734977722167968,3.2076194677459466,21.98776011723904,0.8970968723297119
clic2020,clic_test_image_283.png,3,0.125,1037,1565,0.15936853974816764,28.15503763243857,0.7122443318367004,0.10287904739379883,0.0670238137245178,3.19118929290276,22.71435337403062,0.9157118201255798
clic2020,clic_test_image_283.png,4,0.15,1037,1565,0.19073944562374262,28.704981008412133,0.732402503490448,0.09123540669679642,0.0593288540840148,3.106009191978118,23.26429675000417,0.9271132946014404
clic2020,clic_test_image_284.png,0,0.05,1247,1868,0.06451801239462934,24.611446748975613,0.6511857509613037,0.13378362357616425,0.0999099016189575,2.2466742283542587,21.679064267197884,0.8740059733390808
clic2020,clic_test_image_284.png,1,0.075,1247,1868,0.09266608167954268,25.72333818021562,0.6881957650184631,0.1024574562907219,0.0858307480812072,2.3223546763332785,22.79095569843789,0.902103841304779
clic2020,clic_test_image_284.png,2,0.1,1247,1868,0.1202509148294236,26.47379597236376,0.7106904983520508,0.08369157463312149,0.0772791504859924,2.3656243005435718,23.541413490586024,0.9183892607688904
clic2020,clic_test_image_284.png,3,0.125,1247,1868,0.14813797224688288,27.062447358199783,0.7289102673530579,0.0721757560968399,0.0714438557624816,2.399563446064857,24.13006487642205,0.929905891418457
clic2020,clic_test_image_284.png,4,0.15,1247,1868,0.17628604153179622,27.504698760747512,0.7433421611785889,0.0637626051902771,0.0667788982391357,2.4379564269581984,24.57231627896978,0.9380503296852112
clic2020,clic_test_image_285.png,0,0.05,2048,1365,0.019522664835164835,37.533572085658776,0.9684517979621888,0.024750158190727234,0.0859513282775878,6.846152586744174,36.53414810596358,0.9830780029296876
clic2020,clic_test_image_285.png,1,0.075,2048,1365,0.009529532967032968,38.20118578460478,0.969210684299469,0.019420981407165527,0.0657850503921508,6.83140073955921,37.20176180490958,0.9852235317230223
clic2020,clic_test_image_285.png,2,0.1,2048,1365,0.01441735347985348,39.890273513366495,0.969867467880249,0.01703053154051304,0.0562715530395507,6.632866416522128,38.89084953367129,0.9863941669464112
clic2020,clic_test_image_285.png,3,0.125,2048,1365,0.01358173076923077,40.01194453558004,0.9701818227767944,0.015566473826766014,0.0553843975067138,6.656583851163358,39.01252055588484,0.987281858921051
clic2020,clic_test_image_285.png,4,0.15,2048,1365,0.016031364468864467,40.60479516821126,0.9706177115440368,0.01397600956261158,0.0530587434768676,6.610563662330768,39.60537118851606,0.9879229068756104
clic2020,clic_test_image_286.png,0,0.05,1512,2016,0.033294490635760475,30.41301286367004,0.8734647631645203,0.07478243857622147,0.0632398128509521,4.289079467051884,23.68328275046133,0.9519545435905457
clic2020,clic_test_image_286.png,1,0.075,1512,2016,0.04453787687914672,31.83109627715175,0.8933395147323608,0.05621420219540596,0.0520498156547546,4.233793142553152,25.10136616394305,0.9643502235412598
clic2020,clic_test_image_286.png,2,0.1,1512,2016,0.0556657848324515,32.775697571613705,0.9052839875221252,0.04568410664796829,0.0442570447921752,4.18178629667428,26.04596745840501,0.971106231212616
clic2020,clic_test_image_286.png,3,0.125,1512,2016,0.06645775594188293,33.46346951034913,0.9135751128196716,0.03819817304611206,0.0404756665229797,4.231241762813491,26.733739397140432,0.9753189086914062
clic2020,clic_test_image_286.png,4,0.15,1512,2016,0.076913790207441,33.99423574901684,0.9194633960723876,0.03370694816112518,0.0362363457679748,4.225088711251453,27.264505635808145,0.978219747543335
clic2020,clic_test_image_287.png,0,0.05,1512,2016,0.04277420844881162,26.829366200038507,0.7874987721443176,0.07414308190345764,0.1189540028572082,3.170919971681555,22.398313009649733,0.9159207940101624
clic2020,clic_test_image_287.png,1,0.075,1512,2016,0.06377026119089611,28.15773371577538,0.8296518325805664,0.05619693920016289,0.0944278836250305,3.2939591024321673,23.726680525386605,0.9407527446746826
clic2020,clic_test_image_287.png,2,0.1,1512,2016,0.08587910472831108,29.164204822000617,0.8579146862030029,0.04636841267347336,0.085253357887268,3.2702270503839617,24.733151631611847,0.9545839428901672
clic2020,clic_test_image_287.png,3,0.125,1512,2016,0.10861782984798858,29.98483840520185,0.8783369660377502,0.03879746049642563,0.073379099369049,3.2646473003456795,25.553785214813075,0.9634230136871338
clic2020,clic_test_image_287.png,4,0.15,1512,2016,0.13149302931048962,30.613961909605024,0.8926961421966553,0.03369370847940445,0.0659904479980468,3.332887010290786,26.18290871921625,0.968866527080536
clic2020,clic_test_image_288.png,0,0.05,1365,2048,0.025383470695970696,31.536749119246338,0.8125009536743164,0.07451308518648148,0.0711640119552612,5.253999376783082,20.74886846939065,0.9457213878631592
clic2020,clic_test_image_288.png,1,0.075,1365,2048,0.030420100732600732,32.36277697189899,0.8060619831085205,0.06202913820743561,0.065678060054779,5.034101521016172,21.5748963220433,0.9522330164909364
clic2020,clic_test_image_288.png,2,0.1,1365,2048,0.04498054029304029,33.261448039496806,0.8269281983375549,0.05188392102718353,0.0540566444396972,5.226393669824736,22.473567389641115,0.9592072367668152
clic2020,clic_test_image_288.png,3,0.125,1365,2048,0.05381753663003663,33.7221038167293,0.8296192288398743,0.04736313968896866,0.0498666763305664,5.35112696456427,22.93422316687361,0.96120423078537
clic2020,clic_test_image_288.png,4,0.15,1365,2048,0.0591632326007326,34.0516854649009,0.8309236168861389,0.0428161695599556,0.0458595752716064,5.353899751724041,23.263804815045216,0.96279639005661
clic2020,clic_test_image_289.png,0,0.05,2016,1512,0.020455404383975813,30.85700427406167,0.8456391096115112,0.09948000311851501,0.0925085544586181,4.16250225518044,25.43103489168547,0.9443818926811218
clic2020,clic_test_image_289.png,1,0.075,2016,1512,0.028454900478710004,32.19118335206629,0.8603135347366333,0.08056380599737167,0.0740677118301391,4.0907908811525235,26.765213969690084,0.9553843140602112
clic2020,clic_test_image_289.png,2,0.1,2016,1512,0.036695851179978166,32.97546608951445,0.8701141476631165,0.0704963356256485,0.061278223991394,4.134607029095472,27.549496707138243,0.9615778923034668
clic2020,clic_test_image_289.png,3,0.125,2016,1512,0.04539871504157218,33.76900512310837,0.8759980201721191,0.06108039617538452,0.0548957586288452,4.045942919004116,28.34303574073217,0.9655736088752748
clic2020,clic_test_image_289.png,4,0.15,2016,1512,0.054867934828252286,34.26939093403772,0.8801130652427673,0.05576430633664131,0.0534224510192871,3.9900896820689313,28.84342155166152,0.968198537826538
clic2020,clic_test_image_29.png,0,0.05,2048,1473,0.05447534792939579,24.296980778764187,0.4659162163734436,0.16686588525772095,0.1051968932151794,2.6135070459179444,21.38898531497637,0.6716006398200989
clic2020,clic_test_image_29.png,1,0.075,2048,1473,0.08888641378139851,25.41768961371965,0.526785135269165,0.13070987164974213,0.0822217464447021,2.7430177329214414,22.50969414993184,0.7543354630470276
clic2020,clic_test_image_29.png,2,0.1,2048,1473,0.1285588509843856,26.288195929708618,0.5823670625686646,0.10978104174137115,0.0715832114219665,2.6751684917085687,23.380200465920808,0.8119866251945496
clic2020,clic_test_image_29.png,3,0.125,2048,1473,0.17212427868295996,27.00362050163629,0.6297785043716431,0.09402904659509659,0.0616875886917114,2.6608212485590883,24.09562503784848,0.8515176773071289
clic2020,clic_test_image_29.png,4,0.15,2048,1473,0.21626251697216564,27.617958904573207,0.6680071949958801,0.0827852264046669,0.0558602809906005,2.5723416736786073,24.7099634407854,0.8774974346160889
clic2020,clic_test_image_290.png,0,0.05,2048,1463,0.017093515037593984,32.92630750756268,0.8127710819244385,0.08262559026479721,0.0717830657958984,4.350693039926932,20.111515020553977,0.9401264190673828
clic2020,clic_test_image_290.png,1,0.075,2048,1463,0.023629741968557758,33.71924142618173,0.8059331774711609,0.06640322506427765,0.0562508702278137,4.463073378346319,20.90444893917304,0.9469901919364928
clic2020,clic_test_image_290.png,2,0.1,2048,1463,0.03427781100478469,34.28318930258667,0.826404869556427,0.05736379325389862,0.0492627024650573,4.36136018968089,21.46839681557797,0.9536263346672058
clic2020,clic_test_image_290.png,3,0.125,2048,1463,0.03741776315789474,34.567894000660026,0.8291890621185303,0.05036609619855881,0.0437662601470947,4.350143120464796,21.753101513651323,0.957370102405548
clic2020,clic_test_image_290.png,4,0.15,2048,1463,0.04329182330827068,34.824393479893615,0.8311557173728943,0.04461585357785225,0.0383321642875671,4.347725082965013,22.00960099288491,0.959930956363678
clic2020,clic_test_image_291.png,0,0.05,2016,1512,0.059854497354497355,23.77400335132975,0.7241758704185486,0.13349848985671997,0.09738689661026,2.36186791174816,19.14456764942169,0.8774805665016174
clic2020,clic_test_image_291.png,1,0.075,2016,1512,0.09871819098009574,25.163549786291863,0.7735354900360107,0.09960994869470596,0.0784905552864074,2.444431386799525,20.5341140843838,0.9125861525535583
clic2020,clic_test_image_291.png,2,0.1,2016,1512,0.13517783656672547,26.15805765973036,0.8056080937385559,0.08025889098644257,0.0701350569725036,2.405433687540893,21.5286219578223,0.9315250515937804
clic2020,clic_test_image_291.png,3,0.125,2016,1512,0.17080813807004283,26.925594275254525,0.8291459679603577,0.0678177997469902,0.0602720975875854,2.4278348548482183,22.296158573346464,0.9443631172180176
clic2020,clic_test_image_291.png,4,0.15,2016,1512,0.20388741916519695,27.54582942495192,0.8471450805664062,0.05896282196044922,0.0561534762382507,2.4351274289425606,22.91639372304386,0.9531164169311525
clic2020,clic_test_image_292.png,0,0.05,1397,2048,0.027710048317823907,27.46456131692078,0.6666896343231201,0.15018203854560852,0.0951652526855468,2.400328361503032,19.879684261432004,0.8281679749488831
clic2020,clic_test_image_292.png,1,0.075,1397,2048,0.04452062455261274,28.34653281526205,0.6952004432678223,0.1160445585846901,0.0760349035263061,2.3303526921623603,20.76165575977328,0.8628966808319092
clic2020,clic_test_image_292.png,2,0.1,1397,2048,0.0634786596277738,29.08292379858648,0.7214468717575073,0.0980764627456665,0.0744192600250244,2.4161227428648364,21.498046743097703,0.8876152038574219
clic2020,clic_test_image_292.png,3,0.125,1397,2048,0.08535589656406585,29.72058181759715,0.7437604069709778,0.08426712453365326,0.065631091594696,2.375830880040431,22.13570476210837,0.905889093875885
clic2020,clic_test_image_292.png,4,0.15,1397,2048,0.1081167233357194,30.287698195684435,0.7643014192581177,0.07435685396194458,0.0601946711540222,2.3860281757640514,22.70282114019566,0.9194097518920898
clic2020,clic_test_image_293.png,0,0.05,2048,1365,0.018675595238095238,33.523093712263346,0.938143789768219,0.0573582649230957,0.0806739330291748,5.872608434669599,26.086543719511926,0.9664193987846376
clic2020,clic_test_image_293.png,1,0.075,2048,1365,0.024421932234432234,34.683473869391804,0.944625735282898,0.04606734588742256,0.0671378374099731,5.95903308057984,27.246923876640388,0.973567545413971
clic2020,clic_test_image_293.png,2,0.1,2048,1365,0.03020260989010989,35.7559651116501,0.9480007290840148,0.03824178874492645,0.0599834322929382,5.96732771472856,28.31941511889868,0.977214813232422
clic2020,clic_test_image_293.png,3,0.125,2048,1365,0.035468177655677655,36.29620843681265,0.9496052861213684,0.03316015005111694,0.0521749854087829,5.9370003140201,28.859658444061225,0.979567527770996
clic2020,clic_test_image_293.png,4,0.15,2048,1365,0.04089400183150183,36.97633999630696,0.951563000679016,0.029618168249726295,0.0449758768081665,5.920590825737272,29.53979000355554,0.9813756942749025
clic2020,clic_test_image_294.png,0,0.05,1536,2048,0.060338338216145836,24.956413548260883,0.7652503252029419,0.0956822857260704,0.0762345194816589,2.6547370783504136,15.835305139563047,0.9186262488365172
clic2020,clic_test_image_294.png,1,0.075,1536,2048,0.08752950032552083,26.17913380586188,0.7968870401382446,0.07191016525030136,0.0583378672599792,2.5545807313373152,17.058025397164037,0.9400582313537598
clic2020,clic_test_image_294.png,2,0.1,1536,2048,0.11431376139322917,27.14551949188796,0.8201653361320496,0.05840691924095154,0.0490689277648925,2.4780702919400754,18.02441108319012,0.9512730240821838
clic2020,clic_test_image_294.png,3,0.125,1536,2048,0.1396331787109375,27.80851226578696,0.8371285796165466,0.04970327764749527,0.0430839657783508,2.4206823488297826,18.687403857089123,0.9583368301391602
clic2020,clic_test_image_294.png,4,0.15,1536,2048,0.1639251708984375,28.38034499173457,0.8467926979064941,0.043644290417432785,0.039366602897644,2.4516969975749037,19.259236583036746,0.9633763432502748
clic2020,clic_test_image_295.png,0,0.05,1512,2016,0.04313114134542706,27.0856164655128,0.8591562509536743,0.08392457664012909,0.1204948425292968,3.629032279315803,24.03219512191178,0.9426860809326172
clic2020,clic_test_image_295.png,1,0.075,1512,2016,0.06273095658016294,28.51632083525396,0.879244863986969,0.06474587321281433,0.1023339033126831,3.686596969394309,25.46289949165294,0.954638659954071
clic2020,clic_test_image_295.png,2,0.1,1512,2016,0.0815854119425548,29.5621552280856,0.8927100896835327,0.05365138500928879,0.0941793322563171,3.5772287191026826,26.50873388448458,0.9617424607276917
clic2020,clic_test_image_295.png,3,0.125,1512,2016,0.10025090283026791,30.398023176293822,0.9032586812973022,0.04583926498889923,0.0888572931289672,3.657302791592879,27.344601832692813,0.967041015625
clic2020,clic_test_image_295.png,4,0.15,1512,2016,0.11858045687410766,31.065908833618515,0.9108737111091614,0.040379200130701065,0.0873052477836608,3.5920662158794756,28.012487490017502,0.9705738425254822
clic2020,clic_test_image_296.png,0,0.05,1366,2048,0.04446719436310395,27.94224849907476,0.7999467849731445,0.1020045205950737,0.068256139755249,3.23624312386076,23.247253261642697,0.916799247264862
clic2020,clic_test_image_296.png,1,0.075,1366,2048,0.06305476756954612,29.20245674690583,0.8254757523536682,0.07573621720075607,0.0533673167228698,3.1596262476496,24.50746150947377,0.9382413029670716
clic2020,clic_test_image_296.png,2,0.1,1366,2048,0.08109329245973645,30.089533266266987,0.8410177230834961,0.06030390411615372,0.0452028512954711,3.1213127791870066,25.394538028834926,0.9497361183166504
clic2020,clic_test_image_296.png,3,0.125,1366,2048,0.09898311676427525,30.78181465526907,0.852910041809082,0.05101045221090317,0.0397036075592041,3.0848416877362275,26.08681941783701,0.9574106335639954
clic2020,clic_test_image_296.png,4,0.15,1366,2048,0.11630101573938506,31.332948863419617,0.8622201681137085,0.04492766410112381,0.0349504351615905,3.059322098144721,26.63795362598756,0.9629116058349608
clic2020,clic_test_image_297.png,0,0.05,2016,1512,0.05178151507516587,25.094508426952835,0.7173985242843628,0.10593932867050171,0.0761842727661132,2.5898976532730424,18.97877604306036,0.8978583812713623
clic2020,clic_test_image_297.png,1,0.075,2016,1512,0.07976925338036449,26.36870806411605,0.7593643069267273,0.08008542656898499,0.0583130121231079,2.534582159756331,20.25297568022357,0.9226834177970886
clic2020,clic_test_image_297.png,2,0.1,2016,1512,0.10798794826572604,27.357454707547,0.7904056906700134,0.06468558311462402,0.0491827130317688,2.4979976660801975,21.24172232365452,0.9381073117256165
clic2020,clic_test_image_297.png,3,0.125,2016,1512,0.13570273788527756,28.11631215882368,0.8124439120292664,0.05439112335443497,0.041705846786499,2.4570382758390736,22.000579774931204,0.947895348072052
clic2020,clic_test_image_297.png,4,0.15,2016,1512,0.16228374065675652,28.73669925030719,0.8296799659729004,0.047074079513549805,0.0366986989974975,2.4911323027480745,22.62096686641471,0.9549272656440736
clic2020,clic_test_image_298.png,0,0.05,2048,2048,0.025447845458984375,31.127866209205944,0.9045794010162354,0.05643177032470703,0.0705705881118774,4.63886810194366,28.957643554375984,0.9544233679771424
clic2020,clic_test_image_298.png,1,0.075,2048,2048,0.034465789794921875,32.46107630192722,0.915412187576294,0.04394146054983139,0.0575175881385803,4.752757947025932,30.29085364709726,0.9634485244750975
clic2020,clic_test_image_298.png,2,0.1,2048,2048,0.042942047119140625,33.517595972576856,0.922229528427124,0.034576911479234695,0.0470742583274841,4.7389750494131215,31.3473733177469,0.9687314629554749
clic2020,clic_test_image_298.png,3,0.125,2048,2048,0.051815032958984375,34.175781554756284,0.9273239970207214,0.029395775869488716,0.0416071414947509,4.727826278482078,32.00555889992632,0.9721782207489014
clic2020,clic_test_image_298.png,4,0.15,2048,2048,0.060291290283203125,34.752324595331814,0.9310188293457032,0.025840099900960922,0.036705195903778,4.725129497238546,32.58210194050186,0.9745481610298156
clic2020,clic_test_image_299.png,0,0.05,1512,2016,0.04181888804904678,27.851242589505336,0.723103404045105,0.1138908714056015,0.0708060264587402,3.4349573669837996,19.08089890531366,0.8961566090583801
clic2020,clic_test_image_299.png,1,0.075,1512,2016,0.061030276308054084,29.09611725339408,0.7563077807426453,0.08660269528627396,0.0516426563262939,3.4904728881534868,20.3257735692024,0.9198346734046936
clic2020,clic_test_image_299.png,2,0.1,1512,2016,0.0800946921978668,29.981757630075965,0.7771363854408264,0.07001136243343353,0.0429806113243103,3.3705984523007877,21.21141394588429,0.934035062789917
clic2020,clic_test_image_299.png,3,0.125,1512,2016,0.09994646006550768,30.69660668371419,0.7929320931434631,0.058817390352487564,0.0371394157409668,3.3229775248931945,21.92626299952252,0.9438059329986572
clic2020,clic_test_image_299.png,4,0.15,1512,2016,0.11783509700176367,31.222439663988386,0.8048929572105408,0.05223565176129341,0.0341523885726928,3.2821656115390527,22.45209597979671,0.9499390721321106
clic2020,clic_test_image_3.png,0,0.05,2016,1512,0.03279058536995045,22.95769018496785,0.5326621532440186,0.15500979125499725,0.1025795936584472,2.7068508752000353,17.399470342970723,0.7746191024780273
clic2020,clic_test_image_3.png,1,0.075,2016,1512,0.06974363819601914,23.889629216405552,0.5943904519081116,0.12157547473907471,0.0781700015068054,2.8002901736415553,18.33140937440842,0.8388479351997375
clic2020,clic_test_image_3.png,2,0.1,2016,1512,0.12005018056605359,24.83194493207732,0.6618745923042297,0.10088906437158585,0.0682453513145446,2.9051391989805913,19.27372509008019,0.882794201374054
clic2020,clic_test_image_3.png,3,0.125,2016,1512,0.17562673217435124,25.71695096453516,0.7198260426521301,0.08606183528900146,0.055660605430603,2.8942331096498486,20.15873112253803,0.9128087162971495
clic2020,clic_test_image_3.png,4,0.15,2016,1512,0.22738200218358948,26.398444256441323,0.7594267725944519,0.0743410587310791,0.0487087965011596,2.987532581264822,20.8402244144442,0.9304407238960266
clic2020,clic_test_image_30.png,0,0.05,1152,2048,0.11273193359375,17.831253815468045,0.2837557196617126,0.25980091094970703,0.194501519203186,2.94300658434924,10.937133550649698,0.7289285659790039
clic2020,clic_test_image_30.png,1,0.075,1152,2048,0.22564697265625,18.828598011889085,0.4055095314979553,0.197313129901886,0.134831428527832,2.5061882158430917,11.934477747070735,0.8149746060371399
clic2020,clic_test_image_30.png,2,0.1,1152,2048,0.3414645724826389,19.616649416524748,0.4952612519264221,0.15972623229026794,0.1105196475982666,2.4192636467584907,12.722529151706398,0.8602036833763123
clic2020,clic_test_image_30.png,3,0.125,1152,2048,0.4466078016493056,20.193992822468005,0.5538953542709351,0.1377880871295929,0.1020317673683166,2.654793724274797,13.299872557649657,0.8856242299079895
clic2020,clic_test_image_30.png,4,0.15,1152,2048,0.5384182400173612,20.62068354472165,0.5931034684181213,0.12284591794013977,0.0971351861953735,2.8783868451138126,13.726563279903305,0.9006765484809875
clic2020,clic_test_image_300.png,0,0.05,2016,1512,0.025924876123288823,31.5431325357899,0.8945205807685852,0.06077299639582634,0.0837515592575073,5.158203376530232,25.544786903974533,0.9659740924835204
clic2020,clic_test_image_300.png,1,0.075,2016,1512,0.03375640379608633,32.7896327988674,0.9001710414886475,0.048710085451602936,0.064092993736267,5.119538292528156,26.79128716705204,0.9709197878837584
clic2020,clic_test_image_300.png,2,0.1,2016,1512,0.04200785252372554,33.561839724331136,0.9042511582374572,0.04224657267332077,0.0560230612754821,5.180123406819651,27.563494092515768,0.9740167260169984
clic2020,clic_test_image_300.png,3,0.125,2016,1512,0.05123561770387167,34.21362290497839,0.907666027545929,0.03694256395101547,0.0509704947471618,5.113075366583228,28.21527727316303,0.976249635219574
clic2020,clic_test_image_300.png,4,0.15,2016,1512,0.06082031578063324,34.496437721774875,0.909226655960083,0.033728182315826416,0.0524680614471435,5.193986582991894,28.498092089959503,0.9775142669677734
clic2020,clic_test_image_301.png,0,0.05,1512,2016,0.04107352817670278,27.050751092434567,0.6329895257949829,0.15684528648853302,0.0818232893943786,2.9235818392861335,15.391632888044995,0.8353450298309326
clic2020,clic_test_image_301.png,1,0.075,1512,2016,0.06301440329218107,28.144615896058475,0.6753928065299988,0.12159399688243866,0.0659430623054504,2.725636425103637,16.485497691668904,0.8749992251396179
clic2020,clic_test_image_301.png,2,0.1,1512,2016,0.08642500209960527,28.99877442251084,0.7073675990104675,0.09935975819826126,0.0576992034912109,2.539898872749583,17.33965621812127,0.9012930393218994
clic2020,clic_test_image_301.png,3,0.125,1512,2016,0.11082241538590745,29.706864251491112,0.733401358127594,0.08344660699367523,0.053748607635498,2.4230409422619408,18.04774604710154,0.9188372492790222
clic2020,clic_test_image_301.png,4,0.15,1512,2016,0.1352093306458386,30.28309039204176,0.7539967894554138,0.07338279485702515,0.047999083995819,2.285826988896374,18.62397218765219,0.93108868598938
clic2020,clic_test_image_302.png,0,0.05,2048,1365,0.026505265567765567,27.52966963490779,0.6797855496406555,0.13627614080905914,0.0870834589004516,2.7160745143738327,20.51444232420973,0.8613986968994141
clic2020,clic_test_image_302.png,1,0.075,2048,1365,0.040916895604395605,28.35267114821977,0.706475555896759,0.10859495401382446,0.0647794008255004,2.7749622806700738,21.33744383752171,0.8910119533538818
clic2020,clic_test_image_302.png,2,0.1,2048,1365,0.05939217032967033,29.136464014184465,0.7334920763969421,0.09056195616722107,0.0574729442596435,2.8143172569825983,22.121236703486407,0.9135568737983704
clic2020,clic_test_image_302.png,3,0.125,2048,1365,0.08051167582417583,29.8578235756534,0.7568319439888,0.07785992324352264,0.0480696558952331,2.749991575795528,22.84259626495534,0.92922705411911
clic2020,clic_test_image_302.png,4,0.15,2048,1365,0.10155105311355311,30.387342917612298,0.7741050720214844,0.0694563090801239,0.0439773797988891,2.7117537530399094,23.37211560691424,0.9390153884887696
clic2020,clic_test_image_303.png,0,0.05,2016,1512,0.049398463088939276,26.126885108729976,0.7826392650604248,0.08651618659496307,0.0766615867614746,4.067570239371291,20.85413812052488,0.9055423736572266
clic2020,clic_test_image_303.png,1,0.075,2016,1512,0.07335495926765769,27.736189786335284,0.8310040831565857,0.0633673444390297,0.0589287281036376,4.062462495960345,22.463442798130178,0.935692548751831
clic2020,clic_test_image_303.png,2,0.1,2016,1512,0.0963981271520954,28.8886623027836,0.8602060675621033,0.05157897621393204,0.0465397238731384,4.000560704216932,23.61591531457849,0.9512259364128112
clic2020,clic_test_image_303.png,3,0.125,2016,1512,0.12065906609557403,29.72555834174977,0.8802005052566528,0.043532419949769974,0.0393510460853576,4.069711502515293,24.452811353544668,0.9609643816947936
clic2020,clic_test_image_303.png,4,0.15,2016,1512,0.14205404383975812,30.468455887729483,0.8944579362869263,0.03763279691338539,0.032808244228363,4.07883124244158,25.195708899524377,0.9672428965568542
clic2020,clic_test_image_304.png,0,0.05,1536,2048,0.0909271240234375,23.326434627795344,0.7315719127655029,0.11872421205043793,0.0771944522857666,2.357625773017735,17.696000392836805,0.9221541285514832
clic2020,clic_test_image_304.png,1,0.075,1536,2048,0.1317291259765625,24.66397960779446,0.7787224650382996,0.08789533376693726,0.064395785331726,2.29329133759842,19.033545372835924,0.9442036151885986
clic2020,clic_test_image_304.png,2,0.1,1536,2048,0.17053731282552084,25.666878882235377,0.8086720108985901,0.0693853572010994,0.0570632815361022,2.244158595540951,20.036444647276845,0.9565967917442322
clic2020,clic_test_image_304.png,3,0.125,1536,2048,0.20844014485677084,26.434480893801485,0.8295953869819641,0.0579092875123024,0.0510035753250122,2.216564554916577,20.804046658842942,0.9643719792366028
clic2020,clic_test_image_304.png,4,0.15,1536,2048,0.24468485514322916,27.02542221868446,0.8442543148994446,0.050519801676273346,0.0464875698089599,2.233718304706751,21.39498798372592,0.9694746136665344
clic2020,clic_test_image_305.png,0,0.05,2016,1512,0.024717603090618965,29.006640706103106,0.81171053647995,0.08584073930978775,0.0747249722480773,3.0130780730512177,24.244203677059755,0.9126884341239928
clic2020,clic_test_image_305.png,1,0.075,2016,1512,0.03794511631813219,30.174219834471373,0.8334614634513855,0.06877998262643814,0.0614395141601562,2.9874735732471764,25.41178280542802,0.9331042766571044
clic2020,clic_test_image_305.png,2,0.1,2016,1512,0.052369404551944235,31.08634194727949,0.8515780568122864,0.057036690413951874,0.0515677332878112,2.90008418923775,26.32390491823614,0.9460633397102356
clic2020,clic_test_image_305.png,3,0.125,2016,1512,0.0678434954228605,31.84256586947025,0.8649373650550842,0.04938695579767227,0.0446773171424865,2.8737529536810764,27.0801288404269,0.9551174640655518
clic2020,clic_test_image_305.png,4,0.15,2016,1512,0.08309712773998489,32.450569649082354,0.876192569732666,0.043495237827301025,0.0403348207473754,2.838531171106178,27.688132620039006,0.9610807299613952
clic2020,clic_test_image_306.png,0,0.05,2048,1365,0.031793727106227104,26.718897735159764,0.6138277053833008,0.1479506492614746,0.0737746953964233,2.9272455021107806,20.683993562989635,0.8415660858154297
clic2020,clic_test_image_306.png,1,0.075,2048,1365,0.05108173076923077,27.58616338581228,0.6409683227539062,0.12014664709568024,0.0639531016349792,2.8149539018002034,21.55125921364215,0.8693068027496338
clic2020,clic_test_image_306.png,2,0.1,2048,1365,0.07280792124542125,28.354171378705388,0.6658138632774353,0.10098132491111755,0.0539292693138122,2.7069718471767676,22.31926720653525,0.888868510723114
clic2020,clic_test_image_306.png,3,0.125,2048,1365,0.0959878663003663,28.92948647050111,0.6844459772109985,0.09001272916793823,0.0482254028320312,2.6936296540444427,22.89458229833098,0.9016498923301696
clic2020,clic_test_image_306.png,4,0.15,2048,1365,0.11845810439560439,29.379630943384903,0.6989396214485168,0.08019810914993286,0.0430307388305664,2.6654375589859414,23.344726771214773,0.9107068181037904
clic2020,clic_test_image_307.png,0,0.05,1024,1280,0.02557373046875,25.795822616072115,0.6158541440963745,0.14659255743026733,0.0941546559333801,2.4457314353601127,20.68037129201101,0.8277661800384521
clic2020,clic_test_image_307.png,1,0.075,1024,1280,0.04317626953125,26.52054076037087,0.6456201672554016,0.11752524226903915,0.0768051147460937,2.3681007904003075,21.405089436309765,0.8630734086036682
clic2020,clic_test_image_307.png,2,0.1,1024,1280,0.06702880859375,27.194231921667587,0.6755004525184631,0.10030990093946457,0.078484296798706,2.463418096918718,22.078780597606485,0.888641893863678
clic2020,clic_test_image_307.png,3,0.125,1024,1280,0.09378662109375,27.794461427425247,0.7041810154914856,0.08752400428056717,0.0645920038223266,2.3322237698142976,22.679010103364146,0.9083425402641296
clic2020,clic_test_image_307.png,4,0.15,1024,1280,0.12337646484375,28.36099828239369,0.7308191061019897,0.07670033723115921,0.0587153434753418,2.352296111207991,23.245546958332586,0.922760248184204
clic2020,clic_test_image_308.png,0,0.05,2016,1512,0.04260624002687495,26.261314286641145,0.7905669808387756,0.09999189525842667,0.1080518960952758,2.842533230624121,20.053646600452105,0.913623034954071
clic2020,clic_test_image_308.png,1,0.075,2016,1512,0.06487255395985554,27.624963015240805,0.81777024269104,0.07700392603874207,0.0883294343948364,2.873553729935411,21.41729532905177,0.9334037899971008
clic2020,clic_test_image_308.png,2,0.1,2016,1512,0.08677143696984967,28.6675929220335,0.8376468420028687,0.06304658949375153,0.0779632925987243,2.98063242887012,22.459925235844462,0.9453447461128236
clic2020,clic_test_image_308.png,3,0.125,2016,1512,0.10833438313597044,29.408450736690348,0.8514273762702942,0.0544755645096302,0.0672222375869751,2.9329533779136576,23.20078305050131,0.953218400478363
clic2020,clic_test_image_308.png,4,0.15,2016,1512,0.1289315108759553,30.020733364824103,0.8616454005241394,0.0491013303399086,0.0586414337158203,2.989194998459794,23.813065678635063,0.9587084650993348
clic2020,clic_test_image_309.png,0,0.05,1365,2048,0.020839056776556775,31.74870051652484,0.7970022559165955,0.08727865666151047,0.0645399689674377,4.967668662587865,20.404740511374232,0.9330962300300598
clic2020,clic_test_image_309.png,1,0.075,1365,2048,0.02792467948717949,32.607876045038765,0.8036303520202637,0.07094646245241165,0.0585132837295532,4.919915866972195,21.26391603988815,0.9418495297431946
clic2020,clic_test_image_309.png,2,0.1,1365,2048,0.03582303113553113,33.18966082683764,0.8090360164642334,0.060349006205797195,0.0459584593772888,4.9199910813318475,21.845700821687025,0.9474163055419922
clic2020,clic_test_image_309.png,3,0.125,1365,2048,0.04309180402930403,33.58797790987924,0.8118146657943726,0.05256189405918121,0.0410423278808593,4.932024839009155,22.24401790472863,0.9512073397636414
clic2020,clic_test_image_309.png,4,0.15,1365,2048,0.050165979853479856,33.86585461411229,0.813335120677948,0.04731087386608124,0.0364835858345031,4.860433064574023,22.52189460896167,0.953751504421234
clic2020,clic_test_image_31.png,0,0.05,1366,2048,0.016351345168374817,33.61934800859387,0.923459529876709,0.05125602334737778,0.0704628229141235,5.804999625592346,27.267744242910595,0.961747944355011
clic2020,clic_test_image_31.png,1,0.075,1366,2048,0.021155517935578332,34.809744295759955,0.9295910000801086,0.0424562506377697,0.0568362474441528,5.7243262896168225,28.45814053007668,0.969001293182373
clic2020,clic_test_image_31.png,2,0.1,1366,2048,0.026668878111273792,35.711318984881544,0.9323286414146424,0.03534863516688347,0.0488451719284057,5.660145401398975,29.359715219198268,0.9731860160827636
clic2020,clic_test_image_31.png,3,0.125,1366,2048,0.032696971083455345,36.47351600088723,0.9340232610702516,0.03099808469414711,0.0438291430473327,5.72410552830177,30.12191223520396,0.9759104251861572
clic2020,clic_test_image_31.png,4,0.15,1366,2048,0.03865643301610542,36.85832400749651,0.9344865679740906,0.02747836336493492,0.0399335622787475,5.743694534736912,30.50672024181324,0.9776620864868164
clic2020,clic_test_image_310.png,0,0.05,1455,1455,0.014049904937353126,32.375558614994574,0.7844250202178955,0.06288012862205505,0.0869707465171814,7.312963255748714,20.78698812163316,0.9570379853248596
clic2020,clic_test_image_310.png,1,0.075,1455,1455,0.018735725841688217,33.062836057269095,0.7943912744522095,0.052545852959156036,0.0756713151931762,7.256461429750327,21.47426556390768,0.961759865283966
clic2020,clic_test_image_310.png,2,0.1,1455,1455,0.025492377274713336,33.53783774161013,0.803303599357605,0.04818302020430565,0.070488691329956,7.3786297777434715,21.94926724824872,0.9645825028419496
clic2020,clic_test_image_310.png,3,0.125,1455,1455,0.039232413410328175,33.89043145670554,0.8049741387367249,0.043253038078546524,0.0654160976409912,7.4096981533222115,22.30186096334412,0.9666396975517272
clic2020,clic_test_image_310.png,4,0.15,1455,1455,0.042436910286841205,34.05329535448559,0.8035714626312256,0.04049207642674446,0.060163140296936,7.552565144898587,22.46472486112417,0.9674725532531738
clic2020,clic_test_image_311.png,0,0.05,1512,2016,0.01577328462249097,32.27914586693893,0.8383573293685913,0.11513294279575348,0.0957884788513183,4.213483732616059,26.10382677335324,0.8925732970237732
clic2020,clic_test_image_311.png,1,0.075,1512,2016,0.024665112958763752,33.271009393397016,0.8499571681022644,0.09520703554153442,0.0809302330017089,4.287939959630634,27.09569029981132,0.913650929927826
clic2020,clic_test_image_311.png,2,0.1,1512,2016,0.03584551104392374,34.081361279020896,0.8609818816184998,0.08056043833494186,0.0677894353866577,4.241991519614857,27.906042185435204,0.9293634295463562
clic2020,clic_test_image_311.png,3,0.125,1512,2016,0.04775027294868565,34.770949290472444,0.870898425579071,0.07088222354650497,0.0587095618247985,4.227119977302746,28.595630196886752,0.9415515065193176
clic2020,clic_test_image_311.png,4,0.15,1512,2016,0.06019043419837071,35.34021658327009,0.8789501190185547,0.06407219916582108,0.0562490224838256,4.206493602385096,29.1648974896844,0.9500627517700196
clic2020,clic_test_image_312.png,0,0.05,1512,2016,0.027961493239271017,27.423547457993585,0.7129031419754028,0.09980619698762894,0.0817968249320983,2.58396407546566,22.95034362854964,0.8671786785125732
clic2020,clic_test_image_312.png,1,0.075,1512,2016,0.04189237423364407,28.292606653534182,0.7368408441543579,0.08212006092071533,0.0631996989250183,2.7054690185454793,23.819402824090243,0.887021541595459
clic2020,clic_test_image_312.png,2,0.1,1512,2016,0.05804883681867809,29.108729738988647,0.7592323422431946,0.0709037184715271,0.0521288514137268,2.6723774959476354,24.635525909544704,0.9037227034568788
clic2020,clic_test_image_312.png,3,0.125,1512,2016,0.07755416981607458,29.77199810120417,0.7801807522773743,0.06290234625339508,0.0447859764099121,2.6139667953277534,25.298794271760222,0.9191787838935852
clic2020,clic_test_image_312.png,4,0.15,1512,2016,0.09969450743260268,30.417240344979263,0.8010818958282471,0.05527114123106003,0.0398523211479187,2.5399142153756,25.94403651553532,0.9325522780418396
clic2020,clic_test_image_313.png,0,0.05,1512,2016,0.02671222810111699,30.977108414585125,0.8540157079696655,0.08315744251012802,0.0766538381576538,4.555605729927946,26.287374358982014,0.9480867385864258
clic2020,clic_test_image_313.png,1,0.075,1512,2016,0.036685353153607124,32.076851479170735,0.8625448346138,0.06673607975244522,0.0619354248046875,4.901532002394666,27.387117423567624,0.954345405101776
clic2020,clic_test_image_313.png,2,0.1,1512,2016,0.0463225413622239,32.749434140461176,0.8674342632293701,0.056729756295681,0.054432988166809,4.96737940983279,28.05970008485806,0.958705186843872
clic2020,clic_test_image_313.png,3,0.125,1512,2016,0.05620118417737465,33.271977654797745,0.8718471527099609,0.05050719529390335,0.0496470928192138,5.052507717459253,28.58224359919463,0.962052583694458
clic2020,clic_test_image_313.png,4,0.15,1512,2016,0.06693016712857983,33.610247470914615,0.8752498030662537,0.044870782643556595,0.0465697646141052,5.018224358849233,28.920513415311504,0.9645524621009828
clic2020,clic_test_image_314.png,0,0.05,2048,1365,0.030900869963369965,31.115248907705663,0.8515547513961792,0.07707434892654419,0.0668253898620605,5.030677651719426,23.5685075987778,0.9274367690086364
clic2020,clic_test_image_314.png,1,0.075,2048,1365,0.04258814102564103,32.614980647199225,0.8769044876098633,0.05672101676464081,0.0470491647720336,4.86984534660063,25.06823933827136,0.9479072690010072
clic2020,clic_test_image_314.png,2,0.1,2048,1365,0.05395489926739927,33.63824145837087,0.8933215737342834,0.04634620621800423,0.0379371643066406,4.746921068935736,26.091500149443007,0.959766447544098
clic2020,clic_test_image_314.png,3,0.125,2048,1365,0.06567651098901099,34.478341835192964,0.905119001865387,0.03907028213143349,0.0334742069244384,4.641089108313464,26.931600526265097,0.9676979184150696
clic2020,clic_test_image_314.png,4,0.15,2048,1365,0.07699748168498169,35.11351778578428,0.914638340473175,0.034063585102558136,0.027230679988861,4.504365659006018,27.56677647685641,0.9730314612388612
clic2020,clic_test_image_315.png,0,0.05,2048,1365,0.019545558608058608,31.632859204082145,0.8497297167778015,0.1170014888048172,0.1221261620521545,3.2575406945865772,23.85456447557339,0.9060075879096984
clic2020,clic_test_image_315.png,1,0.075,2048,1365,0.02917239010989011,32.53456087791245,0.8584593534469604,0.09438419342041016,0.099835455417633,3.2433651198532454,24.756266149403693,0.9214741587638856
clic2020,clic_test_image_315.png,2,0.1,2048,1365,0.03886790293040293,33.30094128044668,0.86697918176651,0.07994116097688675,0.0880028009414672,3.2984001493872523,25.52264655193792,0.93308824300766
clic2020,clic_test_image_315.png,3,0.125,2048,1365,0.049605082417582415,33.83755650731368,0.8745623826980591,0.06998913735151291,0.0831550955772399,3.3173614059152197,26.059261778804927,0.941807985305786
clic2020,clic_test_image_315.png,4,0.15,2048,1365,0.06044528388278388,34.35128122557035,0.8810977935791016,0.06362300366163254,0.0794532299041748,3.280622431378237,26.5729864970616,0.9484936594963074
clic2020,clic_test_image_316.png,0,0.05,1512,2016,0.02849689258419417,29.63084031009179,0.8358365893363953,0.07448022812604904,0.091604471206665,3.171525789190432,23.103797663959497,0.9377298951148988
clic2020,clic_test_image_316.png,1,0.075,1512,2016,0.03969828672209624,30.84599598396323,0.85384202003479,0.05915973335504532,0.0700331926345825,3.1581910375288564,24.318953337830933,0.9501526951789856
clic2020,clic_test_image_316.png,2,0.1,1512,2016,0.05013332493491224,31.780389561894854,0.8652161359786987,0.04923900589346886,0.0630806684494018,3.1959916953409384,25.253346915762563,0.9571473002433776
clic2020,clic_test_image_316.png,3,0.125,1512,2016,0.06136621315192744,32.388603362475315,0.8733481764793396,0.04302600026130676,0.0560832023620605,3.1974556463510613,25.861560716343025,0.9621887803077698
clic2020,clic_test_image_316.png,4,0.15,1512,2016,0.07264109347442681,32.85246640469388,0.8802177309989929,0.03847705200314522,0.046437919139862,3.1424435964946977,26.325423758561584,0.965469777584076
clic2020,clic_test_image_317.png,0,0.05,2048,1365,0.02363209706959707,32.93522779280586,0.9398044943809508,0.06047875061631203,0.0524930953979492,5.491736406365626,25.135459805344222,0.9593796730041504
clic2020,clic_test_image_317.png,1,0.075,2048,1365,0.03114125457875458,34.38479260972266,0.9491232633590698,0.047258228063583374,0.0451575517654418,5.531196436421638,26.585024622261027,0.9696214199066162
clic2020,clic_test_image_317.png,2,0.1,2048,1365,0.03767742673992674,35.41137058002229,0.9538671374320984,0.039651356637477875,0.0394882559776306,5.4263527881016,27.61160259256066,0.9747242331504822
clic2020,clic_test_image_317.png,3,0.125,2048,1365,0.04464858058608059,36.20073475518946,0.9582906365394592,0.03491158038377762,0.0348840355873107,5.427662460156814,28.400966767727816,0.978650152683258
clic2020,clic_test_image_317.png,4,0.15,2048,1365,0.05129922161172161,36.82679948814887,0.9612603783607484,0.031116748228669167,0.0305069088935852,5.339305756709095,29.02703150068724,0.9812247157096864
clic2020,clic_test_image_318.png,0,0.05,1512,2016,0.02670173007474595,31.382762914281912,0.8777762651443481,0.07332237809896469,0.0583682656288147,4.110970715712607,27.14448102365901,0.9390370845794678
clic2020,clic_test_image_318.png,1,0.075,1512,2016,0.03574053078021332,32.74727972903597,0.8923916816711426,0.054973304271698,0.0472050905227661,3.9447322931982574,28.508997838413062,0.952048361301422
clic2020,clic_test_image_318.png,2,0.1,1512,2016,0.04462186109011506,33.50315605910056,0.902340531349182,0.045429594814777374,0.038852572441101,3.8725034047147195,29.26487416847766,0.9597427248954772
clic2020,clic_test_image_318.png,3,0.125,1512,2016,0.05375514403292181,34.32734945216193,0.9092420935630798,0.038942575454711914,0.0319918990135192,3.79580516624213,30.089067561539032,0.9651841521263124
clic2020,clic_test_image_318.png,4,0.15,1512,2016,0.0630458973712942,34.894433641174246,0.9146867394447328,0.0340554416179657,0.0286716222763061,3.794587742311935,30.656151750551352,0.9693458080291748
clic2020,clic_test_image_319.png,0,0.05,2048,1152,0.018656412760416668,33.58375881403088,0.944718062877655,0.05447397381067276,0.0859097242355346,7.176108855561926,32.237908339241635,0.960361659526825
clic2020,clic_test_image_319.png,1,0.075,2048,1152,0.024909125434027776,34.925717719415985,0.9516621232032776,0.04117603972554207,0.0682698488235473,7.475043181762668,33.57986724462674,0.969571888446808
clic2020,clic_test_image_319.png,2,0.1,2048,1152,0.031500922309027776,35.859824227128804,0.9559316635131836,0.03282241150736809,0.0589616894721984,7.455171960190277,34.51397375233957,0.9746227264404296
clic2020,clic_test_image_319.png,3,0.125,2048,1152,0.037482367621527776,36.603760292506735,0.9591907858848572,0.02797248214483261,0.0491467714309692,7.506406754685761,35.2579098177175,0.977940559387207
clic2020,clic_test_image_319.png,4,0.15,2048,1152,0.043952094184027776,37.13868093405769,0.9614257216453552,0.024256696924567223,0.0427416563034057,7.475966432802356,35.792830459268444,0.9804099202156068
clic2020,clic_test_image_32.png,0,0.05,1366,2048,0.03604845351390922,27.348582480854247,0.8631545305252075,0.0690259039402008,0.1027717590332031,3.4312574334618713,22.60924348051467,0.944544792175293
clic2020,clic_test_image_32.png,1,0.075,1366,2048,0.05178783857979502,28.75434156902919,0.8875544667243958,0.05323608219623566,0.0868170261383056,3.6313768920490337,24.01500256868961,0.961085557937622
clic2020,clic_test_image_32.png,2,0.1,1366,2048,0.06914005307467057,29.867460813527536,0.9061787128448486,0.04219234734773636,0.0733413100242614,3.667117375887738,25.12812181318796,0.9706647396087646
clic2020,clic_test_image_32.png,3,0.125,1366,2048,0.08630925146412885,30.53167971783449,0.918306827545166,0.03546586260199547,0.0657228827476501,3.6798549705501697,25.79234071749491,0.9761897921562196
clic2020,clic_test_image_32.png,4,0.15,1366,2048,0.10295227855051245,31.22391561476338,0.92714661359787,0.030412226915359497,0.0604268312454223,3.709958621353872,26.484576614423805,0.9801433086395264
clic2020,clic_test_image_320.png,0,0.05,2048,1366,0.0340238378477306,29.17039146557016,0.7585833072662354,0.11476462334394455,0.0631877779960632,3.692786930996761,19.85504188746561,0.9084030985832214
clic2020,clic_test_image_320.png,1,0.075,2048,1366,0.04785299231332357,30.190658210388865,0.7744385004043579,0.09451816976070404,0.0521686673164367,3.6869446505045276,20.87530863228432,0.9204575419425964
clic2020,clic_test_image_320.png,2,0.1,2048,1366,0.06161351573938507,30.90958981924337,0.782684326171875,0.08221308887004852,0.0473109483718872,3.6794533971288335,21.594240241138824,0.9274559020996094
clic2020,clic_test_image_320.png,3,0.125,2048,1366,0.07775324853587115,31.45956760723184,0.7930044531822205,0.07144772261381149,0.0423213243484497,3.5591139311344637,22.14421802912729,0.9340412020683287
clic2020,clic_test_image_320.png,4,0.15,2048,1366,0.09472799231332357,31.86248568416388,0.7989706993103027,0.06360101699829102,0.0380702018737793,3.433289808844596,22.54713610605933,0.93851238489151
clic2020,clic_test_image_321.png,0,0.05,1228,1840,0.04375442571873672,27.51747170206433,0.7521253228187561,0.10051903128623962,0.0629125833511352,3.081342401618464,22.901090998847064,0.8994307518005371
clic2020,clic_test_image_321.png,1,0.075,1228,1840,0.06225038946324883,28.71936134112743,0.7807939052581787,0.0777464285492897,0.0523407459259033,3.0014602078488077,24.10298063791016,0.9207924008369446
clic2020,clic_test_image_321.png,2,0.1,1228,1840,0.08094462540716613,29.621710577481508,0.8016912937164307,0.06393510103225708,0.0443114042282104,2.981704277979556,25.00532987426423,0.9338135719299316
clic2020,clic_test_image_321.png,3,0.125,1228,1840,0.09970967285087098,30.351318491868486,0.8179026246070862,0.05439663678407669,0.0375771522521972,2.900974918081458,25.73493778865121,0.943446159362793
clic2020,clic_test_image_321.png,4,0.15,1228,1840,0.11853136949440589,30.90024489174436,0.8299971222877502,0.04789669066667557,0.0343019962310791,2.8853591772565372,26.28386418852709,0.9499098658561708
clic2020,clic_test_image_322.png,0,0.05,1512,2016,0.05387062232300328,26.201091587198302,0.7220742702484131,0.10263276845216751,0.0845105648040771,3.0900764842263695,20.97311677176093,0.8984199166297913
clic2020,clic_test_image_322.png,1,0.075,1512,2016,0.07411081716637272,27.28771403821174,0.7367287278175354,0.0813523530960083,0.073933720588684,3.0659042702483776,22.05973922277437,0.9138514995574952
clic2020,clic_test_image_322.png,2,0.1,1512,2016,0.09420403964054758,28.01180770211085,0.7475077509880066,0.06881628930568695,0.0673757195472717,3.06236781126206,22.78383288667348,0.9238292574882508
clic2020,clic_test_image_322.png,3,0.125,1512,2016,0.11525258251448728,28.590665308710115,0.756319522857666,0.059594351798295975,0.0604803562164306,3.1184307204047648,23.362690493272744,0.931394100189209
clic2020,clic_test_image_322.png,4,0.15,1512,2016,0.1362591332829428,29.03292910121241,0.7634463906288147,0.05413200706243515,0.0547726154327392,3.110965115065785,23.804954285775043,0.936676561832428
clic2020,clic_test_image_323.png,0,0.05,1298,2004,0.0113855493942777,35.857477872684115,0.9398249387741088,0.03538408502936363,0.0803251266479492,6.614827815441312,34.53751883988423,0.973289668560028
clic2020,clic_test_image_323.png,1,0.075,1298,2004,0.014092000898049817,36.83876110385839,0.9409953951835632,0.02881104312837124,0.0709017515182495,6.675084585437459,35.518802071058495,0.9776213765144348
clic2020,clic_test_image_323.png,2,0.1,1298,2004,0.01689686882014092,37.25746392204287,0.9419639110565186,0.024449562653899193,0.0620969533920288,6.6558905443997025,35.93750488924297,0.9800431132316588
clic2020,clic_test_image_323.png,3,0.125,1298,2004,0.0200338921540586,37.85080579668927,0.9432968497276306,0.021514326333999634,0.0565132498741149,6.604454247856904,36.530846763889386,0.9819251894950868
clic2020,clic_test_image_323.png,4,0.15,1298,2004,0.023134009331106663,38.18198039237225,0.9446687698364258,0.018654493615031242,0.0523759722709655,6.6174911998073105,36.86202135957237,0.9835619926452636
clic2020,clic_test_image_324.png,0,0.05,2016,1512,0.012949315528680607,32.98963022533157,0.8798067569732666,0.1097913384437561,0.100125253200531,4.716731401911736,26.83439282002484,0.931793212890625
clic2020,clic_test_image_324.png,1,0.075,2016,1512,0.018019862265894013,34.22311533955028,0.8857756853103638,0.09053651243448257,0.0896414518356323,4.733974939840255,28.067877934243555,0.9397950172424316
clic2020,clic_test_image_324.png,2,0.1,2016,1512,0.02328987150415722,34.57400459148787,0.8909235596656799,0.07720116525888443,0.0775888562202453,4.659615251390086,28.418767186181142,0.9462852478027344
clic2020,clic_test_image_324.png,3,0.125,2016,1512,0.029588687326782565,35.33073206454005,0.8956838846206665,0.06789165735244751,0.0698177814483642,4.619042465452476,29.17549465923333,0.9518083930015564
clic2020,clic_test_image_324.png,4,0.15,2016,1512,0.03599248341311834,35.73861671145793,0.9007163643836975,0.06162501499056816,0.0587897896766662,4.60002240517451,29.5833793061512,0.956811249256134
clic2020,clic_test_image_325.png,0,0.05,1355,1807,0.010017623142473816,30.711340683269896,0.7672390937805176,0.08097061514854431,0.1301232576370239,7.37841660152895,28.54598205855068,0.885073721408844
clic2020,clic_test_image_325.png,1,0.075,1355,1807,0.015271484203497264,31.566515315746088,0.7706369757652283,0.06601498275995255,0.103233516216278,6.993673761834286,29.401156691026863,0.8898828029632568
clic2020,clic_test_image_325.png,2,0.1,1355,1807,0.026419602325519657,32.53336604799793,0.7821512222290039,0.05415058135986328,0.0864381194114685,7.049848294075132,30.3680074232787,0.9018672108650208
clic2020,clic_test_image_325.png,3,0.125,1355,1807,0.036966532365932406,32.86870906992965,0.7995267510414124,0.04838557913899422,0.0801803469657898,6.808960898417334,30.703350445210425,0.9157313704490662
clic2020,clic_test_image_325.png,4,0.15,1355,1807,0.049996630569515435,33.54747704783588,0.816278874874115,0.04255989193916321,0.0699852108955383,6.6778664473424785,31.38211842311666,0.9282143712043762
clic2020,clic_test_image_326.png,0,0.05,1365,2048,0.02430746336996337,26.67662454428661,0.5658571124076843,0.1417262852191925,0.1317929029464721,4.277738481616336,23.326898370247903,0.8446288704872131
clic2020,clic_test_image_326.png,1,0.075,1365,2048,0.03843292124542125,27.04769698898744,0.5788037180900574,0.11413455009460449,0.117655873298645,4.330369235598189,23.69797081494872,0.8596518635749817
clic2020,clic_test_image_326.png,2,0.1,1365,2048,0.050612408424908426,27.306390662958645,0.5868289470672607,0.10318723320960999,0.1136337518692016,4.4450481405927205,23.95666448891993,0.8692204356193542
clic2020,clic_test_image_326.png,3,0.125,1365,2048,0.0617845695970696,27.50557879628293,0.5934098958969116,0.09503345191478729,0.1094550490379333,4.330466429313032,24.15585262224421,0.8769016265869141
clic2020,clic_test_image_326.png,4,0.15,1365,2048,0.0777415293040293,27.637629037700687,0.5982018709182739,0.08933888375759125,0.1053541898727417,4.193611373891546,24.287902863661976,0.8823544383049011
clic2020,clic_test_image_327.png,0,0.05,2016,1512,0.041136516334929034,26.66780139995049,0.6759933829307556,0.10045502334833145,0.0717822313308715,1.9869805699021874,21.36004561515524,0.8791651725769043
clic2020,clic_test_image_327.png,1,0.075,2016,1512,0.05960254472159234,27.74963508309954,0.7125293016433716,0.07713412493467331,0.0565496683120727,1.9574696841064994,22.441879298304283,0.902595043182373
clic2020,clic_test_image_327.png,2,0.1,2016,1512,0.07846749811035525,28.460091790618044,0.7331574559211731,0.06403342634439468,0.0466300249099731,2.0464130289543574,23.152336005822782,0.9148194193840028
clic2020,clic_test_image_327.png,3,0.125,2016,1512,0.09773137650121777,29.02523473073317,0.746932864189148,0.05438600853085518,0.0408192873001098,1.9906047180339308,23.71747894593792,0.922901690006256
clic2020,clic_test_image_327.png,4,0.15,2016,1512,0.11711073318216175,29.4681328875368,0.758630096912384,0.047687336802482605,0.034973919391632,1.993339790366422,24.16037710274154,0.929415762424469
clic2020,clic_test_image_328.png,0,0.05,1365,2048,0.015424679487179488,33.22566008947871,0.8386499881744385,0.07082976400852203,0.0667054057121276,5.95683758136625,28.46176844740944,0.9426979422569276
clic2020,clic_test_image_328.png,1,0.075,1365,2048,0.0198889652014652,34.086822016821216,0.8456272482872009,0.06052154302597046,0.0558931827545166,5.877633842387727,29.322930374751945,0.9506357312202454
clic2020,clic_test_image_328.png,2,0.1,1365,2048,0.024994276556776558,34.55530350626035,0.8498510122299194,0.053881239145994186,0.0502115488052368,5.8702404147411675,29.791411864191083,0.9550532698631288
clic2020,clic_test_image_328.png,3,0.125,1365,2048,0.029870650183150185,34.88018567501318,0.8505481481552124,0.04810836911201477,0.0456432700157165,5.918753324910527,30.116294032943912,0.957772433757782
clic2020,clic_test_image_328.png,4,0.15,1365,2048,0.034953067765567766,35.04934925001049,0.8491772413253784,0.044666022062301636,0.0448015928268432,5.810465759275788,30.285457607941225,0.9592766165733336
clic2020,clic_test_image_329.png,0,0.05,2016,1512,0.08076656588561351,22.45376214377964,0.5749210715293884,0.13933220505714417,0.0821702480316162,2.7182732840391837,17.221022124221562,0.810776948928833
clic2020,clic_test_image_329.png,1,0.075,2016,1512,0.12945641219450743,23.794959192437943,0.6454074382781982,0.1036452203989029,0.0611909627914428,2.732855518415754,18.562219172879864,0.858081579208374
clic2020,clic_test_image_329.png,2,0.1,2016,1512,0.17648757033677667,24.75973906651792,0.6918607354164124,0.08287632465362549,0.0486577153205871,2.7016320664125812,19.52699904695984,0.885399580001831
clic2020,clic_test_image_329.png,3,0.125,2016,1512,0.2223639455782313,25.515227376562777,0.7258526682853699,0.0694069191813469,0.0423859357833862,2.6790081793947125,20.28248735700469,0.9048324227333068
clic2020,clic_test_image_329.png,4,0.15,2016,1512,0.2660987234399933,26.080058396419822,0.7521539330482483,0.06044935807585716,0.0352687239646911,2.580459346342281,20.847318376861747,0.9195225238800048
clic2020,clic_test_image_33.png,0,0.05,1080,1920,0.05690586419753087,26.933533925409986,0.7908226847648621,0.09137040376663208,0.0774272680282592,3.491536475123013,21.15084364518633,0.9215128421783448
clic2020,clic_test_image_33.png,1,0.075,1080,1920,0.0798070987654321,28.484626225017955,0.8328922390937805,0.0656653493642807,0.0594390034675598,3.4898190857728717,22.701935944794304,0.9451470375061036
clic2020,clic_test_image_33.png,2,0.1,1080,1920,0.10189043209876543,29.59170758205057,0.8596057891845703,0.05226907506585121,0.0503418445587158,3.406596443291855,23.809017301826923,0.9582488536834716
clic2020,clic_test_image_33.png,3,0.125,1080,1920,0.12300154320987654,30.47643403669111,0.8782315850257874,0.04297995567321777,0.0432460308074951,3.4151799420576427,24.69374375646746,0.9664056301116944
clic2020,clic_test_image_33.png,4,0.15,1080,1920,0.14332561728395063,31.18359311311196,0.891281008720398,0.037197794765233994,0.0377014875411987,3.409598761066095,25.400902832888303,0.9713278412818908
clic2020,clic_test_image_330.png,0,0.05,2016,1512,0.025557445200302342,30.24378569212673,0.8240976333618164,0.06658048927783966,0.073333740234375,4.946211995756506,21.4980104151406,0.9388856887817384
clic2020,clic_test_image_330.png,1,0.075,2016,1512,0.03410283866633073,31.430276330276868,0.8358398079872131,0.05355085805058479,0.0631674528121948,4.968806645738588,22.684501053290727,0.948174238204956
clic2020,clic_test_image_330.png,2,0.1,2016,1512,0.043057655160829766,32.28053837922085,0.8440396189689636,0.04702158644795418,0.0579062700271606,5.036541749009623,23.53476310223471,0.9544642567634584
clic2020,clic_test_image_330.png,3,0.125,2016,1512,0.052600361132107164,32.84528896886673,0.8474541902542114,0.0420633889734745,0.050906479358673,4.89829930715404,24.099513691880592,0.9581577777862548
clic2020,clic_test_image_330.png,4,0.15,2016,1512,0.06138720920466952,33.30145512799437,0.8504815101623535,0.03938271477818489,0.049315333366394,4.918310762546256,24.55567985100824,0.9607560038566588
clic2020,clic_test_image_331.png,0,0.05,1365,2048,0.029195283882783883,29.295717177745857,0.7097373604774475,0.11627797782421112,0.0619139671325683,4.0862052800569035,22.75720489769892,0.8878324627876282
clic2020,clic_test_image_331.png,1,0.075,1365,2048,0.040115613553113556,30.15276940875429,0.722493588924408,0.09294989705085754,0.0501353740692138,3.97503376995389,23.61425712870736,0.9044587016105652
clic2020,clic_test_image_331.png,2,0.1,1365,2048,0.05262706043956044,30.795988933463924,0.7329921126365662,0.07714059948921204,0.0442086458206176,3.897998847389663,24.257476653416987,0.916311264038086
clic2020,clic_test_image_331.png,3,0.125,1365,2048,0.06582532051282051,31.24790459064632,0.7398679852485657,0.06724157929420471,0.0384565591812133,3.811133857077999,24.709392310599377,0.9243279099464417
clic2020,clic_test_image_331.png,4,0.15,1365,2048,0.07893200549450549,31.585599872586737,0.7447155714035034,0.06021873652935028,0.0374630093574523,3.7852043091452887,25.0470875925398,0.9294893145561218
clic2020,clic_test_image_332.png,0,0.05,1536,2048,0.0160369873046875,32.96624022181527,0.8956174850463867,0.04713355749845505,0.0844384431838989,4.406221027364862,30.22704496409315,0.9562438130378724
clic2020,clic_test_image_332.png,1,0.075,1536,2048,0.0207061767578125,33.947786265667986,0.9052411317825316,0.038856107741594315,0.0692582726478576,4.522551420351649,31.208591007945863,0.9636926651000975
clic2020,clic_test_image_332.png,2,0.1,1536,2048,0.0263519287109375,34.80913957106532,0.9055280089378356,0.033463217318058014,0.0599135756492614,4.396090674153595,32.0699443133432,0.968369960784912
clic2020,clic_test_image_332.png,3,0.125,1536,2048,0.0334625244140625,35.436674151730415,0.9109691381454468,0.028184538707137108,0.0531463623046875,4.468931063722838,32.69747889400829,0.9725971221923828
clic2020,clic_test_image_332.png,4,0.15,1536,2048,0.0395050048828125,36.03796990710936,0.9153286218643188,0.024258319288492203,0.0448314547538757,4.399031964916007,33.298774649387234,0.9757515788078308
clic2020,clic_test_image_333.png,0,0.05,2048,1365,0.050520833333333334,25.916551044021222,0.7190629839897156,0.12249916791915894,0.100415289402008,3.8186392215506344,19.423187638982288,0.884615957736969
clic2020,clic_test_image_333.png,1,0.075,2048,1365,0.07589858058608058,27.16661020764373,0.7498354315757751,0.09724628925323486,0.0832750797271728,3.7155602383285444,20.6732468026048,0.9112740159034728
clic2020,clic_test_image_333.png,2,0.1,2048,1365,0.0984375,27.94574801475972,0.7660171985626221,0.08253242075443268,0.0750011801719665,3.733631409313877,21.452384609720788,0.9245124459266664
clic2020,clic_test_image_333.png,3,0.125,2048,1365,0.12038118131868132,28.54759326337315,0.7786441445350647,0.07386365532875061,0.0737860798835754,3.669695350180372,22.054229858334217,0.933415412902832
clic2020,clic_test_image_333.png,4,0.15,2048,1365,0.14080242673992674,28.981671825221863,0.7868748307228088,0.06741230934858322,0.0663819313049316,3.689956409663222,22.48830842018293,0.9392194151878356
clic2020,clic_test_image_334.png,0,0.05,1365,2048,0.13919986263736264,21.065192730540787,0.6591022610664368,0.1529020369052887,0.0872614979743957,2.7185868217342746,15.889319639904118,0.8809884190559387
clic2020,clic_test_image_334.png,1,0.075,1365,2048,0.2070570054945055,22.430841496421586,0.7270777821540833,0.11520471423864365,0.0668056607246398,2.7096735491545196,17.254968405784915,0.9168396592140198
clic2020,clic_test_image_334.png,2,0.1,1365,2048,0.2683779761904762,23.38992146088633,0.7670615315437317,0.09383751451969147,0.0555413961410522,2.675974920941426,18.214048370249674,0.9347329139709472
clic2020,clic_test_image_334.png,3,0.125,1365,2048,0.327363782051282,24.15273887661438,0.7962404489517212,0.07891218364238739,0.0499722957611084,2.6948706833881326,18.97686578597771,0.9463436603546144
clic2020,clic_test_image_334.png,4,0.15,1365,2048,0.38276671245421245,24.733829747799305,0.8166636228561401,0.0699068009853363,0.044607937335968,2.70185135409689,19.55795665716264,0.9537093043327332
clic2020,clic_test_image_335.png,0,0.05,1512,2016,0.023552322163433274,29.56756727158694,0.8168659806251526,0.08248263597488403,0.0790561437606811,3.0348102947792803,25.557744317854155,0.910935401916504
clic2020,clic_test_image_335.png,1,0.075,1512,2016,0.0348167044595616,30.61187770349061,0.8375759124755859,0.06473271548748016,0.0657784938812255,3.1063319597185797,26.602054749757823,0.9312475323677064
clic2020,clic_test_image_335.png,2,0.1,1512,2016,0.04662698412698413,31.41414622489268,0.8520252108573914,0.05456703156232834,0.0585778355598449,3.1103634383592698,27.404323271159893,0.9431469440460204
clic2020,clic_test_image_335.png,3,0.125,1512,2016,0.058846686822877296,32.05031716738263,0.863060712814331,0.046933647245168686,0.0547406077384948,3.07721016811237,28.040494213649847,0.9512545466423036
clic2020,clic_test_image_335.png,4,0.15,1512,2016,0.07182224741748551,32.56913471018012,0.8719161152839661,0.04210938140749931,0.0483066439628601,3.0369513619659374,28.559311756447336,0.9570299983024596
clic2020,clic_test_image_336.png,0,0.05,1391,1738,0.023911732417588327,26.28841742048769,0.6196131706237793,0.13545244932174683,0.0919792056083679,3.3971392052999745,21.92965561051517,0.8464439511299133
clic2020,clic_test_image_336.png,1,0.075,1391,1738,0.03958374525037248,27.120753278952204,0.6345977187156677,0.11059515178203583,0.0816984176635742,3.2710653680466266,22.761991468979687,0.8636505007743835
clic2020,clic_test_image_336.png,2,0.1,1391,1738,0.05575874498150613,27.63768481220246,0.6503015160560608,0.0935104489326477,0.0747812986373901,3.102332262063018,23.27892300222993,0.877520740032196
clic2020,clic_test_image_336.png,3,0.125,1391,1738,0.07425013174451243,28.134192100413653,0.6633719205856323,0.08268509060144424,0.0674542188644409,3.0052640311257917,23.775430290441136,0.8896740078926086
clic2020,clic_test_image_336.png,4,0.15,1391,1738,0.09411811422931735,28.521709871065724,0.6780261397361755,0.07520414143800735,0.0658328533172607,2.9819593053125484,24.162948061093207,0.9008869528770448
clic2020,clic_test_image_337.png,0,0.05,1512,2016,0.018849206349206348,31.853167149409103,0.7964728474617004,0.1113220676779747,0.078450322151184,4.836320758808915,25.0183980713237,0.936822235584259
clic2020,clic_test_image_337.png,1,0.075,1512,2016,0.026397287309985723,32.47735258458252,0.8032153248786926,0.09113476425409317,0.0608779191970825,4.810006627890174,25.64258350649711,0.944462776184082
clic2020,clic_test_image_337.png,2,0.1,1512,2016,0.03593999328126312,33.1447621562108,0.8057882189750671,0.07616937905550003,0.0483824014663696,4.8019235783436205,26.3099930781254,0.9500649571418762
clic2020,clic_test_image_337.png,3,0.125,1512,2016,0.04569265977996137,33.430885160104815,0.8091302514076233,0.06515169143676758,0.0444092750549316,4.798127191527368,26.596116082019403,0.9535182118415833
clic2020,clic_test_image_337.png,4,0.15,1512,2016,0.05584425128075922,33.78820237188727,0.8105221390724182,0.057680122554302216,0.0408747196197509,4.7465729568829556,26.953433293801865,0.9557974934577942
clic2020,clic_test_image_338.png,0,0.05,1512,2016,0.029966616276140084,28.271386340048554,0.726972758769989,0.12497669458389282,0.0964413881301879,3.331564867417248,22.59221423584181,0.878324031829834
clic2020,clic_test_image_338.png,1,0.075,1512,2016,0.04534622490971697,29.342860187575468,0.7522648572921753,0.09860888868570328,0.0843819379806518,3.2208591810865665,23.66368808336872,0.9044360518455504
clic2020,clic_test_image_338.png,2,0.1,1512,2016,0.06221655328798186,30.16227175565564,0.772462785243988,0.08120868355035782,0.0728213787078857,3.277146461454493,24.48309965144889,0.9204880595207214
clic2020,clic_test_image_338.png,3,0.125,1512,2016,0.07876144284874444,30.803602098584943,0.7876929640769958,0.07075713574886322,0.0665291547775268,3.258066092909511,25.1244299943782,0.931595504283905
clic2020,clic_test_image_338.png,4,0.15,1512,2016,0.0953273284622491,31.31746159877816,0.8000604510307312,0.06353788822889328,0.0586034655570983,3.354534003744065,25.63828949457141,0.9397399425506592
clic2020,clic_test_image_339.png,0,0.05,1350,1350,0.012317146776406036,35.12635871738226,0.9761978387832642,0.030524101108312607,0.0825285911560058,9.019034756687605,33.33794705146537,0.976961314678192
clic2020,clic_test_image_339.png,1,0.075,1350,1350,0.015934156378600822,36.19814136959669,0.977912962436676,0.023448921740055084,0.0656967163085937,9.039123755928069,34.40972970367981,0.9800170063972472
clic2020,clic_test_image_339.png,2,0.1,1350,1350,0.019445816186556927,37.23528574928584,0.9796102643013,0.01999768055975437,0.0569130182266235,9.178928633512612,35.44687408336895,0.9825443625450134
clic2020,clic_test_image_339.png,3,0.125,1350,1350,0.022729218106995883,38.105285731834094,0.9807074069976808,0.01768406108021736,0.0494344830513,9.291511945265071,36.3168740659172,0.9843774437904358
clic2020,clic_test_image_339.png,4,0.15,1350,1350,0.02627599451303155,38.70490248149297,0.9814924597740172,0.015974657610058784,0.0449991822242736,9.375192096912794,36.91649081557608,0.9855583310127258
clic2020,clic_test_image_34.png,0,0.05,2016,1512,0.04487381372302007,25.54158932206086,0.7672895193099976,0.10084934532642365,0.0860980749130249,2.5754315512474997,20.68393067828925,0.901521623134613
clic2020,clic_test_image_34.png,1,0.075,2016,1512,0.07087742504409171,26.850315004150485,0.8053651452064514,0.07507539540529251,0.0673053860664367,2.579017165509717,21.99265636037888,0.9278417229652404
clic2020,clic_test_image_34.png,2,0.1,2016,1512,0.09717498110355254,27.850714913195752,0.8323642611503601,0.06103270500898361,0.0602830648422241,2.542799184446919,22.993056269424137,0.9436869025230408
clic2020,clic_test_image_34.png,3,0.125,2016,1512,0.12464831611657008,28.65052941966728,0.8525676131248474,0.05110578611493111,0.0504122376441955,2.5777473936589232,23.79287077589567,0.9542863965034484
clic2020,clic_test_image_34.png,4,0.15,2016,1512,0.15146027546821197,29.28532087797921,0.8679237365722656,0.04571972414851189,0.0480912327766418,2.603892629474469,24.4276622342076,0.9612613320350648
clic2020,clic_test_image_340.png,0,0.05,1512,2016,0.028517888636936255,28.50209630682508,0.770807147026062,0.1132352352142334,0.070048451423645,3.594535724522092,22.76182085002108,0.8833782076835632
clic2020,clic_test_image_340.png,1,0.075,1512,2016,0.04383450911228689,29.62532414764446,0.7898923754692078,0.08673461526632309,0.0581603646278381,3.5828814766164725,23.885048690840456,0.9081284999847412
clic2020,clic_test_image_340.png,2,0.1,1512,2016,0.06017993617199966,30.506130513956027,0.8077836036682129,0.07153662294149399,0.0533376932144165,3.654191192930406,24.765855057152027,0.924485981464386
clic2020,clic_test_image_340.png,3,0.125,1512,2016,0.07762765600067187,31.22100249075692,0.8217476606369019,0.06185579299926758,0.0497546792030334,3.605636012592298,25.48072703395292,0.9365455508232116
clic2020,clic_test_image_340.png,4,0.15,1512,2016,0.09464495674813135,31.80340626581956,0.8336872458457947,0.05398225784301758,0.043286919593811,3.562866885439458,26.063130809015554,0.9453255534172058
clic2020,clic_test_image_341.png,0,0.05,1512,2016,0.07320798689846308,24.66760118430753,0.7267841100692749,0.104057677090168,0.0851613283157348,2.3280038288240514,19.1068002149944,0.899237334728241
clic2020,clic_test_image_341.png,1,0.075,1512,2016,0.10732657260435038,26.071855522234905,0.7813974022865295,0.07451481372117996,0.0684854388236999,2.340365977575434,20.51105455292177,0.9304842352867126
clic2020,clic_test_image_341.png,2,0.1,1512,2016,0.1404793398841018,27.11477775173226,0.8160861730575562,0.05918259918689728,0.0551190972328186,2.366267164528125,21.55397678241913,0.9470369219779968
clic2020,clic_test_image_341.png,3,0.125,1512,2016,0.17385256571764507,27.939529792418583,0.8397547602653503,0.049049682915210724,0.0470424890518188,2.3352648341116318,22.37872882310545,0.9572672843933104
clic2020,clic_test_image_341.png,4,0.15,1512,2016,0.20600802049214748,28.56706062050618,0.8565037250518799,0.04247457534074783,0.041860818862915,2.3825193406644085,23.00625965119305,0.9636628031730652
clic2020,clic_test_image_342.png,0,0.05,1544,1160,0.022485259960693227,30.41945395372321,0.7924319505691528,0.1199999749660492,0.1036770343780517,4.392897955733965,24.43311047652543,0.9041110873222352
clic2020,clic_test_image_342.png,1,0.075,1544,1160,0.03391995711988565,31.321024862901936,0.7995877861976624,0.09384869784116745,0.0854321718215942,4.433468163572226,25.33468138570416,0.9162895083427428
clic2020,clic_test_image_342.png,2,0.1,1544,1160,0.04862426299803466,31.94816536269375,0.8030985593795776,0.07782189548015594,0.0707501173019409,4.434850809344096,25.961821885495976,0.9255003929138184
clic2020,clic_test_image_342.png,3,0.125,1544,1160,0.05998749329998213,32.467918532421734,0.8079861402511597,0.06766077876091003,0.0622031688690185,4.520816392345964,26.481575055223963,0.9331257939338684
clic2020,clic_test_image_342.png,4,0.15,1544,1160,0.07029658745756655,32.86298190858489,0.8131181001663208,0.06140151619911194,0.0559902191162109,4.568114655105646,26.876638431387114,0.939033031463623
clic2020,clic_test_image_343.png,0,0.05,1512,2016,0.09263983371126228,22.955058490336867,0.5806242227554321,0.14546555280685425,0.0828521847724914,2.535036046261353,16.085934620448803,0.8333976864814758
clic2020,clic_test_image_343.png,1,0.075,1512,2016,0.14404866885025616,24.41860223203806,0.6661918759346008,0.10812848061323166,0.064870536327362,2.443625491341864,17.549478362149998,0.8897631764411926
clic2020,clic_test_image_343.png,2,0.1,1512,2016,0.1936623414798018,25.51397520066745,0.7233172655105591,0.08444029092788696,0.0559428334236145,2.352123567708218,18.64485133077939,0.9187130928039552
clic2020,clic_test_image_343.png,3,0.125,1512,2016,0.24195326278659612,26.41465432820697,0.7658655047416687,0.07154598087072372,0.0509018898010253,2.3510243181793187,19.545530458318908,0.9371264576911926
clic2020,clic_test_image_343.png,4,0.15,1512,2016,0.2877981439489376,27.119192849013768,0.796130359172821,0.06136355549097061,0.0482149124145507,2.383813836574888,20.250068979125704,0.9484053254127502
clic2020,clic_test_image_344.png,0,0.05,1365,2048,0.030442994505494505,30.499007373345005,0.8335347771644592,0.07646647095680237,0.0723563432693481,3.4257463474668555,21.86592035580104,0.940202534198761
clic2020,clic_test_image_344.png,1,0.075,1365,2048,0.04150068681318681,31.726110620407148,0.8523550629615784,0.058554816991090775,0.0609861612319946,3.432312660972408,23.093023602863177,0.9530646204948424
clic2020,clic_test_image_344.png,2,0.1,1365,2048,0.05218063186813187,32.58914952738749,0.8622938990592957,0.0489184707403183,0.0522202253341674,3.331687501102648,23.956062509843523,0.9606242179870604
clic2020,clic_test_image_344.png,3,0.125,1365,2048,0.06264308608058608,33.23067180932083,0.8741582632064819,0.04094475880265236,0.0471079349517822,3.422008323979889,24.597584791776864,0.9659274220466614
clic2020,clic_test_image_344.png,4,0.15,1365,2048,0.07283081501831502,33.78429014851142,0.8838348984718323,0.03657226637005806,0.0432522892951965,3.3685878283846535,25.15120313096745,0.969666063785553
clic2020,clic_test_image_345.png,0,0.05,2016,1512,0.03493218274964307,28.29266206123432,0.7109308242797852,0.12898896634578705,0.0820064544677734,3.57055784234308,18.26706571270444,0.8846835494041443
clic2020,clic_test_image_345.png,1,0.075,2016,1512,0.0526843453430755,29.443779304142687,0.7383299469947815,0.09850071370601654,0.0636507272720336,3.4474500405070723,19.418182955612806,0.908269464969635
clic2020,clic_test_image_345.png,2,0.1,2016,1512,0.07041551188376585,30.24956784911133,0.755976140499115,0.081894651055336,0.0553721785545349,3.3603384615236154,20.22397150058145,0.9223118424415588
clic2020,clic_test_image_345.png,3,0.125,2016,1512,0.08776874947509868,30.869702493906416,0.7694764137268066,0.07060965150594711,0.0478253364562988,3.305749161251402,20.84410614537653,0.9321596026420592
clic2020,clic_test_image_345.png,4,0.15,2016,1512,0.10446061140505584,31.36412146724092,0.7802075147628784,0.06260593235492706,0.0428605675697326,3.2543264605734485,21.338525118711043,0.9390581250190736
clic2020,clic_test_image_346.png,0,0.05,1638,2048,0.02808779761904762,26.560622312379564,0.7523148655891418,0.1070895567536354,0.1011822819709777,2.586841472263207,22.447171956814778,0.8921414017677307
clic2020,clic_test_image_346.png,1,0.075,1638,2048,0.046498206654456656,27.60288865505203,0.7807527184486389,0.08276838809251785,0.0893657207489013,2.558997251460519,23.48943829948725,0.9181931614875792
clic2020,clic_test_image_346.png,2,0.1,1638,2048,0.06726476648351648,28.46020155963454,0.8048691749572754,0.06925399601459503,0.0827566385269165,2.5186508114090596,24.346751204069754,0.9344794750213624
clic2020,clic_test_image_346.png,3,0.125,1638,2048,0.08950988247863248,29.19939821073458,0.8243147730827332,0.059829868376255035,0.0737807154655456,2.475842133813811,25.085947855169795,0.945521891117096
clic2020,clic_test_image_346.png,4,0.15,1638,2048,0.11152606074481075,29.80218380270562,0.8396793603897095,0.053060565143823624,0.0683431029319763,2.512271666243325,25.68873344714084,0.9534839987754822
clic2020,clic_test_image_347.png,0,0.05,1365,2048,0.047578983516483514,25.53307375607669,0.6733568906784058,0.15069188177585602,0.0958476066589355,2.5795992708126487,22.184132970103263,0.8540456891059875
clic2020,clic_test_image_347.png,1,0.075,1365,2048,0.07443337912087912,26.61189193217764,0.709515392780304,0.11622488498687744,0.0760486125946044,2.5511694305062704,23.26295114620422,0.8836652636528015
clic2020,clic_test_image_347.png,2,0.1,1365,2048,0.10315361721611721,27.48426029263016,0.7394275069236755,0.09564637392759323,0.0661300420761108,2.5957542545253385,24.13531950665673,0.9050366282463074
clic2020,clic_test_image_347.png,3,0.125,1365,2048,0.13305288461538461,28.198353458800447,0.7648539543151855,0.08303545415401459,0.0621929764747619,2.509692298700085,24.84941267282703,0.920490264892578
clic2020,clic_test_image_347.png,4,0.15,1365,2048,0.16377632783882784,28.82365952926402,0.7869120240211487,0.07306472212076187,0.0528560280799865,2.5077367604117007,25.474718743290595,0.9322865605354308
clic2020,clic_test_image_348.png,0,0.05,1840,1228,0.03520039654439881,27.566343054061072,0.6929033994674683,0.14273813366889954,0.0718513131141662,3.0955257513962926,22.81573822107861,0.8430216312408447
clic2020,clic_test_image_348.png,1,0.075,1840,1228,0.0532431666902705,28.755518354767013,0.7247440218925476,0.11354439705610275,0.0571123957633972,3.098095932839053,24.00491352178455,0.8764989972114563
clic2020,clic_test_image_348.png,2,0.1,1840,1228,0.07155502053533494,29.5849975395654,0.7483278512954712,0.09722256660461426,0.0468891263008117,2.9554411312896005,24.83439270658293,0.89751797914505
clic2020,clic_test_image_348.png,3,0.125,1840,1228,0.09115564367653307,30.280671528764984,0.768602728843689,0.08429177850484848,0.0421921610832214,2.9154248419394793,25.53006669578252,0.9134060740470886
clic2020,clic_test_image_348.png,4,0.15,1840,1228,0.11094037671717887,30.84520852834489,0.7865412831306458,0.07585129886865616,0.0384808778762817,2.8529457179094897,26.09460369536243,0.925099551677704
clic2020,clic_test_image_349.png,0,0.05,2016,1512,0.04320462753002435,26.882088963503826,0.6629467010498047,0.11434858292341232,0.062382698059082,3.1013970427763797,19.294636291859906,0.8551796078681946
clic2020,clic_test_image_349.png,1,0.075,2016,1512,0.06530297304106827,28.07038775321437,0.705610454082489,0.08713863790035248,0.0477385520935058,2.988496135279672,20.48293508157045,0.8940488696098328
clic2020,clic_test_image_349.png,2,0.1,2016,1512,0.08798920802889057,28.976018678570576,0.7362563610076904,0.0716497153043747,0.0397931337356567,2.9368057877128733,21.388566006926656,0.9164888262748718
clic2020,clic_test_image_349.png,3,0.125,2016,1512,0.11144179894179894,29.73992223882169,0.7611899971961975,0.060982272028923035,0.0350118279457092,2.9522957795254303,22.152469567177768,0.9315841794013976
clic2020,clic_test_image_349.png,4,0.15,2016,1512,0.13429600235155792,30.335430786943128,0.7790471911430359,0.05362551286816597,0.0320459008216857,2.9402886795323355,22.7479781152992,0.9410874843597412
clic2020,clic_test_image_35.png,0,0.05,2016,1512,0.04100004199210548,28.078407952884405,0.7839463949203491,0.10658429563045502,0.08384370803833,3.7069710443884247,20.57422564774049,0.9140707850456238
clic2020,clic_test_image_35.png,1,0.075,2016,1512,0.05893067103384564,29.42239751873735,0.8127738833427429,0.08077307790517807,0.0693405866622924,3.6750221732183377,21.91821521359344,0.9348430633544922
clic2020,clic_test_image_35.png,2,0.1,2016,1512,0.07653586125808348,30.36286438181936,0.8308394551277161,0.06543512642383575,0.0580072402954101,3.621526295147087,22.85868207667545,0.9461377263069152
clic2020,clic_test_image_35.png,3,0.125,2016,1512,0.09428802385151591,31.16971209560162,0.8461940884590149,0.055830735713243484,0.0514240264892578,3.655275584527223,23.66552979045771,0.9546883702278136
clic2020,clic_test_image_35.png,4,0.15,2016,1512,0.11159926933736458,31.784673019201936,0.8566473126411438,0.04886588826775551,0.0464988350868225,3.6160257611992037,24.280490714058026,0.96010160446167
clic2020,clic_test_image_350.png,0,0.05,1365,2048,0.09475160256410256,22.2780563660486,0.633047342300415,0.13590282201766968,0.1029261946678161,3.3216222531077118,16.046210148848388,0.8433451056480408
clic2020,clic_test_image_350.png,1,0.075,1365,2048,0.15313072344322345,23.732912565924188,0.7106797099113464,0.09802354872226715,0.082606017589569,3.466267510143421,17.501066348723974,0.8934564590454102
clic2020,clic_test_image_350.png,2,0.1,1365,2048,0.20574061355311354,24.759804979911472,0.7568455934524536,0.07814015448093414,0.0697138905525207,3.684721343738878,18.527958762711258,0.9183899760246276
clic2020,clic_test_image_350.png,3,0.125,1365,2048,0.2552026098901099,25.52256882123811,0.7868508696556091,0.06447294354438782,0.0596750974655151,3.7449258051391077,19.290722604037896,0.9338703751564026
clic2020,clic_test_image_350.png,4,0.15,1365,2048,0.2998683608058608,26.09248782331808,0.8071406483650208,0.05534251779317856,0.052510917186737,3.679504774386545,19.860641606117856,0.9437708258628844
clic2020,clic_test_image_351.png,0,0.05,2016,1512,0.06373876711178299,21.454841071089955,0.6223928928375244,0.15141192078590393,0.1200935244560241,2.6101716218138438,16.340908339298736,0.8379741311073303
clic2020,clic_test_image_351.png,1,0.075,2016,1512,0.12884752666498697,22.83202412140231,0.7119076251983643,0.11712078750133514,0.0819226503372192,2.624889770344694,17.718091389611093,0.8992753028869629
clic2020,clic_test_image_351.png,2,0.1,2016,1512,0.18594629209708574,23.809472938812863,0.7662666440010071,0.0982247069478035,0.0780544281005859,2.594418056534229,18.69554020702164,0.9273173213005066
clic2020,clic_test_image_351.png,3,0.125,2016,1512,0.24012660619803478,24.5252713445864,0.8015428185462952,0.08384377509355545,0.0714888572692871,2.653609032135877,19.41133861279518,0.9429720044136048
clic2020,clic_test_image_351.png,4,0.15,2016,1512,0.28798710842361636,25.086949003884527,0.8261295557022095,0.07425986975431442,0.06538987159729,2.699028533556392,19.97301627209331,0.9530110359191896
clic2020,clic_test_image_352.png,0,0.05,1200,1500,0.04335111111111111,28.817596513654248,0.8003469705581665,0.09255106747150421,0.0647785067558288,3.9047185078791076,22.46657847606989,0.9154911041259766
clic2020,clic_test_image_352.png,1,0.075,1200,1500,0.05842666666666667,30.01852189329089,0.8290130496025085,0.07094672322273254,0.0499745607376098,3.6218490576383555,23.66750385570653,0.9328449368476868
clic2020,clic_test_image_352.png,2,0.1,1200,1500,0.07362666666666667,30.88766113591652,0.846082866191864,0.05984628200531006,0.0434116125106811,3.6731646607262913,24.53664309833216,0.9440515041351318
clic2020,clic_test_image_352.png,3,0.125,1200,1500,0.09106666666666667,31.69954495103085,0.8636230230331421,0.05016312003135681,0.0376502275466918,3.6561085000580857,25.34852691344649,0.954138457775116
clic2020,clic_test_image_352.png,4,0.15,1200,1500,0.10891555555555556,32.352174480677775,0.8765630722045898,0.04466290771961212,0.0349205732345581,3.696310417487939,26.00115644309341,0.9610666632652284
clic2020,clic_test_image_353.png,0,0.05,2016,1512,0.03155181825816746,28.56664120761364,0.6892700791358948,0.12474991381168365,0.0769249200820922,3.6213402433177904,23.027790354363862,0.8606171011924744
clic2020,clic_test_image_353.png,1,0.075,2016,1512,0.046658478206097254,29.63291586092638,0.7225773930549622,0.09741272777318954,0.0642813444137573,3.613511073871048,24.094065007676605,0.889545738697052
clic2020,clic_test_image_353.png,2,0.1,2016,1512,0.0627729486856471,30.343710902936337,0.7418767213821411,0.08077788352966309,0.0541431307792663,3.6071211101086282,24.80486004968656,0.9070429801940918
clic2020,clic_test_image_353.png,3,0.125,2016,1512,0.07874044679600235,30.89831696937759,0.7568623423576355,0.06866973638534546,0.048257827758789,3.5673617367953856,25.35946611612781,0.9194490313529968
clic2020,clic_test_image_353.png,4,0.15,2016,1512,0.09581023767531704,31.35352876532343,0.7698118686676025,0.0608552023768425,0.0437269806861877,3.541185839356272,25.81467791207365,0.9292528033256532
clic2020,clic_test_image_354.png,0,0.05,1973,1973,0.01874674553507321,31.152044266143363,0.8484458923339844,0.0734814703464508,0.069462239742279,4.076701048347064,27.01764550753856,0.944725751876831
clic2020,clic_test_image_354.png,1,0.075,1973,1973,0.02534777016329675,32.11460963596578,0.8577463626861572,0.06201449781656265,0.0575308203697204,3.963233008477224,27.98021087736097,0.9529417157173156
clic2020,clic_test_image_354.png,2,0.1,1973,1973,0.0329105879191693,32.75664098048952,0.8642765879631042,0.05471815913915634,0.0522647500038147,3.981996478224945,28.62224222188472,0.9579591751098632
clic2020,clic_test_image_354.png,3,0.125,1973,1973,0.04064603521077373,33.326132880748446,0.8687694072723389,0.04877571761608124,0.0499123930931091,3.8848798381381866,29.191734122143647,0.961369812488556
clic2020,clic_test_image_354.png,4,0.15,1973,1973,0.04873496202792437,33.79583361375793,0.8728713393211365,0.04438534751534462,0.0448174476623535,3.8556890169233027,29.66143485515313,0.9637759327888488
clic2020,clic_test_image_355.png,0,0.05,1536,2048,0.0499420166015625,25.164166106937028,0.6562420129776001,0.10486399382352829,0.1089156866073608,3.5617384227310347,22.747790322790507,0.8887078166007996
clic2020,clic_test_image_355.png,1,0.075,1536,2048,0.0735931396484375,26.273009558661634,0.6940196752548218,0.08019279688596725,0.0961478948593139,3.7560616942192455,23.85663377451512,0.9125022888183594
clic2020,clic_test_image_355.png,2,0.1,1536,2048,0.09728495279947917,27.039611969221248,0.7177802324295044,0.06593751907348633,0.0871843099594116,3.8150067578480167,24.623236185074724,0.925854742527008
clic2020,clic_test_image_355.png,3,0.125,1536,2048,0.12124125162760417,27.6422643516598,0.7340507507324219,0.05623849481344223,0.0771717429161071,3.9041044241773313,25.22588856751328,0.9347519278526306
clic2020,clic_test_image_355.png,4,0.15,1536,2048,0.14525858561197916,28.090911160333384,0.746669590473175,0.049212176352739334,0.0696335434913635,3.8089791733408576,25.674535376186864,0.9414560794830322
clic2020,clic_test_image_356.png,0,0.05,1512,2016,0.018996178718400942,30.01073260475436,0.8437905311584473,0.08302127569913864,0.0895859599113464,3.661900331754235,26.15922059279918,0.9298798441886902
clic2020,clic_test_image_356.png,1,0.075,1512,2016,0.027069160997732426,30.82771320133332,0.8535038828849792,0.06933720409870148,0.0813167095184326,3.7695751977413967,26.976201189378145,0.9387170672416688
clic2020,clic_test_image_356.png,2,0.1,1512,2016,0.03813408079281095,31.548610573419968,0.8638482689857483,0.060005784034729004,0.0670697093009948,3.8323287143470917,27.69709856146479,0.947293221950531
clic2020,clic_test_image_356.png,3,0.125,1512,2016,0.051582052574116063,32.23453408120771,0.874447762966156,0.05270790308713913,0.0627932548522949,3.830432539446827,28.383022069252533,0.9553263187408448
clic2020,clic_test_image_356.png,4,0.15,1512,2016,0.06752855463172923,32.839099850541174,0.8845298290252686,0.04733703285455704,0.0564118027687072,4.013881190620613,28.98758783858601,0.9612650871276855
clic2020,clic_test_image_357.png,0,0.05,1512,2016,0.03693730578651214,27.43062551719293,0.7043537497520447,0.15083327889442444,0.0780167579650878,3.462559275517543,22.067062475279474,0.869389533996582
clic2020,clic_test_image_357.png,1,0.075,1512,2016,0.058542244058117074,28.73115416878925,0.7455361485481262,0.11552698165178299,0.0674924850463867,3.284417314125886,23.367591126875794,0.9016323685646056
clic2020,clic_test_image_357.png,2,0.1,1512,2016,0.07897140337616528,29.72915606185484,0.7764158844947815,0.09441261738538742,0.0601640939712524,3.260345775450035,24.365593019941382,0.92111736536026
clic2020,clic_test_image_357.png,3,0.125,1512,2016,0.09980998572268414,30.55365641508728,0.8001704216003418,0.07972416281700134,0.0524553656578063,3.1786875038705316,25.19009337317383,0.9342865943908693
clic2020,clic_test_image_357.png,4,0.15,1512,2016,0.12111048122952885,31.219643852898223,0.8191686868667603,0.0698443055152893,0.0487286448478698,3.1714025699261947,25.85608081098477,0.943479061126709
clic2020,clic_test_image_358.png,0,0.05,1512,2016,0.09086566725455614,21.133779436190025,0.5494690537452698,0.15136593580245972,0.12337327003479,1.735546987768566,16.080606312401574,0.8114827275276184
clic2020,clic_test_image_358.png,1,0.075,1512,2016,0.15964873603762492,22.525636429941585,0.641108512878418,0.10942675173282623,0.0938885807991027,1.6905641807190326,17.472463306153138,0.8715847134590149
clic2020,clic_test_image_358.png,2,0.1,1512,2016,0.22764445284286555,23.54949817577063,0.7037100195884705,0.08689563721418381,0.0817770957946777,1.7221959437156444,18.496325051982183,0.9044955372810364
clic2020,clic_test_image_358.png,3,0.125,1512,2016,0.29118900646678425,24.338365522406576,0.7473589181900024,0.07230961322784424,0.0733068585395813,1.6272319534481063,19.28519239861813,0.9248916506767272
clic2020,clic_test_image_358.png,4,0.15,1512,2016,0.35226652389350804,24.949737929565146,0.7772037982940674,0.06231391802430153,0.0662661790847778,1.6516825073891093,19.89656480577669,0.9379405975341796
clic2020,clic_test_image_359.png,0,0.05,2016,1512,0.03421831695641219,25.31994840804961,0.5323370695114136,0.17672371864318848,0.1024980545043945,3.2619136580005788,19.694436549181205,0.7549431324005127
clic2020,clic_test_image_359.png,1,0.075,2016,1512,0.061996094734189974,26.273919201305173,0.5792041420936584,0.1341545432806015,0.0759551525115966,3.1843870761042785,20.64840734243677,0.8105957508087158
clic2020,clic_test_image_359.png,2,0.1,2016,1512,0.09519085411942554,27.13437124099251,0.6266372799873352,0.11054303497076035,0.0616166591644287,2.9813869391604477,21.508859382124108,0.8516407012939453
clic2020,clic_test_image_359.png,3,0.125,2016,1512,0.13018077601410935,27.86268117257178,0.6668912172317505,0.09173734486103058,0.0543566346168518,2.9111605904345614,22.23716931370337,0.881259024143219
clic2020,clic_test_image_359.png,4,0.15,2016,1512,0.16479276895943562,28.42933649869684,0.6981121301651001,0.08099120855331421,0.0476208329200744,2.722705509861212,22.803824639828434,0.9007599949836732
clic2020,clic_test_image_36.png,0,0.05,1947,2048,0.01996260272213662,30.59872393108187,0.8145890831947327,0.08421437442302704,0.0799639225006103,3.922228871722386,25.32019825801827,0.9118717312812804
clic2020,clic_test_image_36.png,1,0.075,1947,2048,0.029536626861838725,32.13845597373856,0.840760350227356,0.06762927025556564,0.0617586374282836,3.997454320225895,26.85993030067496,0.9325386881828308
clic2020,clic_test_image_36.png,2,0.1,1947,2048,0.04069963405238829,33.171447121177856,0.8583658933639526,0.054058872163295746,0.0508295893669128,3.841929285758611,27.89292144811425,0.9462178349494934
clic2020,clic_test_image_36.png,3,0.125,1947,2048,0.05264910760143811,34.02923542413233,0.8721497058868408,0.04571047052741051,0.0457425117492675,3.7979287469738523,28.75070975106873,0.9567567706108092
clic2020,clic_test_image_36.png,4,0.15,1947,2048,0.0648072354904982,34.55272812646971,0.8807370662689209,0.04043766111135483,0.0414308309555053,3.9398300148300347,29.274202453406104,0.9632967114448548
clic2020,clic_test_image_360.png,0,0.05,1365,2048,0.0521577380952381,26.351659890000533,0.7304202914237976,0.13884252309799194,0.1052623391151428,3.086252979100548,18.321001161671667,0.8905498385429382
clic2020,clic_test_image_360.png,1,0.075,1365,2048,0.07989354395604395,27.74339416931421,0.7762876749038696,0.10491971671581268,0.0795074701309204,3.0901888926109633,19.71273544098534,0.9224616885185242
clic2020,clic_test_image_360.png,2,0.1,1365,2048,0.10683951465201465,28.76732807957925,0.8052528500556946,0.08545274287462234,0.0686433315277099,3.007969548704474,20.73666935125038,0.9400658011436462
clic2020,clic_test_image_360.png,3,0.125,1365,2048,0.13325892857142857,29.550231451457574,0.826198160648346,0.07322259992361069,0.0603489279747009,2.944793396078958,21.519572723128704,0.9506351947784424
clic2020,clic_test_image_360.png,4,0.15,1365,2048,0.15852220695970695,30.13900799229124,0.8416317105293274,0.06405119597911835,0.0524661540985107,2.8848247570623133,22.108349263962367,0.9573001265525818
clic2020,clic_test_image_361.png,0,0.05,1512,2016,0.03173028470647518,28.160201538863184,0.7688277363777161,0.11906211078166962,0.0667546987533569,3.608355943591496,22.30539727277174,0.8934221863746643
clic2020,clic_test_image_361.png,1,0.075,1512,2016,0.05109914336104812,29.5348285539438,0.8004266023635864,0.09382650256156921,0.0532920956611633,3.5871763622349215,23.680024287852355,0.9226563572883606
clic2020,clic_test_image_361.png,2,0.1,1512,2016,0.06849437305786513,30.520382745790045,0.8214834928512573,0.07924462854862213,0.0486837029457092,3.526977855756276,24.665578479698603,0.9380311965942384
clic2020,clic_test_image_361.png,3,0.125,1512,2016,0.08723335013017552,31.33160684427944,0.8360114693641663,0.06901897490024567,0.0411673784255981,3.556270912878834,25.476802578188,0.947743594646454
clic2020,clic_test_image_361.png,4,0.15,1512,2016,0.10420865877215084,31.95584817367908,0.8462830185890198,0.061064690351486206,0.0373097658157348,3.4581995602250974,26.10104390758764,0.95404314994812
clic2020,clic_test_image_362.png,0,0.05,1512,2016,0.03381939195431259,27.894171845538324,0.7663350105285645,0.11189015209674835,0.0643596649169921,3.1670124051189767,23.078047756685702,0.9041265845298768
clic2020,clic_test_image_362.png,1,0.075,1512,2016,0.05144557823129252,29.10360925820981,0.792302668094635,0.08673138916492462,0.0526195168495178,3.0328323351976234,24.287485169357183,0.9265565276145936
clic2020,clic_test_image_362.png,2,0.1,1512,2016,0.06976463424876124,30.026655511441472,0.8105760812759399,0.07177918404340744,0.0436676144599914,2.960526287517049,25.210531422588843,0.9392947554588318
clic2020,clic_test_image_362.png,3,0.125,1512,2016,0.0881466784244562,30.82231300299357,0.8258576989173889,0.06173097342252731,0.0379909873008728,3.034956173745733,26.006188914140942,0.9482982754707336
clic2020,clic_test_image_362.png,4,0.15,1512,2016,0.10585684891240447,31.41198342156037,0.8363383412361145,0.05484846979379654,0.034131109714508,2.9584628887871807,26.595859332707743,0.954258918762207
clic2020,clic_test_image_363.png,0,0.05,1362,2048,0.029764363069016152,28.90480748713341,0.6863294243812561,0.08129235357046127,0.0692020654678344,4.147849416104783,27.214697547020723,0.9007460474967957
clic2020,clic_test_image_363.png,1,0.075,1362,2048,0.03299949522760646,29.61315791163724,0.6984943151473999,0.0694374069571495,0.0568525791168212,4.128006366843905,27.923047971524547,0.9123826026916504
clic2020,clic_test_image_363.png,2,0.1,1362,2048,0.046444796255506605,30.218756175292807,0.7008990049362183,0.05777537822723389,0.0486838817596435,4.029727984569284,28.52864623518011,0.9180049896240234
clic2020,clic_test_image_363.png,3,0.125,1362,2048,0.05169901798825257,30.620530412168826,0.7071837782859802,0.0497530922293663,0.0455196499824523,3.909422066345172,28.930420472056127,0.9237911105155944
clic2020,clic_test_image_363.png,4,0.15,1362,2048,0.06133558186490455,30.896806381918395,0.7096803784370422,0.04584656283259392,0.044071078300476,3.898032546038938,29.206696441805697,0.9268083572387696
clic2020,clic_test_image_364.png,0,0.05,2048,1366,0.018696239019033674,32.94996557805832,0.8901592493057251,0.08662496507167816,0.0839836001396179,3.837453920118233,21.063675932491115,0.95066237449646
clic2020,clic_test_image_364.png,1,0.075,2048,1366,0.026062637262079063,34.083403822506384,0.9000287055969238,0.06758738309144974,0.0702773332595825,3.854466893778692,22.197114176939174,0.9607252478599548
clic2020,clic_test_image_364.png,2,0.1,2048,1366,0.03465295571010249,34.935870949292855,0.9092341661453248,0.056613534688949585,0.0612210035324096,3.7972400542825238,23.049581303725653,0.9670756459236144
clic2020,clic_test_image_364.png,3,0.125,2048,1366,0.04287724194729136,35.64053433938313,0.9156286716461182,0.049166303128004074,0.0577930212020874,3.8530987503456644,23.754244693815924,0.97152441740036
clic2020,clic_test_image_364.png,4,0.15,2048,1366,0.050541041361639824,36.0639217015656,0.9190450310707092,0.04397594928741455,0.0506848692893981,3.816852235908872,24.177632055998394,0.9740660190582277
clic2020,clic_test_image_365.png,0,0.05,1359,2048,0.04298312178072112,26.20257787181819,0.7990253567695618,0.08149886131286621,0.0817466378211975,2.915312134161689,23.06471057132661,0.9217012524604796
clic2020,clic_test_image_365.png,1,0.075,1359,2048,0.07261198491537896,27.54036246831153,0.8278727531433105,0.06228340417146683,0.0729457736015319,2.8718895881323037,24.40249516781995,0.9415550231933594
clic2020,clic_test_image_365.png,2,0.1,1359,2048,0.08888084069168506,28.4414740522074,0.8474701046943665,0.05083993077278137,0.063170850276947,2.770581655012152,25.303606751715822,0.9530757069587708
clic2020,clic_test_image_365.png,3,0.125,1359,2048,0.1112548289183223,29.24573976837078,0.8640196323394775,0.04266177490353584,0.0531683564186096,2.7775822937499206,26.1078724678792,0.9618670344352722
clic2020,clic_test_image_365.png,4,0.15,1359,2048,0.1385727097130243,29.83432718092624,0.8760021328926086,0.03796575590968132,0.0491679906845092,2.7487695229761013,26.69645988043465,0.9674751162528992
clic2020,clic_test_image_366.png,0,0.05,1365,2048,0.04554143772893773,27.07243554906752,0.7914467453956604,0.09831644594669342,0.0812143087387085,2.6128629991847716,23.302627260558104,0.9242749214172364
clic2020,clic_test_image_366.png,1,0.075,1365,2048,0.06437156593406593,28.29428603790504,0.819988489151001,0.07322383671998978,0.0657124519348144,2.6808565913900018,24.52447774939563,0.9402496218681335
clic2020,clic_test_image_366.png,2,0.1,1365,2048,0.08260645604395604,29.202180913189046,0.8392312526702881,0.060006558895111084,0.0566431879997253,2.677881342872543,25.43237262467964,0.9500272870063782
clic2020,clic_test_image_366.png,3,0.125,1365,2048,0.10127632783882784,29.880855657731445,0.8524306416511536,0.05076669529080391,0.0512312650680542,2.644578690276564,26.11104736922204,0.9563140869140624
clic2020,clic_test_image_366.png,4,0.15,1365,2048,0.12036973443223443,30.425965944808144,0.863633394241333,0.04523899033665657,0.0440289974212646,2.645827487679531,26.65615765629873,0.9617605209350586
clic2020,clic_test_image_367.png,0,0.05,1512,2016,0.04587112622826908,25.96410294737749,0.5806162357330322,0.13521721959114075,0.0715804696083068,3.2570914321870923,18.098872650968108,0.7982373237609863
clic2020,clic_test_image_367.png,1,0.075,1512,2016,0.07106638951877046,27.16543966094203,0.6338001489639282,0.10396073758602142,0.0564681887626647,3.1629634778437077,19.30020936453264,0.8455973267555237
clic2020,clic_test_image_367.png,2,0.1,1512,2016,0.09805681531872008,28.0975599194342,0.6747696399688721,0.08249375224113464,0.0473838448524475,3.0760947644491075,20.23232962302481,0.8767557740211487
clic2020,clic_test_image_367.png,3,0.125,1512,2016,0.1266639371798102,28.89640934284321,0.7100453972816467,0.07015136629343033,0.0402527451515197,2.9278578801622466,21.03117904643382,0.9014495015144348
clic2020,clic_test_image_367.png,4,0.15,1512,2016,0.15506109851347946,29.53996404818684,0.7381739020347595,0.060729287564754486,0.0350701212882995,2.8739261242799614,21.674733751777445,0.9186365604400636
clic2020,clic_test_image_368.png,0,0.05,1512,2016,0.08046212312085328,21.21985746343846,0.5476037859916687,0.17359697818756104,0.104794442653656,2.276771860192007,14.459853762293768,0.7980712056159973
clic2020,clic_test_image_368.png,1,0.075,1512,2016,0.13706748131351307,22.4715455076476,0.6176741719245911,0.13380280137062073,0.0950986146926879,2.470647399304804,15.71154180650291,0.8561848998069763
clic2020,clic_test_image_368.png,2,0.1,1512,2016,0.193714831611657,23.32006314345012,0.6687123775482178,0.1094551533460617,0.0898810029029846,2.4884347886631737,16.560059442305434,0.8903346061706543
clic2020,clic_test_image_368.png,3,0.125,1512,2016,0.24845154111027126,23.95567565484317,0.7076094746589661,0.09475913643836975,0.0780839920043945,2.5121822569908066,17.195671953698483,0.9121148586273192
clic2020,clic_test_image_368.png,4,0.15,1512,2016,0.2977082808432015,24.462379542216723,0.7383752465248108,0.08352735638618469,0.0774428844451904,2.518405343138891,17.702375841072037,0.927459180355072
clic2020,clic_test_image_369.png,0,0.05,1512,2016,0.037871630133534895,27.84386655055541,0.7576320171356201,0.1050335019826889,0.0757630467414856,3.5575801636530726,21.663690669856123,0.9084839820861816
clic2020,clic_test_image_369.png,1,0.075,1512,2016,0.05418556311413454,29.015178589650965,0.7820477485656738,0.08017227053642273,0.0631393194198608,3.509690719412634,22.83500270895168,0.9275768399238586
clic2020,clic_test_image_369.png,2,0.1,1512,2016,0.07111887965062569,29.89057134816276,0.8001012206077576,0.0659690648317337,0.0516483187675476,3.3626482252149223,23.71039546746347,0.9402020573616028
clic2020,clic_test_image_369.png,3,0.125,1512,2016,0.08904950869236583,30.602747058053872,0.8153666853904724,0.05652572959661484,0.0462196469306945,3.3110323427329678,24.42257117735458,0.9491974711418152
clic2020,clic_test_image_369.png,4,0.15,1512,2016,0.10627676996724615,31.18488736232274,0.8267955183982849,0.05017593502998352,0.0418267250061035,3.352530315793541,25.004711481623445,0.9552417397499084
clic2020,clic_test_image_37.png,0,0.05,2048,1365,0.0597584706959707,25.53881796984642,0.7065524458885193,0.1059315949678421,0.0701596140861511,2.936957572877733,21.49207169186008,0.8882066607475281
clic2020,clic_test_image_37.png,1,0.075,2048,1365,0.08499885531135531,26.78965527001401,0.7461367845535278,0.08000613003969193,0.0551170110702514,2.952314555977517,22.742908992027672,0.9139108657836914
clic2020,clic_test_image_37.png,2,0.1,2048,1365,0.1096668956043956,27.63306448667812,0.769497811794281,0.06417249888181686,0.0468210577964782,2.984697521816978,23.58631820869177,0.927116632461548
clic2020,clic_test_image_37.png,3,0.125,2048,1365,0.13448374542124542,28.3040299925044,0.787760317325592,0.05488671734929085,0.0406835079193115,3.056577785859989,24.25728371451806,0.9366798996925354
clic2020,clic_test_image_37.png,4,0.15,2048,1365,0.15878548534798534,28.838315229223145,0.8008602857589722,0.04838499426841736,0.0363582372665405,3.115506415270777,24.791568951236805,0.9430176615715028
clic2020,clic_test_image_370.png,0,0.05,2048,1362,0.06657833149779736,22.50112100622136,0.556067168712616,0.15137654542922974,0.0900788307189941,2.002529844683507,16.577971975757006,0.8306233286857605
clic2020,clic_test_image_370.png,1,0.075,2048,1362,0.11333861049926579,23.65221590469653,0.6292322278022766,0.11567798256874084,0.0755001902580261,1.8774596297648984,17.729066874232178,0.8800322413444519
clic2020,clic_test_image_370.png,2,0.1,2048,1362,0.16386173825256975,24.58643525439336,0.684034526348114,0.09440512955188751,0.0704189538955688,1.829439024532089,18.663286223929013,0.9081776738166808
clic2020,clic_test_image_370.png,3,0.125,2048,1362,0.2155435480910426,25.349163398116268,0.7254908680915833,0.0797240287065506,0.0630887746810913,1.852525824031653,19.42601436765192,0.9260353446006776
clic2020,clic_test_image_370.png,4,0.15,2048,1362,0.26580281754772395,25.97075820769422,0.7569400072097778,0.06912961602210999,0.0562977194786071,1.8899633220154939,20.04760917722987,0.9381155371665956
clic2020,clic_test_image_371.png,0,0.05,2048,1535,0.021493281758957653,30.646794902380023,0.8825653791427612,0.05851370468735695,0.0816528797149658,3.8922908299919428,14.509797256521344,0.9549054503440856
clic2020,clic_test_image_371.png,1,0.075,2048,1535,0.029229438110749184,31.88903728956748,0.9002643823623657,0.044055692851543427,0.0680475831031799,3.8646921935046676,15.752039643708798,0.9642344117164612
clic2020,clic_test_image_371.png,2,0.1,2048,1535,0.03746437296416938,32.689904751409486,0.9076340794563292,0.037103425711393356,0.0595646500587463,3.8720822978377964,16.55290710555081,0.9689863324165344
clic2020,clic_test_image_371.png,3,0.125,2048,1535,0.04599450325732899,33.48577053485943,0.9195091128349304,0.03128925710916519,0.0527836084365844,3.8685267093093354,17.348772889000756,0.973304271697998
clic2020,clic_test_image_371.png,4,0.15,2048,1535,0.055359324104234525,34.00015786610547,0.9251198768615724,0.027814466506242752,0.0473455190658569,3.8991179431718406,17.863160220246787,0.9757277369499208
clic2020,clic_test_image_372.png,0,0.05,2048,1365,0.018915979853479852,32.60304496942177,0.8964704275131226,0.05389518290758133,0.0663257241249084,5.141705460872865,21.643538942774025,0.9422819018363952
clic2020,clic_test_image_372.png,1,0.075,2048,1365,0.025635302197802197,33.86999151520244,0.9063740372657776,0.040924280881881714,0.056925892829895,5.12373163486816,22.9104854885547,0.954333245754242
clic2020,clic_test_image_372.png,2,0.1,2048,1365,0.03314445970695971,34.783328747391025,0.91669100522995,0.033952031284570694,0.0516927242279052,5.144385279785178,23.82382272074328,0.962616205215454
clic2020,clic_test_image_372.png,3,0.125,2048,1365,0.0408367673992674,35.56717924991655,0.923915147781372,0.029481276869773865,0.0415790677070617,5.173446901324196,24.6076732232688,0.9684823155403136
clic2020,clic_test_image_372.png,4,0.15,2048,1365,0.04808264652014652,36.14211248160654,0.9299866557121276,0.02686498872935772,0.0376181602478027,5.195674342987687,25.18260645495879,0.9722022414207458
clic2020,clic_test_image_373.png,0,0.05,1512,2016,0.06274145460653398,24.549022998906423,0.6109491586685181,0.14818711578845978,0.0964143872261047,2.613940572806706,16.95649043585266,0.8451461791992188
clic2020,clic_test_image_373.png,1,0.075,1512,2016,0.0987076929537247,25.82236218051121,0.6673161387443542,0.10829188674688339,0.0756395459175109,2.4691383279120203,18.229829617457444,0.8836386799812317
clic2020,clic_test_image_373.png,2,0.1,1512,2016,0.13303623918703283,26.75140309512181,0.7051129341125488,0.08695944398641586,0.0640381574630737,2.3741591142632315,19.158870532068047,0.9061315655708312
clic2020,clic_test_image_373.png,3,0.125,1512,2016,0.16623099857226842,27.44658355834424,0.7333501577377319,0.07247026264667511,0.0506616234779357,2.3760950458281433,19.85405099529047,0.9211639761924744
clic2020,clic_test_image_373.png,4,0.15,1512,2016,0.19937326782564876,27.99364485636412,0.7537848353385925,0.06332532316446304,0.0467984080314636,2.3697501300184625,20.40111229331035,0.9315760731697084
clic2020,clic_test_image_374.png,0,0.05,1365,2048,0.041523580586080584,24.84887278852994,0.616605818271637,0.13214720785617828,0.1136495471000671,2.8196122341546124,21.002189707088043,0.8575703501701355
clic2020,clic_test_image_374.png,1,0.075,1365,2048,0.06851533882783883,25.992144514617763,0.6556094288825989,0.1057472825050354,0.0926533937454223,2.715270870186641,22.145461433175875,0.8894720077514648
clic2020,clic_test_image_374.png,2,0.1,1365,2048,0.09747596153846154,26.81717443059366,0.683570921421051,0.08840841054916382,0.0805604457855224,2.6589420455494723,22.970491349151768,0.9076876044273376
clic2020,clic_test_image_374.png,3,0.125,1365,2048,0.1278216575091575,27.508131526217355,0.7046483159065247,0.07821109890937805,0.0717320442199707,2.6059938287783346,23.661448444775463,0.920016586780548
clic2020,clic_test_image_374.png,4,0.15,1365,2048,0.15743475274725274,28.057980072482888,0.7219384908676147,0.07008155435323715,0.0674830675125122,2.642042900660264,24.211296991041,0.9290142059326172
clic2020,clic_test_image_375.png,0,0.05,1512,2016,0.033189510372050056,28.00647078148468,0.7073193788528442,0.13465549051761627,0.08655446767807,3.567042443260378,23.18813884242532,0.8618812561035156
clic2020,clic_test_image_375.png,1,0.075,1512,2016,0.049692407827328464,29.07680992771976,0.7314628958702087,0.10796196758747101,0.0734647512435913,3.523714937024324,24.25847798866041,0.8884744048118591
clic2020,clic_test_image_375.png,2,0.1,1512,2016,0.06743407239438985,29.85697639862338,0.7498760223388672,0.08906333893537521,0.0638100504875183,3.4988893215794477,25.03864445956403,0.9057199358940125
clic2020,clic_test_image_375.png,3,0.125,1512,2016,0.08662446460065508,30.531766117707843,0.7670312523841858,0.07593858987092972,0.0589465498924255,3.358013361349578,25.71343417864849,0.919626235961914
clic2020,clic_test_image_375.png,4,0.15,1512,2016,0.10620328378264886,31.038916422375674,0.7798194289207458,0.06562061607837677,0.0540030002593994,3.3287370613013403,26.220584483316323,0.9295735359191896
clic2020,clic_test_image_376.png,0,0.05,1312,1968,0.036294120563156854,24.91432911560381,0.4699732065200805,0.12102870643138885,0.09138685464859,3.745073888734334,18.234545654561032,0.8418969511985779
clic2020,clic_test_image_376.png,1,0.075,1312,1968,0.053359855244893915,25.472907128594468,0.4881559610366821,0.09836921840906143,0.0785524249076843,3.757605511710477,18.79312366755169,0.8584635853767395
clic2020,clic_test_image_376.png,2,0.1,1312,1968,0.07209870116993852,25.863276017878302,0.5029735565185547,0.08466075360774994,0.0772735476493835,3.695197528206814,19.183492556835528,0.8706578612327576
clic2020,clic_test_image_376.png,3,0.125,1312,1968,0.09221321633948047,26.16563217427277,0.5151436924934387,0.07554027438163757,0.0736755728721618,3.617152493001986,19.48584871322999,0.8796908259391785
clic2020,clic_test_image_376.png,4,0.15,1312,1968,0.11299697600634542,26.40582254950835,0.5263547897338867,0.06840576231479645,0.0725467205047607,3.576090379537713,19.726039088465573,0.8866352438926697
clic2020,clic_test_image_377.png,0,0.05,2048,1428,0.022097120098039217,29.14558581386284,0.715155839920044,0.08169090747833252,0.0775654911994934,3.7527309651748806,26.042026406117785,0.9179420471191406
clic2020,clic_test_image_377.png,1,0.075,2048,1428,0.030161283263305323,30.07568958182883,0.7273154258728027,0.0688287764787674,0.0582013130187988,3.792343187728852,26.972130174083784,0.9273056387901306
clic2020,clic_test_image_377.png,2,0.1,2048,1428,0.038860075280112046,30.59813199028768,0.7324991226196289,0.06042852997779846,0.0512546300888061,3.848539356487996,27.49457258254263,0.932933509349823
clic2020,clic_test_image_377.png,3,0.125,2048,1428,0.04834668242296919,30.976523021114648,0.7374619841575623,0.054714400321245193,0.0451127886772155,3.8678951388619387,27.87296361336961,0.9369457364082336
clic2020,clic_test_image_377.png,4,0.15,2048,1428,0.05858827906162465,31.268846826020265,0.7398697733879089,0.05034896731376648,0.0397129654884338,3.8795867751367523,28.16528741827522,0.9399442672729492
clic2020,clic_test_image_378.png,0,0.05,2016,1512,0.03944633408919123,25.896292557185177,0.6910914778709412,0.11872676759958267,0.0934994220733642,3.0954402111669936,19.06167699836324,0.85777348279953
clic2020,clic_test_image_378.png,1,0.075,2016,1512,0.062164063156126645,27.078532112971967,0.73810213804245,0.09047556668519974,0.0733323097229003,3.0571710496595705,20.243916554150022,0.8943228721618652
clic2020,clic_test_image_378.png,2,0.1,2016,1512,0.08621504157218443,27.95282274905089,0.7710924744606018,0.07419469207525253,0.0643979310989379,3.037084530416141,21.11820719022895,0.9163573384284972
clic2020,clic_test_image_378.png,3,0.125,2016,1512,0.11187221802301167,28.72462613818778,0.7972489595413208,0.06404755264520645,0.0550439357757568,3.036074379374172,21.890010579365835,0.93159419298172
clic2020,clic_test_image_378.png,4,0.15,2016,1512,0.1377708490803729,29.35091440892354,0.8168774843215942,0.056496553122997284,0.0454429388046264,3.095321377994898,22.5162988501016,0.941770076751709
clic2020,clic_test_image_379.png,0,0.05,1512,2016,0.011952003023431594,31.652871939172947,0.8108298182487488,0.09062878042459488,0.1077316403388977,5.703440261756875,26.54554000830446,0.9336528182029724
clic2020,clic_test_image_379.png,1,0.075,1512,2016,0.019941001091794742,32.781469060078194,0.8055527210235596,0.07191245257854462,0.0782278776168823,5.891277302863234,27.674137129209704,0.9372358918190002
clic2020,clic_test_image_379.png,2,0.1,1512,2016,0.026890694549424707,33.34731656791514,0.8062383532524109,0.060852471739053726,0.0701691508293151,6.071711154610223,28.239984637046657,0.9424192309379578
clic2020,clic_test_image_379.png,3,0.125,1512,2016,0.034071344587217604,33.58126237942627,0.8062940835952759,0.053320303559303284,0.0638231039047241,6.105252695476572,28.47393044855778,0.9465059638023376
clic2020,clic_test_image_379.png,4,0.15,1512,2016,0.044653355169228186,34.04309869395435,0.8097200393676758,0.047150686383247375,0.0586017370223999,6.091883700551423,28.935766763085866,0.950982630252838
clic2020,clic_test_image_38.png,0,0.05,2048,1365,0.0377918956043956,25.44413012306622,0.6134777665138245,0.12693484127521515,0.1580946445465088,3.070982981992196,22.377780557680783,0.8736302852630615
clic2020,clic_test_image_38.png,1,0.075,2048,1365,0.05968978937728938,26.54242053025468,0.6372350454330444,0.10119371116161346,0.1282528638839721,3.261042878084734,23.47607096486924,0.8903408050537109
clic2020,clic_test_image_38.png,2,0.1,2048,1365,0.08301854395604395,27.35761708761593,0.66190105676651,0.08827213943004608,0.1034604907035827,3.258730191272643,24.29126752223049,0.9028846621513368
clic2020,clic_test_image_38.png,3,0.125,2048,1365,0.10575206043956044,27.96075110632493,0.6729785203933716,0.0765591710805893,0.0986327528953552,3.3458910885788957,24.89440154093949,0.910719633102417
clic2020,clic_test_image_38.png,4,0.15,2048,1365,0.13183951465201466,28.43247343509969,0.681888222694397,0.06904195249080658,0.0830150842666626,3.3915342628475846,25.36612386971425,0.9170491099357604
clic2020,clic_test_image_380.png,0,0.05,1512,2016,0.04775027294868565,26.95593541859151,0.759817361831665,0.11483345180749893,0.0791575908660888,3.1456732335776567,21.844069747961623,0.9003992080688477
clic2020,clic_test_image_380.png,1,0.075,1512,2016,0.06997459477618208,28.25855331982041,0.7979990243911743,0.0858774408698082,0.0591040849685668,3.1719392340192223,23.14668764919053,0.9275135397911072
clic2020,clic_test_image_380.png,2,0.1,1512,2016,0.09236688502561519,29.226405065371765,0.8226677775382996,0.07026584446430206,0.0501949787139892,3.0260883903602993,24.11453939474188,0.942671835422516
clic2020,clic_test_image_380.png,3,0.125,1512,2016,0.11576698580666835,30.03840290951732,0.8422208428382874,0.058631159365177155,0.043924331665039,2.967340264229493,24.92653723888743,0.9530118107795716
clic2020,clic_test_image_380.png,4,0.15,1512,2016,0.13827475434618292,30.689272638732948,0.8573906421661377,0.05136682093143463,0.0392817258834838,2.8621902756404154,25.577406968103062,0.9600440859794616
clic2020,clic_test_image_381.png,0,0.05,1462,2048,0.034258507181942545,27.78391537345314,0.7884412407875061,0.10895196348428726,0.1360911726951599,3.6613113141752835,23.33455285428376,0.901490032672882
clic2020,clic_test_image_381.png,1,0.075,1462,2048,0.05323935533515732,29.201988595713896,0.827282726764679,0.0826321393251419,0.103643000125885,3.598608622105686,24.752626076544505,0.930532932281494
clic2020,clic_test_image_381.png,2,0.1,1462,2048,0.07264770006839945,30.30349854702309,0.8542942404747009,0.06663535535335541,0.0855271816253662,3.597477968666683,25.8541360278537,0.946786642074585
clic2020,clic_test_image_381.png,3,0.125,1462,2048,0.09166061046511628,31.180806849995125,0.8738694190979004,0.0552796795964241,0.0770632028579711,3.604690815159323,26.73144433082573,0.9568633437156676
clic2020,clic_test_image_381.png,4,0.15,1462,2048,0.10983990253077976,31.882835839359668,0.8881429433822632,0.04973340779542923,0.0728641152381897,3.5176635161440704,27.43347332019028,0.9635974764823914
clic2020,clic_test_image_382.png,0,0.05,1512,2016,0.03377739984882842,26.324123254867985,0.5545784831047058,0.142717644572258,0.0814378261566162,2.410283357975896,18.417260265266123,0.8246555328369141
clic2020,clic_test_image_382.png,1,0.075,1512,2016,0.049398463088939276,27.00285366668289,0.5787691473960876,0.11904159933328629,0.0665152668952941,2.4579323464190335,19.095990677081023,0.8446714878082275
clic2020,clic_test_image_382.png,2,0.1,1512,2016,0.06561791383219955,27.43899087057356,0.5935972929000854,0.10511459410190582,0.0558856725692749,2.558568259348152,19.532127880971704,0.8576202988624573
clic2020,clic_test_image_382.png,3,0.125,1512,2016,0.08441987906273621,27.826722169078177,0.6090602874755859,0.09584884345531464,0.0513563752174377,2.5236427572882,19.91985917947632,0.8699808120727539
clic2020,clic_test_image_382.png,4,0.15,1512,2016,0.10865982195347275,28.186626811781107,0.6264112591743469,0.08775327354669571,0.046033501625061,2.503734655789511,20.279763822179248,0.8830926418304443
clic2020,clic_test_image_383.png,0,0.05,1512,2016,0.09381561266481901,23.387260805879144,0.7345492839813232,0.09764610230922699,0.1154808402061462,3.222077871042619,18.78216778123397,0.9112254977226256
clic2020,clic_test_image_383.png,1,0.075,1512,2016,0.13848471487360375,24.93431916042606,0.795376181602478,0.07033148407936096,0.0855736136436462,3.1451970280529737,20.329226135780885,0.9389711022377014
clic2020,clic_test_image_383.png,2,0.1,1512,2016,0.1806447887797094,26.021813141294142,0.8296864628791809,0.05593360960483551,0.0706952810287475,3.122430756412114,21.41672011664897,0.9531970024108888
clic2020,clic_test_image_383.png,3,0.125,1512,2016,0.22232195347274714,26.86679940843394,0.853327751159668,0.04630913585424423,0.061596393585205,3.0697890864809554,22.261706383788766,0.962412655353546
clic2020,clic_test_image_383.png,4,0.15,1512,2016,0.26260288065843623,27.517749073615366,0.869515597820282,0.04061798378825188,0.0547940731048584,3.0541357433696614,22.91265604897019,0.9685838222503662
clic2020,clic_test_image_384.png,0,0.05,2048,1366,0.147253614568082,18.816868525355304,0.4509510993957519,0.19855286180973053,0.1446152925491333,2.077381088130769,12.56612496252868,0.7807774543762207
clic2020,clic_test_image_384.png,1,0.075,2048,1366,0.24808405014641288,20.072126071038497,0.5484419465065002,0.14656150341033936,0.1193733215332031,2.1751294839105926,13.821382508211874,0.8446688055992126
clic2020,clic_test_image_384.png,2,0.1,2048,1366,0.3446479227672035,20.991699365434783,0.6148039698600769,0.1173744648694992,0.104093849658966,2.2364460855361004,14.740955802608156,0.879520833492279
clic2020,clic_test_image_384.png,3,0.125,2048,1366,0.43510363286969256,21.6806662489172,0.6608138084411621,0.09868743270635605,0.0943272113800048,2.2883082742197867,15.429922686090576,0.9007115364074707
clic2020,clic_test_image_384.png,4,0.15,2048,1366,0.5177010889458272,22.21268616501296,0.6926858425140381,0.08617269992828369,0.0880959630012512,2.335070788551572,15.961942602186337,0.913924515247345
clic2020,clic_test_image_385.png,0,0.05,2048,1365,0.031667811355311354,30.855424873056684,0.8828718066215515,0.05849851667881012,0.0638379454612732,3.932197534338323,25.098487837395,0.9552493691444396
clic2020,clic_test_image_385.png,1,0.075,2048,1365,0.042462225274725277,32.29957516760649,0.9010287523269652,0.043013203889131546,0.0541309118270874,3.928748949006199,26.5426381319448,0.9678073525428772
clic2020,clic_test_image_385.png,2,0.1,2048,1365,0.052638507326007326,33.19939202453063,0.9104368686676024,0.03494025394320488,0.046154499053955,3.884340928495902,27.44245498886894,0.9741300940513612
clic2020,clic_test_image_385.png,3,0.125,2048,1365,0.06282623626373626,33.95727348787526,0.919076681137085,0.029599081724882126,0.0392468571662902,3.8870405400538584,28.200336452213573,0.9785809516906738
clic2020,clic_test_image_385.png,4,0.15,2048,1365,0.0731055402930403,34.51993016037139,0.9261140823364258,0.0262368842959404,0.034987986087799,3.902954072862969,28.7629931247097,0.9816378951072692
clic2020,clic_test_image_386.png,0,0.05,1512,2016,0.06323486184597296,24.19664709467124,0.6584003567695618,0.15258507430553436,0.0792743563652038,2.5852705404904186,17.92975830117044,0.8586795926094055
clic2020,clic_test_image_386.png,1,0.075,1512,2016,0.101017258755354,25.58678057536211,0.7267975211143494,0.11250899732112885,0.0653808116912841,2.548461575013605,19.319891781861305,0.9054765105247498
clic2020,clic_test_image_386.png,2,0.1,1512,2016,0.1364061056521374,26.55428639970472,0.7691570520401001,0.09061317145824432,0.0622527599334716,2.5182663379659904,20.28739760620392,0.92877197265625
clic2020,clic_test_image_386.png,3,0.125,1512,2016,0.1709026203073822,27.310777263521587,0.7985091805458069,0.07780520617961884,0.0559994578361511,2.4830377061114564,21.043888470020786,0.9432032704353333
clic2020,clic_test_image_386.png,4,0.15,1512,2016,0.20318405139833712,27.885082913163856,0.8192652463912964,0.06839129328727722,0.0506821274757385,2.496278361898567,21.61819411966305,0.9525761604309082
clic2020,clic_test_image_387.png,0,0.05,1365,2048,0.02913804945054945,31.27096689114755,0.9568914175033568,0.036852333694696426,0.0629892945289611,5.722928954342514,30.03269295350458,0.9775425791740416
clic2020,clic_test_image_387.png,1,0.075,1365,2048,0.03795215201465201,32.60978657341462,0.9627549648284912,0.028028853237628937,0.0521117448806762,5.712380679322608,31.371512635771648,0.982520580291748
clic2020,clic_test_image_387.png,2,0.1,1365,2048,0.046686126373626374,33.58676433193901,0.9669458866119384,0.022857211530208588,0.0442297458648681,5.760818079345546,32.34849039429604,0.9858712553977966
clic2020,clic_test_image_387.png,3,0.125,1365,2048,0.05438988095238095,34.38928451625979,0.9698942303657532,0.019397106021642685,0.0417072176933288,5.542682577273891,33.15101057861683,0.988107204437256
clic2020,clic_test_image_387.png,4,0.15,1365,2048,0.06394803113553113,34.8838212478065,0.9711135625839232,0.016971023753285408,0.0369810461997985,5.7694491140604915,33.645547310163536,0.9892280697822572
clic2020,clic_test_image_388.png,0,0.05,1512,2016,0.06673070462753003,25.52631647484665,0.7271348237991333,0.12083941698074341,0.0803741812705993,2.9993118639840293,18.90744584949935,0.8942699432373047
clic2020,clic_test_image_388.png,1,0.075,1512,2016,0.09658709162677416,26.87830482116816,0.7734135389328003,0.08997928351163864,0.0706809759140014,2.921032267103244,20.25943419582085,0.9228604435920716
clic2020,clic_test_image_388.png,2,0.1,1512,2016,0.12603405559754766,27.8879375453986,0.8031870722770691,0.07159443944692612,0.0635472536087036,2.8705521791300623,21.2690669200513,0.9391434192657472
clic2020,clic_test_image_388.png,3,0.125,1512,2016,0.1553445452254976,28.700493184107664,0.8250234723091125,0.0599961057305336,0.058066189289093,2.807359486176604,22.08162255876037,0.9499498009681702
clic2020,clic_test_image_388.png,4,0.15,1512,2016,0.18383618879650626,29.340366267325003,0.8413592576980591,0.051396504044532776,0.0538975000381469,2.784605907870853,22.721495641977704,0.9571606516838074
clic2020,clic_test_image_389.png,0,0.05,1140,1520,0.023610341643582642,30.45116671803155,0.8645002841949463,0.04734710976481438,0.0717007517814636,4.3131135616021465,24.27099122058085,0.9532257914543152
clic2020,clic_test_image_389.png,1,0.075,1140,1520,0.03280701754385965,31.75685404319847,0.8785973787307739,0.035061873495578766,0.0569766163825988,4.16153130456589,25.57667854574777,0.9630181193351746
clic2020,clic_test_image_389.png,2,0.1,1140,1520,0.04536472760849492,32.93341281011068,0.92164409160614,0.027562541887164116,0.0475056171417236,3.787395092149238,26.753237312659984,0.974858283996582
clic2020,clic_test_image_389.png,3,0.125,1140,1520,0.05280701754385965,33.85834881700835,0.925122857093811,0.02372084930539131,0.0411226749420166,3.9539996404367566,27.678173319557647,0.98086279630661
clic2020,clic_test_image_389.png,4,0.15,1140,1520,0.06265004616805171,34.53997527364304,0.9377805590629578,0.01992376334965229,0.034544289112091,4.001679408564258,28.359799776192336,0.9849112629890442
clic2020,clic_test_image_39.png,0,0.05,2016,1512,0.1112318384143781,19.363128355499303,0.416452556848526,0.2181239277124405,0.1121464371681213,2.8997539203706157,14.471378993118275,0.7454012036323547
clic2020,clic_test_image_39.png,1,0.075,2016,1512,0.21561371462165113,20.745769578338248,0.5562669634819031,0.16938865184783936,0.090544581413269,3.159397132652434,15.85402021595722,0.8425318598747253
clic2020,clic_test_image_39.png,2,0.1,2016,1512,0.313255857898715,21.76602947547076,0.6497608423233032,0.14006608724594116,0.0838632583618164,3.188202118990776,16.874280113089732,0.8915382027626038
clic2020,clic_test_image_39.png,3,0.125,2016,1512,0.4019851767867641,22.53858627508886,0.7128261923789978,0.11784036457538605,0.0745165944099426,3.207983435078506,17.64683691270783,0.9199604988098145
clic2020,clic_test_image_39.png,4,0.15,2016,1512,0.48095133114974387,23.14024862776732,0.755197286605835,0.10499017685651779,0.0707239508628845,3.2853260595238876,18.248499265386297,0.936474859714508
clic2020,clic_test_image_390.png,0,0.05,1512,2016,0.04116801041404216,28.291081020953825,0.8063896894454956,0.08389899134635925,0.059321105480194,3.6070544086205687,23.721393864047418,0.9011384844779968
clic2020,clic_test_image_390.png,1,0.075,1512,2016,0.057660409842949525,29.576694350720363,0.8298118114471436,0.06312449276447296,0.0471150875091552,3.584881001571568,25.00700719381395,0.9215960502624512
clic2020,clic_test_image_390.png,2,0.1,1512,2016,0.07410031914000167,30.56688619698193,0.8466975688934326,0.051450200378894806,0.0374943017959594,3.578744900145388,25.99719904007552,0.9347248077392578
clic2020,clic_test_image_390.png,3,0.125,1512,2016,0.09090765936004032,31.34379271730078,0.8600894808769226,0.04422350972890854,0.0329493880271911,3.5306043097173285,26.774105560394368,0.9444438815116882
clic2020,clic_test_image_390.png,4,0.15,1512,2016,0.10748404299991601,31.96917771489148,0.8714855909347534,0.03856122866272926,0.0286492705345153,3.5842716314926717,27.399490557985068,0.9516618251800536
clic2020,clic_test_image_391.png,0,0.05,2016,1512,0.036643361048122956,29.17957974267133,0.7851121425628662,0.11570689082145691,0.0755848288536071,3.5563570180656083,20.596060941982,0.899648904800415
clic2020,clic_test_image_391.png,1,0.075,2016,1512,0.05183400520702108,30.472971380145182,0.8078211545944214,0.09061925113201141,0.0617399811744689,3.5901552769036646,21.889452579455853,0.9219970703125
clic2020,clic_test_image_391.png,2,0.1,2016,1512,0.06672020660115899,31.374720533042275,0.8243741393089294,0.0735878124833107,0.054616630077362,3.5013410876166153,22.791201732352945,0.9353471398353576
clic2020,clic_test_image_391.png,3,0.125,2016,1512,0.08239375997312505,32.04875504548116,0.8354301452636719,0.06175573170185089,0.0472044944763183,3.474116174893922,23.46523624479183,0.944441020488739
clic2020,clic_test_image_391.png,4,0.15,2016,1512,0.09654509952128999,32.575776481788765,0.8441001772880554,0.05485130473971367,0.0436939001083374,3.522257593226506,23.992257681099435,0.9507115483283995
clic2020,clic_test_image_392.png,0,0.05,1024,1280,0.03084716796875,27.512096748746583,0.8036555051803589,0.09301586449146271,0.0986570715904235,3.8521887226886777,22.871397857020263,0.9143341183662416
clic2020,clic_test_image_392.png,1,0.075,1024,1280,0.04766845703125,28.713441122020868,0.8328835368156433,0.06806585937738419,0.0857670903205871,3.7705125146833045,24.07274223029455,0.9376543164253236
clic2020,clic_test_image_392.png,2,0.1,1024,1280,0.06561279296875,29.664194897174376,0.8546737432479858,0.05577298253774643,0.0660388469696044,3.7119029188879638,25.02349600544805,0.9510302543640136
clic2020,clic_test_image_392.png,3,0.125,1024,1280,0.08363037109375,30.411802225497272,0.8716469407081604,0.04839978739619255,0.0634304881095886,3.7484304460808087,25.771103333770952,0.9599399566650392
clic2020,clic_test_image_392.png,4,0.15,1024,1280,0.10225830078125,31.080828995533764,0.8855854868888855,0.04251967743039131,0.0600402951240539,3.7251807003311135,26.440130103807444,0.9663160443305968
clic2020,clic_test_image_393.png,0,0.05,1512,2016,0.04431741832535483,25.295656733247217,0.6666033864021301,0.1454136073589325,0.0997941493988037,2.547397968879355,19.48321657092322,0.8225932121276855
clic2020,clic_test_image_393.png,1,0.075,1512,2016,0.07358591584782061,26.48674309135236,0.706015408039093,0.11549126356840134,0.0861530303955078,2.580103794347973,20.67430292902836,0.8639418482780457
clic2020,clic_test_image_393.png,2,0.1,1512,2016,0.10565738641135466,27.464356307221355,0.7436840534210205,0.09572179615497589,0.0746034383773803,2.4855421611024306,21.65191614489736,0.8946871161460876
clic2020,clic_test_image_393.png,3,0.125,1512,2016,0.13981796422272613,28.2952118561142,0.7763814926147461,0.08039449155330658,0.0600665807723999,2.4214971186194703,22.482771693790195,0.9170863032341005
clic2020,clic_test_image_393.png,4,0.15,1512,2016,0.1737580834803057,28.98308257532325,0.8032302856445312,0.07061833143234253,0.0520560145378112,2.351677621603925,23.170642412999257,0.9319555759429932
clic2020,clic_test_image_394.png,0,0.05,1512,2016,0.05450050390526581,21.702152712175216,0.3846931755542755,0.199406698346138,0.0858981609344482,2.4231596146926884,16.32106265972976,0.7330476641654968
clic2020,clic_test_image_394.png,1,0.075,1512,2016,0.09949504493155287,22.53728538185253,0.4453764259815216,0.15926572680473328,0.0699744820594787,2.6631560411016655,17.156195329407076,0.7864211201667786
clic2020,clic_test_image_394.png,2,0.1,1512,2016,0.16467729066935416,23.478980356690418,0.5230600237846375,0.13152045011520386,0.0586128234863281,2.725354362399584,18.097890304244963,0.8385584354400635
clic2020,clic_test_image_394.png,3,0.125,1512,2016,0.2358329134122785,24.28273041384497,0.5904555320739746,0.10929707437753677,0.0498931407928466,2.6761259746445134,18.901640361399508,0.8752973675727844
clic2020,clic_test_image_394.png,4,0.15,1512,2016,0.30369215587469556,24.92953940059521,0.6411459445953369,0.09404496848583221,0.0428358316421508,2.723260214692262,19.54844934814976,0.8985905647277832
clic2020,clic_test_image_395.png,0,0.05,1356,2048,0.043285628687315635,28.96408396436232,0.8168548941612244,0.10724280774593353,0.0792292356491088,3.8559941168524263,24.91152716395096,0.9208974838256836
clic2020,clic_test_image_395.png,1,0.075,1356,2048,0.06002834623893805,30.26880609256761,0.8383775353431702,0.08098060637712479,0.064960241317749,3.750390247740994,26.216249292156256,0.9403334259986876
clic2020,clic_test_image_395.png,2,0.1,1356,2048,0.0764253779498525,31.18575365104929,0.8526135087013245,0.0660586953163147,0.055963397026062,3.693545390274771,27.13319685063793,0.9514681696891784
clic2020,clic_test_image_395.png,3,0.125,1356,2048,0.09291459255162242,31.934360436239192,0.8635621666908264,0.055715903639793396,0.0479171872138977,3.6788206136495782,27.88180363582784,0.959208071231842
clic2020,clic_test_image_395.png,4,0.15,1356,2048,0.10782517514749262,32.49438099953715,0.8713056445121765,0.04857591539621353,0.044678509235382,3.6721858437381663,28.4418241991258,0.9641750454902648
clic2020,clic_test_image_396.png,0,0.05,1536,2048,0.0089569091796875,34.4201572388965,0.8354385495185852,0.07956742495298386,0.0990416407585144,7.35729478948934,25.596502949404545,0.9527039527893066
clic2020,clic_test_image_396.png,1,0.075,1536,2048,0.0182342529296875,35.075575702717074,0.8342287540435791,0.06459540128707886,0.0843605995178222,7.249089985581148,26.25192141322512,0.9571735858917236
clic2020,clic_test_image_396.png,2,0.1,1536,2048,0.030695597330729168,35.411979239120335,0.8315557837486267,0.053961507976055145,0.0673867464065551,7.532512996288545,26.58832494962838,0.9597850441932678
clic2020,clic_test_image_396.png,3,0.125,1536,2048,0.037470499674479164,35.69333808825703,0.8307967185974121,0.050335243344306946,0.0619382858276367,7.7460440216350195,26.86968379876508,0.9608952403068542
clic2020,clic_test_image_396.png,4,0.15,1536,2048,0.040430704752604164,35.811107647372815,0.8286042213439941,0.047776125371456146,0.0605812072753906,8.041446195361193,26.987453357880867,0.96140456199646
clic2020,clic_test_image_397.png,0,0.05,1512,2016,0.0294732090367011,28.839445089303663,0.6887261271476746,0.12617987394332886,0.0700103044509887,3.4880354590677425,19.67054187577523,0.8786659836769104
clic2020,clic_test_image_397.png,1,0.075,1512,2016,0.04456937095825985,29.779225779780308,0.7093280553817749,0.09615069627761841,0.0583295226097106,3.4863949279838375,20.61032256625188,0.8992058634757996
clic2020,clic_test_image_397.png,2,0.1,1512,2016,0.06024292433022592,30.425846920451743,0.7257310748100281,0.0802568793296814,0.048676311969757,3.4625438195567457,21.256943706923305,0.91282320022583
clic2020,clic_test_image_397.png,3,0.125,1512,2016,0.07590597967582094,30.957675365836263,0.7395085692405701,0.06867367774248123,0.0421796441078186,3.39623408183141,21.78877215230783,0.9231388568878174
clic2020,clic_test_image_397.png,4,0.15,1512,2016,0.09136957252036618,31.424850034103308,0.7521880269050598,0.06074585020542145,0.0390307307243347,3.414986758365634,22.25594682057487,0.9310281872749328
clic2020,clic_test_image_398.png,0,0.05,1805,1805,0.022742612472279985,31.040230262580945,0.8484700918197632,0.07154904305934906,0.07410329580307,3.3264050176551923,26.80790587503158,0.9185941815376282
clic2020,clic_test_image_398.png,1,0.075,1805,1805,0.03138588562088996,32.04379433175281,0.8605154752731323,0.05732811987400055,0.0616876482963562,3.239012622698997,27.81146994420344,0.9345261454582214
clic2020,clic_test_image_398.png,2,0.1,1805,1805,0.04218997705665242,32.91393909635147,0.871954619884491,0.046741753816604614,0.0494065880775451,3.1933674217375874,28.6816147088021,0.947812795639038
clic2020,clic_test_image_398.png,3,0.125,1805,1805,0.0530235341963306,33.56815630404587,0.8814924359321594,0.03996627405285835,0.044951319694519,3.195592072090521,29.3358319164965,0.9566466212272644
clic2020,clic_test_image_398.png,4,0.15,1805,1805,0.06539912984093124,34.13794822695564,0.8893005847930908,0.035728197544813156,0.0405771732330322,3.210594667087676,29.905623839406275,0.9628662467002868
clic2020,clic_test_image_399.png,0,0.05,2016,1512,0.038228563030150334,27.89171540375628,0.841803252696991,0.08033138513565063,0.0703570842742919,3.4962724640607066,23.265372976972888,0.9326615333557128
clic2020,clic_test_image_399.png,1,0.075,2016,1512,0.054573990089863106,29.281622824671484,0.8637433052062988,0.06027856096625328,0.0512170791625976,3.628146824865809,24.65528039788809,0.947740375995636
clic2020,clic_test_image_399.png,2,0.1,2016,1512,0.07115037372973881,30.210876198548867,0.8778429627418518,0.049798451364040375,0.042446494102478,3.5798575311676935,25.584533771765475,0.9567480087280272
clic2020,clic_test_image_399.png,3,0.125,2016,1512,0.08749580078945159,30.92934387096394,0.8874871730804443,0.04239976778626442,0.0360747575759887,3.5993189729967905,26.30300144418055,0.9626687169075012
clic2020,clic_test_image_399.png,4,0.15,2016,1512,0.1037257495590829,31.5422339850036,0.8957245349884033,0.03675568103790283,0.0298628807067871,3.563116429854071,26.91589155822021,0.9672589302062988
clic2020,clic_test_image_4.png,0,0.05,1512,2016,0.02881183337532544,28.639282781483963,0.7054908871650696,0.14280252158641815,0.0932821035385131,3.945796028839449,21.87878896821117,0.8723673820495605
clic2020,clic_test_image_4.png,1,0.075,1512,2016,0.04343558411018728,29.67702442822375,0.7275559902191162,0.11358955502510071,0.0843014121055603,3.812400827515658,22.91653061495096,0.8961336612701416
clic2020,clic_test_image_4.png,2,0.1,1512,2016,0.05917212564037961,30.472957413215696,0.7453778386116028,0.09335959702730179,0.0736384391784668,3.764778015315478,23.712463599942907,0.9118109345436096
clic2020,clic_test_image_4.png,3,0.125,1512,2016,0.07511862769799278,31.088866158549173,0.7585465312004089,0.08202799409627914,0.0659793615341186,3.7137873272153614,24.328372345276385,0.9229798316955566
clic2020,clic_test_image_4.png,4,0.15,1512,2016,0.09017279751406736,31.562662703926925,0.7698671221733093,0.07315411418676376,0.0580636858940124,3.6604296335285498,24.80216889065414,0.930716037750244
clic2020,clic_test_image_40.png,0,0.05,540,960,0.10935185185185185,19.272923144211155,0.3399263024330139,0.21682915091514587,0.1584829092025756,2.004584575130399,13.912521975507447,0.7105910181999207
clic2020,clic_test_image_40.png,1,0.075,540,960,0.19996913580246914,20.30537785276769,0.4356941878795624,0.1650542914867401,0.13101327419281,2.2829688893790006,14.944976684063985,0.7931342124938965
clic2020,clic_test_image_40.png,2,0.1,540,960,0.30243827160493825,21.18799973531871,0.5239015221595764,0.1327327936887741,0.1100408434867858,2.1983981313598937,15.827598566615004,0.8497256636619568
clic2020,clic_test_image_40.png,3,0.125,540,960,0.4048456790123457,21.90564468889754,0.592625081539154,0.10901985317468643,0.0963772535324096,2.379558731900365,16.545243520193832,0.8860225677490234
clic2020,clic_test_image_40.png,4,0.15,540,960,0.49712962962962964,22.447055388837462,0.6417344212532043,0.09836424887180328,0.0904709100723266,2.379668958206036,17.08665422013376,0.9065672755241394
clic2020,clic_test_image_400.png,0,0.05,1512,2016,0.02072835306962291,33.69310991243785,0.894995927810669,0.07268161326646805,0.0903247594833374,4.842608223854417,26.152480632047247,0.9581618309020996
clic2020,clic_test_image_400.png,1,0.075,1512,2016,0.02611384059796758,34.74985106772984,0.9031160473823548,0.05789071321487427,0.0777872800827026,4.875817386401869,27.20922178733925,0.964793860912323
clic2020,clic_test_image_400.png,2,0.1,1512,2016,0.03178277483833039,35.55383315927444,0.9077059626579284,0.05025488883256912,0.0715951919555664,4.893179797650743,28.01320387888384,0.9681960940361024
clic2020,clic_test_image_400.png,3,0.125,1512,2016,0.03738872092046695,36.0299803539942,0.9104140400886536,0.045153554528951645,0.067575454711914,4.945423215135575,28.4893510736036,0.970695972442627
clic2020,clic_test_image_400.png,4,0.15,1512,2016,0.04260624002687495,36.41733233844643,0.9122641086578368,0.04115503653883934,0.060770571231842,5.0696456228576885,28.87670305805583,0.9723660349845886
clic2020,clic_test_image_401.png,0,0.05,2016,1512,0.05395460653397161,26.029338005620044,0.7318925261497498,0.11228470504283905,0.0805373787879943,3.076315474043825,19.939650348588444,0.8892149329185486
clic2020,clic_test_image_401.png,1,0.075,2016,1512,0.08106051062400269,27.43556795815284,0.7743497490882874,0.08366326242685318,0.0682393908500671,3.0085102342612915,21.34588030112124,0.920498549938202
clic2020,clic_test_image_401.png,2,0.1,2016,1512,0.10756802721088435,28.420575720335243,0.8014015555381775,0.0670134425163269,0.0616246461868286,2.9651597979984072,22.330888063303643,0.9373693466186525
clic2020,clic_test_image_401.png,3,0.125,2016,1512,0.13316221550348534,29.21449157949172,0.8217549920082092,0.056292422115802765,0.0544548630714416,2.9698804324098265,23.12480392246011,0.948355495929718
clic2020,clic_test_image_401.png,4,0.15,2016,1512,0.15823150247753423,29.86575496212137,0.837252140045166,0.04885904863476753,0.0505679249763488,2.9246608098158524,23.776067305089764,0.9556851387023926
clic2020,clic_test_image_402.png,0,0.05,1365,2048,0.016489239926739927,29.565344533595347,0.7834493517875671,0.13047602772712708,0.1018980741500854,3.1643185467181634,18.386365358975148,0.8950038552284241
clic2020,clic_test_image_402.png,1,0.075,1365,2048,0.026905906593406595,30.22519632527444,0.7946001291275024,0.10418810695409775,0.0925740599632263,3.1816332275403254,19.046217150654247,0.9108492732048036
clic2020,clic_test_image_402.png,2,0.1,1365,2048,0.04096268315018315,30.825207582155585,0.8067429661750793,0.08867932111024857,0.078761339187622,3.2386364505507843,19.646228407535386,0.9234444499015808
clic2020,clic_test_image_402.png,3,0.125,1365,2048,0.05801854395604396,31.557461376446845,0.8192140460014343,0.07813230901956558,0.0667160749435424,3.2403107133396696,20.37848220182665,0.9337761998176576
clic2020,clic_test_image_402.png,4,0.15,1365,2048,0.07350618131868132,32.05240591432665,0.8294833898544312,0.06932979077100754,0.060170292854309,3.172377555399931,20.873426739706453,0.9411351084709167
clic2020,clic_test_image_403.png,0,0.05,2048,1367,0.038913908193123625,27.27155632778071,0.6777783632278442,0.11474868655204773,0.0587325096130371,3.13067031576892,16.385501809311116,0.8830854892730713
clic2020,clic_test_image_403.png,1,0.075,2048,1367,0.05603625640087784,28.294446580084195,0.7021600008010864,0.08998913317918777,0.0479402542114257,3.148311687740121,17.4083920616146,0.9062187671661376
clic2020,clic_test_image_403.png,2,0.1,2048,1367,0.07335291697147037,29.021613482022342,0.7190234661102295,0.07532934099435806,0.0411000251770019,3.1436538181784486,18.13555896355276,0.92014479637146
clic2020,clic_test_image_403.png,3,0.125,2048,1367,0.09038382406730065,29.56998326694686,0.7318630814552307,0.06497325748205185,0.0376308560371398,3.1060816882955637,18.683928748477268,0.9298881888389589
clic2020,clic_test_image_403.png,4,0.15,2048,1367,0.10760904352596927,29.993330104412586,0.7428643107414246,0.05787917226552963,0.0350409746170043,3.145396689989173,19.107275585943,0.9368093013763428
clic2020,clic_test_image_404.png,0,0.05,1512,2016,0.038585495926765766,27.865011935904533,0.7041468024253845,0.10620460659265518,0.0668997764587402,3.801311935117881,20.65104128515323,0.8810749650001526
clic2020,clic_test_image_404.png,1,0.075,1512,2016,0.056526622994876964,29.05128529737088,0.7398233413696289,0.08227893710136414,0.0582423210144043,3.8189068837424673,21.83731464661957,0.9079670906066896
clic2020,clic_test_image_404.png,2,0.1,1512,2016,0.0762419165196943,29.94520962238102,0.7677633762359619,0.06640506535768509,0.0508483052253723,3.715863709862099,22.731238971629715,0.9256093502044678
clic2020,clic_test_image_404.png,3,0.125,1512,2016,0.09663958175862938,30.747097894939905,0.7909488081932068,0.056429311633110046,0.0431962013244628,3.6815750154866578,23.5331272441886,0.9386882781982422
clic2020,clic_test_image_404.png,4,0.15,1512,2016,0.11714222726127488,31.38812315225223,0.8097205758094788,0.048564210534095764,0.0392451882362365,3.601541927458097,24.174152501500927,0.9480414390563964
clic2020,clic_test_image_405.png,0,0.05,1512,2016,0.07265159150079785,24.13679304620691,0.6989580392837524,0.10396203398704529,0.0851823091506958,2.5404494369098543,18.36026678682684,0.8910099864006042
clic2020,clic_test_image_405.png,1,0.075,1512,2016,0.10949966406315613,25.559925975871955,0.7572541236877441,0.07589828222990036,0.0640633702278137,2.5631952135382545,19.78339971649188,0.9223701357841492
clic2020,clic_test_image_405.png,2,0.1,1512,2016,0.14529793398841018,26.585549467730605,0.7951308488845825,0.05991794168949127,0.0505948662757873,2.5107260535487272,20.809023208350528,0.9398453831672668
clic2020,clic_test_image_405.png,3,0.125,1512,2016,0.18100172167632486,27.429491955787107,0.822878360748291,0.04956136643886566,0.0424649715423584,2.4747223128058464,21.65296569640703,0.9515881538391112
clic2020,clic_test_image_405.png,4,0.15,1512,2016,0.2156032165952801,28.071565330670268,0.8425328731536865,0.04263756424188614,0.0380349159240722,2.5459552465293536,22.29503907129019,0.959205150604248
clic2020,clic_test_image_406.png,0,0.05,1920,1080,0.038371913580246914,30.13825706870518,0.860359251499176,0.07731279730796814,0.0891376733779907,4.4817584972481255,23.92983235270907,0.9435555338859558
clic2020,clic_test_image_406.png,1,0.075,1920,1080,0.0505787037037037,31.47706478190463,0.8811933398246765,0.05893438309431076,0.0772732496261596,4.301679774351527,25.268640065908524,0.956253945827484
clic2020,clic_test_image_406.png,2,0.1,1920,1080,0.06256944444444444,32.43138903417756,0.8929815292358398,0.04770717769861221,0.0657052397727966,4.345120519907961,26.222964318181447,0.9636771082878112
clic2020,clic_test_image_406.png,3,0.125,1920,1080,0.0748996913580247,33.18489487446953,0.9025722742080688,0.04037263244390488,0.0619170069694519,4.34250128862778,26.97647015847342,0.9685214161872864
clic2020,clic_test_image_406.png,4,0.15,1920,1080,0.08594907407407408,33.81314399914111,0.9092392921447754,0.03551102429628372,0.0560648441314697,4.39337736481017,27.604719283145,0.972088634967804
clic2020,clic_test_image_407.png,0,0.05,2016,1512,0.037766649869824476,27.24985249836701,0.7101718783378601,0.12687329947948456,0.1114853620529174,2.889279990183494,21.47525680098672,0.8568994402885437
clic2020,clic_test_image_407.png,1,0.075,2016,1512,0.05704102628705803,28.48912243996137,0.7508556246757507,0.09708458930253983,0.091573417186737,2.8701174626633925,22.71452674258108,0.8894633650779724
clic2020,clic_test_image_407.png,2,0.1,2016,1512,0.07747018560510624,29.43285255139213,0.780757486820221,0.07931510359048843,0.0750781893730163,2.8784285865180514,23.65825685401184,0.9116775393486024
clic2020,clic_test_image_407.png,3,0.125,2016,1512,0.09954753506340808,30.18464949655709,0.8043017387390137,0.06789694726467133,0.0627002716064453,2.8239549167519713,24.4100537991768,0.9273841381072998
clic2020,clic_test_image_407.png,4,0.15,2016,1512,0.12168787267993617,30.82657431412805,0.8227531313896179,0.05959983915090561,0.0555438995361328,2.812172121862287,25.05197861674776,0.9386193752288818
clic2020,clic_test_image_408.png,0,0.05,1512,2016,0.05348219534727471,24.31586806859666,0.5891193747520447,0.1374897062778473,0.0972259044647216,2.441321060112766,17.09549317732963,0.8254364132881165
clic2020,clic_test_image_408.png,1,0.075,1512,2016,0.08169039220626523,25.332243569836148,0.6288476586341858,0.10984407365322113,0.0734832286834716,2.587798942895456,18.111868678569124,0.851281464099884
clic2020,clic_test_image_408.png,2,0.1,1512,2016,0.11174624170655917,26.072645757260684,0.6585972905158997,0.09343542158603668,0.0584787130355834,2.668577342787449,18.852270865993656,0.8706530928611755
clic2020,clic_test_image_408.png,3,0.125,1512,2016,0.15037897875199463,26.77598224257241,0.6915116310119629,0.07980440557003021,0.0490360260009765,2.6028458494241917,19.55560735130538,0.8934237957000732
clic2020,clic_test_image_408.png,4,0.15,1512,2016,0.19632884017804653,27.481564018616098,0.7283701300621033,0.06981918215751648,0.0406693220138549,2.6121799663189704,20.261189127349063,0.9144625067710876
clic2020,clic_test_image_409.png,0,0.05,2016,1512,0.028139959687578736,26.580174083790705,0.6964919567108154,0.1331753432750702,0.1134769320487976,2.7863233249413586,21.831939595280023,0.8374190330505371
clic2020,clic_test_image_409.png,1,0.075,2016,1512,0.04953493743176283,27.66762899930216,0.7349094748497009,0.10776903480291367,0.0974084734916687,2.8319242674627456,22.91939451079147,0.8807184100151062
clic2020,clic_test_image_409.png,2,0.1,2016,1512,0.07439426387839086,28.58244516833221,0.7685814499855042,0.08793103694915771,0.084250271320343,2.8199522836205144,23.834210679821524,0.9077589511871338
clic2020,clic_test_image_409.png,3,0.125,2016,1512,0.10186759889140841,29.408521426968456,0.7976114153862,0.0754764974117279,0.0798671245574951,2.8323785978304623,24.66028693845777,0.9263750910758972
clic2020,clic_test_image_409.png,4,0.15,2016,1512,0.12881603258587385,30.08873902245445,0.820052444934845,0.06722088158130646,0.0674327611923217,2.7509623453407364,25.34050453394377,0.938609540462494
clic2020,clic_test_image_41.png,0,0.05,2048,1367,0.03593064191660571,27.655511188838474,0.6623337864875793,0.1698990762233734,0.1226903796195983,3.796535677064499,17.114217421946133,0.8557116985321045
clic2020,clic_test_image_41.png,1,0.075,2048,1367,0.05281295720555962,28.521683871954604,0.687783420085907,0.13166171312332153,0.0990678071975708,3.7926245521420636,17.98039010506226,0.8837576508522034
clic2020,clic_test_image_41.png,2,0.1,2048,1367,0.07056396305779078,29.15752910963612,0.7080646753311157,0.11082591861486435,0.0916382670402526,3.785936063951073,18.61623534274377,0.9020751118659972
clic2020,clic_test_image_41.png,3,0.125,2048,1367,0.09018951170446232,29.65276295338096,0.7248855233192444,0.09497109055519104,0.0811644792556762,3.8496278643231268,19.11146918648862,0.9155773520469666
clic2020,clic_test_image_41.png,4,0.15,2048,1367,0.11040942757863936,30.077298915068937,0.738510251045227,0.08350346982479095,0.0755859613418579,3.7311944526891065,19.536005148176592,0.9248510003089904
clic2020,clic_test_image_410.png,0,0.05,2048,1365,0.028943452380952382,29.749452854034413,0.7625933289527893,0.08303775638341904,0.0559120774269104,4.736818717267613,24.5839240102202,0.9366679787635804
clic2020,clic_test_image_410.png,1,0.075,2048,1365,0.040310210622710625,30.68299631993564,0.7711619138717651,0.06625845283269882,0.0430697202682495,4.694422304971983,25.517467476121425,0.9444054961204528
clic2020,clic_test_image_410.png,2,0.1,2048,1365,0.05050938644688645,31.399018109531657,0.7755445837974548,0.05577665567398071,0.0348845720291137,4.747622605876308,26.233489265717445,0.9491402506828308
clic2020,clic_test_image_410.png,3,0.125,2048,1365,0.06141826923076923,31.827655485997788,0.7770059108734131,0.048294857144355774,0.0293114781379699,4.760979665429909,26.66212664218358,0.9519591331481934
clic2020,clic_test_image_410.png,4,0.15,2048,1365,0.07117101648351648,32.21443133810489,0.7783849835395813,0.043544951826334,0.0261186957359313,4.820072818528892,27.04890249429068,0.9539007544517516
clic2020,clic_test_image_411.png,0,0.05,1568,913,0.051579229720365695,27.91533194558371,0.858808696269989,0.06794200837612152,0.0864588022232055,3.5540636392076985,25.24860041444761,0.950166404247284
clic2020,clic_test_image_411.png,1,0.075,1568,913,0.06966269530813421,29.406841339128185,0.8836514353752136,0.048055391758680344,0.0662372708320617,3.516829631815762,26.740109807992084,0.9638044238090516
clic2020,clic_test_image_411.png,2,0.1,1568,913,0.08716498647651832,30.45592652328807,0.8991214036941528,0.038029126822948456,0.055216908454895,3.565727421869283,27.789194992151973,0.9712325930595398
clic2020,clic_test_image_411.png,3,0.125,1568,913,0.10363904597983772,31.25044534623133,0.9089965224266052,0.03209410980343819,0.0466765165328979,3.442554133366953,28.58371381509524,0.975620687007904
clic2020,clic_test_image_411.png,4,0.15,1568,913,0.11942016675235263,31.87064230296868,0.9162062406539916,0.027891647070646286,0.0448090434074401,3.4287612929075393,29.20391077183257,0.9785609245300292
clic2020,clic_test_image_412.png,0,0.05,2016,1512,0.027079659024103468,29.129097168321923,0.745739758014679,0.10481879860162735,0.0760740041732788,3.187841005255942,23.07590212594444,0.8713037371635437
clic2020,clic_test_image_412.png,1,0.075,2016,1512,0.03990824724951709,30.08006217761681,0.7652060985565186,0.07995098829269409,0.0610626935958862,3.110647180035494,24.02686713523933,0.892598569393158
clic2020,clic_test_image_412.png,2,0.1,2016,1512,0.054154069035021415,30.894136523146333,0.7836380004882812,0.06502082198858261,0.0532054305076599,2.951197405149741,24.84094148076885,0.9102799296379088
clic2020,clic_test_image_412.png,3,0.125,2016,1512,0.07043650793650794,31.61690267208401,0.8021509647369385,0.053476739674806595,0.0455917716026306,2.9065028983381715,25.563707629706528,0.9259162545204164
clic2020,clic_test_image_412.png,4,0.15,2016,1512,0.08670844881162341,32.15666165113262,0.8164580464363098,0.04703572019934654,0.0397533774375915,2.767823023068607,26.10346660875514,0.936259925365448
clic2020,clic_test_image_413.png,0,0.05,2048,1330,0.05175634398496241,21.71429687990948,0.4853200018405914,0.1866675764322281,0.1089978218078613,2.222522035340944,16.373372143943993,0.7564883828163147
clic2020,clic_test_image_413.png,1,0.075,2048,1330,0.10680803571428571,22.852723834012707,0.5636908411979675,0.14527715742588043,0.0911489725112915,2.217372769391955,17.51179909804722,0.8303914070129395
clic2020,clic_test_image_413.png,2,0.1,2048,1330,0.16312852443609022,23.72504443916484,0.6232454776763916,0.118874691426754,0.0814912915229797,2.332181087672193,18.38411970319935,0.8733918070793152
clic2020,clic_test_image_413.png,3,0.125,2048,1330,0.21986019736842105,24.42287975742361,0.6712222695350647,0.10177454352378845,0.0748465061187744,2.2768323652862015,19.08195502145812,0.9007781147956848
clic2020,clic_test_image_413.png,4,0.15,2048,1330,0.27377232142857144,24.99206611939952,0.7086718678474426,0.08895158022642136,0.0687179565429687,2.275826480288987,19.65114138343403,0.9188368320465088
clic2020,clic_test_image_414.png,0,0.05,1365,2048,0.02558951465201465,28.184330299729385,0.7780519127845764,0.12325718998908997,0.0976613163948059,2.969635446366068,23.706701875482192,0.8781622052192688
clic2020,clic_test_image_414.png,1,0.075,1365,2048,0.04147779304029304,29.33993952508115,0.8075140714645386,0.0987219586968422,0.0867955684661865,2.9187999804260123,24.862311100833963,0.9087600708007812
clic2020,clic_test_image_414.png,2,0.1,1365,2048,0.05911744505494505,30.36075971459176,0.8333351016044617,0.08222172409296036,0.0781883001327514,2.857415857259085,25.883131290344565,0.9289610385894777
clic2020,clic_test_image_414.png,3,0.125,1365,2048,0.07818795787545788,31.119169142201383,0.8537561893463135,0.0712474137544632,0.0667845606803894,2.7778463095718267,26.64154071795419,0.942579746246338
clic2020,clic_test_image_414.png,4,0.15,1365,2048,0.09715544871794872,31.84217491418599,0.8698302507400513,0.06337763369083405,0.0611236095428466,2.727221447330487,27.364546489938803,0.9516408443450928
clic2020,clic_test_image_415.png,0,0.05,1512,2016,0.11464369698496682,19.82138190790072,0.4419026374816894,0.21458423137664795,0.1099259853363037,2.023662926771355,12.705041057330815,0.7812415957450867
clic2020,clic_test_image_415.png,1,0.075,1512,2016,0.20506319811875368,21.211911307366723,0.5532330274581909,0.1657063364982605,0.0925543308258056,2.2522699544138063,14.095570456796818,0.8538413047790527
clic2020,clic_test_image_415.png,2,0.1,1512,2016,0.29250125976316455,22.23869445904118,0.6310386061668396,0.13394537568092346,0.0811563730239868,2.2713864589790504,15.122353608471272,0.8942554593086243
clic2020,clic_test_image_415.png,3,0.125,1512,2016,0.3748057865121357,23.03929573672388,0.6883766055107117,0.11437280476093292,0.0740936994552612,2.3588737579520695,15.922954886153972,0.9192745089530944
clic2020,clic_test_image_415.png,4,0.15,1512,2016,0.4506540270429159,23.67574899643205,0.7306896448135376,0.09966546297073364,0.0715727806091308,2.4174104436949317,16.55940814586214,0.9350077509880066
clic2020,clic_test_image_416.png,0,0.05,1485,1980,0.07298847056422814,24.804668651465285,0.7604849934577942,0.09134888648986816,0.0810844302177429,2.350916642084542,19.010130923908097,0.923413097858429
clic2020,clic_test_image_416.png,1,0.075,1485,1980,0.10321123694861069,26.219640572265,0.8058137893676758,0.06815304607152939,0.0610820055007934,2.310317831198464,20.4251028447078,0.9461292624473572
clic2020,clic_test_image_416.png,2,0.1,1485,1980,0.13174710063598952,27.22767650445592,0.8319807648658752,0.05406748503446579,0.0493751168251037,2.263335039840723,21.433138776898733,0.957885444164276
clic2020,clic_test_image_416.png,3,0.125,1485,1980,0.1604897459442914,27.979373193468486,0.8506374359130859,0.04558281973004341,0.0415234565734863,2.292038558052547,22.1848354659113,0.9652065634727478
clic2020,clic_test_image_416.png,4,0.15,1485,1980,0.18839438152569465,28.60465446616943,0.8637166619300842,0.039757631719112396,0.0354917645454406,2.2581448940748032,22.81011673861224,0.970036804676056
clic2020,clic_test_image_417.png,0,0.05,2048,1365,0.025108745421245422,30.30512941959281,0.7845619916915894,0.12532883882522583,0.1059964299201965,3.88596655065273,16.49924375147932,0.8804823756217957
clic2020,clic_test_image_417.png,1,0.075,2048,1365,0.03748282967032967,31.235806650840043,0.8041306138038635,0.09705744683742523,0.0803225040435791,3.8551525544545164,17.429920982726557,0.9037618041038512
clic2020,clic_test_image_417.png,2,0.1,2048,1365,0.051127518315018314,32.010701483941915,0.8190371990203857,0.08082196116447449,0.0729248523712158,3.7960707338277375,18.204815815828425,0.91939115524292
clic2020,clic_test_image_417.png,3,0.125,2048,1365,0.06556204212454213,32.656991456347534,0.8326271772384644,0.06923458725214005,0.0635848641395568,3.7305394274216557,18.851105788234047,0.9312552809715272
clic2020,clic_test_image_417.png,4,0.15,2048,1365,0.0802026098901099,33.14702329615949,0.8429018259048462,0.06137558072805405,0.0547778010368347,3.6879652272311287,19.341137628045995,0.9392805099487304
clic2020,clic_test_image_418.png,0,0.05,1365,2048,0.03938301282051282,26.51385967039946,0.8074744939804077,0.08041692525148392,0.069480299949646,3.2227692959733063,23.62079431360145,0.9255383610725404
clic2020,clic_test_image_418.png,1,0.075,1365,2048,0.05734317765567765,27.525011504198098,0.8292246460914612,0.06055140495300293,0.0551956892013549,3.1859999983559164,24.63194614740009,0.9421791434288024
clic2020,clic_test_image_418.png,2,0.1,1365,2048,0.07566964285714285,28.33470240427961,0.8448595404624939,0.04892193526029587,0.0506477355957031,3.1945049213434857,25.441637047481606,0.9524118304252625
clic2020,clic_test_image_418.png,3,0.125,1365,2048,0.09417925824175824,28.890538651243126,0.8568271398544312,0.041362594813108444,0.0472919344902038,3.198486364144934,25.99747329444512,0.9589011669158936
clic2020,clic_test_image_418.png,4,0.15,1365,2048,0.11191048534798535,29.36851911453322,0.8656739592552185,0.03619755432009697,0.0418598055839538,3.1600434780150537,26.475453757735213,0.9635009169578552
clic2020,clic_test_image_419.png,0,0.05,2016,1512,0.025935374149659865,31.82489422153377,0.889352560043335,0.06551159173250198,0.0794031620025634,4.588783500778986,23.4739438542191,0.9556176662445068
clic2020,clic_test_image_419.png,1,0.075,2016,1512,0.034428277483833036,33.02823268890937,0.8998789191246033,0.050180889666080475,0.0597566962242126,4.494174348294517,24.677282321594696,0.963855803012848
clic2020,clic_test_image_419.png,2,0.1,2016,1512,0.04236478542034098,33.84912353458982,0.90696519613266,0.042351264506578445,0.0495944023132324,4.541656932208302,25.498173167275144,0.9687161445617676
clic2020,clic_test_image_419.png,3,0.125,2016,1512,0.050773704543545815,34.47171782301256,0.911555290222168,0.03653084114193916,0.0450854897499084,4.577486810486245,26.120767455697887,0.9717705845832824
clic2020,clic_test_image_419.png,4,0.15,2016,1512,0.05906714537666918,34.96804958059768,0.9148353338241576,0.03300447762012482,0.0388867855072021,4.514911087326364,26.617099213283,0.9741172790527344
clic2020,clic_test_image_42.png,0,0.05,1365,2048,0.018938873626373625,33.240386763214296,0.8834697008132935,0.09811189025640488,0.0772534012794494,5.262176384101674,27.77839292777708,0.9435589909553528
clic2020,clic_test_image_42.png,1,0.075,1365,2048,0.02540636446886447,34.29121444798137,0.8900895714759827,0.07985157519578934,0.071191668510437,5.214157027441647,28.82922061254414,0.9528760313987732
clic2020,clic_test_image_42.png,2,0.1,1365,2048,0.032423305860805864,35.03857050291347,0.8931022882461548,0.06857294589281082,0.0586223602294921,5.250016152166214,29.57657666747625,0.9578277468681335
clic2020,clic_test_image_42.png,3,0.125,1365,2048,0.04064217032967033,35.53212599451263,0.8962173461914062,0.06098739802837372,0.0552678704261779,5.14170089613171,30.07013215907541,0.9615233540534972
clic2020,clic_test_image_42.png,4,0.15,1365,2048,0.047510302197802196,35.876808692942404,0.8994958400726318,0.05506794527173042,0.0514348745346069,5.2013760716677835,30.414814857505178,0.9639025330543518
clic2020,clic_test_image_420.png,0,0.05,1512,2016,0.030638489963886788,30.76582574694447,0.8752673268318176,0.07841020822525024,0.1051952838897705,4.835082127377334,26.86571600464298,0.9520182013511658
clic2020,clic_test_image_420.png,1,0.075,1512,2016,0.03943583606282019,32.238962537424065,0.8900579214096069,0.057782936841249466,0.0884629487991333,4.771573968986034,28.338852795122584,0.9623988270759584
clic2020,clic_test_image_420.png,2,0.1,1512,2016,0.048033719660703786,33.13940917337747,0.899772584438324,0.04737195372581482,0.0805996656417846,4.815396966817649,29.23929943107599,0.968003273010254
clic2020,clic_test_image_420.png,3,0.125,1512,2016,0.05618018812463257,33.7104503456098,0.9047329425811768,0.04014734551310539,0.0759510397911071,4.9667990542040625,29.810340603308312,0.97127103805542
clic2020,clic_test_image_420.png,4,0.15,1512,2016,0.06464159737969262,34.17999575045668,0.9088818430900574,0.03556389361619949,0.0711468458175659,5.065928663884096,30.279886008155195,0.9737520217895508
clic2020,clic_test_image_421.png,0,0.05,1536,2048,0.0316925048828125,28.925733422022105,0.7464691996574402,0.09685845673084259,0.0949641466140747,3.2508299224203014,23.644946814264745,0.9199983477592468
clic2020,clic_test_image_421.png,1,0.075,1536,2048,0.043401082356770836,29.70348736156459,0.7656048536300659,0.0754401758313179,0.0825893282890319,3.2887609311268866,24.422700753807224,0.936138927936554
clic2020,clic_test_image_421.png,2,0.1,1536,2048,0.054224650065104164,30.209736069647327,0.7770488858222961,0.062449656426906586,0.0721775889396667,3.335740326858073,24.92894946188996,0.944972038269043
clic2020,clic_test_image_421.png,3,0.125,1536,2048,0.06566874186197917,30.5664614815954,0.7835608124732971,0.05460286885499954,0.0642186403274536,3.343496570285384,25.28567487383804,0.9509737491607666
clic2020,clic_test_image_421.png,4,0.15,1536,2048,0.07718404134114583,30.844713849660383,0.7898222804069519,0.048677958548069,0.0604738593101501,3.4182039174043277,25.563927241903016,0.9549036026000975
clic2020,clic_test_image_422.png,0,0.05,2048,1365,0.011635760073260074,34.018264080062984,0.918779194355011,0.02835504524409771,0.0728275179862976,9.147635472428155,26.32604954582749,0.9725017547607422
clic2020,clic_test_image_422.png,1,0.075,2048,1365,0.014955357142857144,35.137352896645595,0.9161158204078674,0.02282407321035862,0.0572429299354553,9.211144442341213,27.44513836241012,0.9751928448677064
clic2020,clic_test_image_422.png,2,0.1,2048,1365,0.019259386446886448,36.88002278778397,0.935035526752472,0.017838288098573685,0.0509142279624938,9.425196983444524,29.18780825354848,0.9806430339813232
clic2020,clic_test_image_422.png,3,0.125,2048,1365,0.02363209706959707,37.77402041947202,0.9591161012649536,0.015572082251310349,0.0436204671859741,9.673978066192072,30.08180588523654,0.9876171946525574
clic2020,clic_test_image_422.png,4,0.15,2048,1365,0.029435668498168498,38.10484529779598,0.9604390859603882,0.014663261361420155,0.0413237810134887,9.430291019546784,30.412630763560493,0.9881723523139954
clic2020,clic_test_image_423.png,0,0.05,2048,1367,0.022751691660570592,31.60637295915093,0.9038552045822144,0.04650059714913368,0.0657034516334533,5.059505686285406,25.97699758683057,0.9678463935852052
clic2020,clic_test_image_423.png,1,0.075,2048,1367,0.02973550658376006,32.877722567384936,0.9142669439315796,0.0365743450820446,0.058145523071289,5.229371591342314,27.24834719506457,0.9744195342063904
clic2020,clic_test_image_423.png,2,0.1,2048,1367,0.03719938734455011,33.683511940385095,0.9185042977333068,0.030598115175962448,0.0474804639816284,5.224793566245453,28.05413656806473,0.9781455397605896
clic2020,clic_test_image_423.png,3,0.125,2048,1367,0.04618347659107535,34.38438252594145,0.9213226437568665,0.026634449139237404,0.0427828431129455,5.14759260229968,28.755007153621087,0.980548858642578
clic2020,clic_test_image_423.png,4,0.15,2048,1367,0.05379594915874177,34.85759561278081,0.9233477115631104,0.024347228929400444,0.0393709540367126,5.1464944643748165,29.22822024046045,0.9821176528930664
clic2020,clic_test_image_424.png,0,0.05,1080,1920,0.037646604938271606,28.54040026487883,0.8460652828216553,0.083961620926857,0.0649232864379882,3.486069162229879,22.411890196727583,0.9369376301765442
clic2020,clic_test_image_424.png,1,0.075,1080,1920,0.05331018518518518,30.21275464296498,0.8780779242515564,0.0633041262626648,0.051652193069458,3.492969581224933,24.08424457481373,0.9534196257591248
clic2020,clic_test_image_424.png,2,0.1,1080,1920,0.06810956790123457,31.2949915236218,0.8948604464530945,0.05104801803827286,0.0430333018302917,3.4537680943027236,25.16648145547056,0.9623613953590392
clic2020,clic_test_image_424.png,3,0.125,1080,1920,0.08287808641975308,32.193016114799256,0.9039677977561952,0.04250345006585121,0.0376405119895935,3.453911058644448,26.064506046648013,0.9678950905799866
clic2020,clic_test_image_424.png,4,0.15,1080,1920,0.09661265432098766,32.84937099336565,0.9105400443077089,0.03720543533563614,0.0318764448165893,3.4613865880874477,26.72086092521441,0.9714630246162416
clic2020,clic_test_image_425.png,0,0.05,1512,2016,0.049041530192323844,25.25322884258834,0.6065062880516052,0.13492785394191742,0.0742294788360595,2.960215836060779,19.888514724230618,0.8228728771209717
clic2020,clic_test_image_425.png,1,0.075,1512,2016,0.07355442176870748,26.30288478608607,0.6378547549247742,0.11336863040924072,0.0613422393798828,3.0791126204968786,20.93817066772836,0.8455813527107239
clic2020,clic_test_image_425.png,2,0.1,1512,2016,0.10060783572688335,27.14213296787488,0.6669148206710815,0.09936115890741348,0.0478755235671997,3.046372364585344,21.77741884951716,0.8690589070320129
clic2020,clic_test_image_425.png,3,0.125,1512,2016,0.13331968589905097,27.89862616820044,0.6991350054740906,0.0843922421336174,0.0428725481033325,2.9166822977626996,22.53391204984272,0.8937430381774902
clic2020,clic_test_image_425.png,4,0.15,1512,2016,0.16760624002687494,28.530756301455355,0.7284855246543884,0.07443834841251373,0.0395305156707763,2.7777939904140014,23.16604218309764,0.9119707942008972
clic2020,clic_test_image_426.png,0,0.05,1512,2016,0.021263752414546064,31.36581070108192,0.871428906917572,0.08348004519939423,0.080231487751007,4.251517720144427,28.02504327391493,0.9374876022338868
clic2020,clic_test_image_426.png,1,0.075,1512,2016,0.029746157722348197,32.33196326472158,0.880127489566803,0.06507010757923126,0.0678045153617858,4.257913727934043,28.991195837554592,0.9482092261314392
clic2020,clic_test_image_426.png,2,0.1,1512,2016,0.03981376501217771,33.08231222583602,0.888253390789032,0.053881630301475525,0.0587843656539917,4.315731749338774,29.74154479866904,0.9562495350837708
clic2020,clic_test_image_426.png,3,0.125,1512,2016,0.05018581506676745,33.695241376878656,0.8950163722038269,0.046239789575338364,0.054921269416809,4.225144405174635,30.35447394971168,0.961731493473053
clic2020,clic_test_image_426.png,4,0.15,1512,2016,0.06086230788611741,34.2066966390723,0.9009729027748108,0.04118649661540985,0.0517739057540893,4.3255299725875,30.86592921190532,0.9660623669624328
clic2020,clic_test_image_427.png,0,0.05,1536,2048,0.0387115478515625,26.78369242911076,0.732078492641449,0.10808347165584564,0.1188530325889587,2.945433142943036,21.671564354151,0.9031729102134703
clic2020,clic_test_image_427.png,1,0.075,1536,2048,0.058019002278645836,27.91947108398736,0.7732668519020081,0.08327825367450714,0.091946005821228,2.9528591231122148,22.8073430090276,0.9300050735473632
clic2020,clic_test_image_427.png,2,0.1,1536,2048,0.0776824951171875,28.83442034959737,0.8034271597862244,0.067447230219841,0.0802884101867675,2.9158107206973924,23.722292274637606,0.9450993537902832
clic2020,clic_test_image_427.png,3,0.125,1536,2048,0.09832255045572917,29.507735418633807,0.8246327638626099,0.05743490904569626,0.0681807398796081,2.8864972686126134,24.395607343674047,0.9550567269325256
clic2020,clic_test_image_427.png,4,0.15,1536,2048,0.1186370849609375,30.097084347989828,0.8393431901931763,0.049415089190006256,0.0637013912200927,2.918462869130184,24.984956273030072,0.961336314678192
clic2020,clic_test_image_43.png,0,0.05,1512,2016,0.01969954648526077,29.34915059926482,0.7631551027297974,0.13531002402305603,0.128006637096405,4.104616964675088,23.26723157205293,0.8602452278137207
clic2020,clic_test_image_43.png,1,0.075,1512,2016,0.03422881498278324,30.51693986177857,0.7865656018257141,0.10947982221841812,0.105498194694519,4.149516420031801,24.43502083456669,0.890460729598999
clic2020,clic_test_image_43.png,2,0.1,1512,2016,0.05113063744016125,31.460079909570137,0.8081441521644592,0.0935261994600296,0.0915429592132568,4.254066962310332,25.378160882358248,0.9125015139579772
clic2020,clic_test_image_43.png,3,0.125,1512,2016,0.06885130595448055,32.21606373143966,0.8250755071640015,0.08224555850028992,0.0797405838966369,4.2907497612503995,26.13414470422777,0.9275557398796082
clic2020,clic_test_image_43.png,4,0.15,1512,2016,0.08738032249937012,32.83661104733098,0.839411199092865,0.07265974581241608,0.0718932151794433,4.334531337607386,26.75469202011909,0.9383437633514404
clic2020,clic_test_image_44.png,0,0.05,1152,2048,0.03129747178819445,29.52492587857598,0.8915339112281799,0.06453048437833786,0.071168303489685,3.247825586728231,25.03195195424891,0.9539030194282532
clic2020,clic_test_image_44.png,1,0.075,1152,2048,0.04240587022569445,30.87288095335699,0.9054226279258728,0.04862470179796219,0.0581074953079223,3.1489274678004455,26.379907029029923,0.962848663330078
clic2020,clic_test_image_44.png,2,0.1,1152,2048,0.052985297309027776,31.81135949534411,0.9139435291290284,0.040896497666835785,0.04725843667984,3.132391545646212,27.31838557101704,0.9678096175193788
clic2020,clic_test_image_44.png,3,0.125,1152,2048,0.0639987521701389,32.48120083165491,0.9189407229423524,0.03596099466085434,0.0422315001487731,3.1245604467627532,27.98822690732784,0.971162736415863
clic2020,clic_test_image_44.png,4,0.15,1152,2048,0.07448323567708333,32.99921403953176,0.922993779182434,0.03188576176762581,0.0403324365615844,3.1076642590278922,28.50624011520469,0.9739428162574768
clic2020,clic_test_image_45.png,0,0.05,1365,2048,0.04657165750915751,27.821411801069303,0.8131217360496521,0.08020755648612976,0.0932388305664062,2.864945787991088,22.04162608467852,0.9270532727241516
clic2020,clic_test_image_45.png,1,0.075,1365,2048,0.0632154304029304,29.155706745317733,0.842954695224762,0.061290428042411804,0.0726838111877441,3.0023769041157324,23.375921028926943,0.9430239796638488
clic2020,clic_test_image_45.png,2,0.1,1365,2048,0.07933264652014652,30.07876844718615,0.8588014245033264,0.05028956010937691,0.0644660592079162,2.975644637841484,24.29898273079537,0.9503390789031982
clic2020,clic_test_image_45.png,3,0.125,1365,2048,0.09552999084249084,30.71588178440896,0.8691647052764893,0.0439014732837677,0.0588119029998779,2.975741145435208,24.936096068018173,0.9557929039001464
clic2020,clic_test_image_45.png,4,0.15,1365,2048,0.11239125457875458,31.24968444704765,0.8768332004547119,0.039061374962329865,0.0533156394958496,2.983538822284153,25.469898730656865,0.9600090384483336
clic2020,clic_test_image_46.png,0,0.05,1366,2048,0.022814101390922402,32.8468133955678,0.9275710582733154,0.045030273497104645,0.0695732235908508,5.621729346107254,25.58935737487701,0.9710119366645812
clic2020,clic_test_image_46.png,1,0.075,1366,2048,0.029620012811127378,34.29865182831938,0.9424315690994264,0.03350169584155083,0.0538706183433532,5.499824144909326,27.04119580762859,0.97768372297287
clic2020,clic_test_image_46.png,2,0.1,1366,2048,0.03622003111273792,35.230587845544264,0.9463213682174684,0.02762511931359768,0.0464727878570556,5.6520463829997105,27.97313182485348,0.9813888669013976
clic2020,clic_test_image_46.png,3,0.125,1366,2048,0.04224812408491947,35.91500458371431,0.9496110677719116,0.023706752806901932,0.0393885970115661,5.618618983342939,28.657548563023525,0.9839603304862976
clic2020,clic_test_image_46.png,4,0.15,1366,2048,0.0483448480966325,36.50497000529924,0.9527645707130432,0.021047944203019142,0.0325801968574523,5.593448856684395,29.247513984608457,0.9855639338493348
clic2020,clic_test_image_47.png,0,0.05,1536,1920,0.027294921875,28.34236507062512,0.6992590427398682,0.10049790889024734,0.0698506236076355,4.55356799969841,23.620762558219084,0.907832145690918
clic2020,clic_test_image_47.png,1,0.075,1536,1920,0.039219835069444445,29.163778492631533,0.7126466035842896,0.08106674253940582,0.0554880499839782,4.558206579656555,24.442175980225493,0.9224672913551332
clic2020,clic_test_image_47.png,2,0.1,1536,1920,0.05119900173611111,29.72080537780033,0.722159743309021,0.06894207000732422,0.0486740469932556,4.544945675081361,24.99920286539429,0.9310352206230164
clic2020,clic_test_image_47.png,3,0.125,1536,1920,0.06306966145833333,30.1123731776032,0.7284751534461975,0.06183396279811859,0.044585645198822,4.506105931772165,25.39077066519716,0.93713641166687
clic2020,clic_test_image_47.png,4,0.15,1536,1920,0.07532009548611111,30.41844403748331,0.7344858646392822,0.05709438771009445,0.041543424129486,4.510253596788589,25.696841525077268,0.941746473312378
clic2020,clic_test_image_48.png,0,0.05,1152,2048,0.07114664713541667,25.0894359431625,0.7603835463523865,0.09254930168390274,0.0840489864349365,3.293438022399837,19.03212062589198,0.9239940643310548
clic2020,clic_test_image_48.png,1,0.075,1152,2048,0.09630669487847222,26.374086344694163,0.7843205332756042,0.07151603698730469,0.0641523003578186,3.433111957044885,20.31677102742364,0.9382312297821044
clic2020,clic_test_image_48.png,2,0.1,1152,2048,0.12089708116319445,27.22839278933618,0.7997875213623047,0.06017475575208664,0.0557130575180053,3.5153322990745726,21.17107747206566,0.9470503330230712
clic2020,clic_test_image_48.png,3,0.125,1152,2048,0.14543321397569445,27.86476885932949,0.8111931681632996,0.05320654809474945,0.0542798638343811,3.510766424846981,21.80745354205897,0.9526903033256532
clic2020,clic_test_image_48.png,4,0.15,1152,2048,0.16986083984375,28.40118653118229,0.8199304342269897,0.04761803522706032,0.0473747253417968,3.477186306719195,22.34387121391177,0.9571412205696106
clic2020,clic_test_image_49.png,0,0.05,2048,1365,0.04943337912087912,24.0179953068835,0.4805633127689361,0.18998585641384125,0.1214656829833984,3.8129799776797104,20.96210781854819,0.7314990162849426
clic2020,clic_test_image_49.png,1,0.075,2048,1365,0.09595352564102565,25.64555727064547,0.608619213104248,0.14620354771614075,0.0916475057601928,3.8675009957155617,22.58966978231016,0.8427885174751282
clic2020,clic_test_image_49.png,2,0.1,2048,1365,0.14340086996336995,26.903339409816883,0.692716121673584,0.11932741105556488,0.0799458622932434,3.8840597337921947,23.84745192148157,0.8941778540611267
clic2020,clic_test_image_49.png,3,0.125,2048,1365,0.19061927655677655,27.986549063013605,0.7536375522613525,0.10104936361312866,0.0736391544342041,3.9153804649393877,24.930661574678297,0.9236822128295898
clic2020,clic_test_image_49.png,4,0.15,2048,1365,0.23410599816849817,28.842533138371863,0.7944208383560181,0.08626408874988556,0.0656954646110534,3.9892723936562935,25.78664565003656,0.9406039714813232
clic2020,clic_test_image_5.png,0,0.05,1365,2048,0.026997481684981686,28.455481412859868,0.6749007105827332,0.1093171164393425,0.063375174999237,4.187975317469179,21.14257009550193,0.8936372399330139
clic2020,clic_test_image_5.png,1,0.075,1365,2048,0.037688873626373624,29.24944109561069,0.6844834685325623,0.09000012278556824,0.0529292821884155,4.032068338916515,21.93652977825277,0.9066810011863708
clic2020,clic_test_image_5.png,2,0.1,1365,2048,0.04870077838827839,29.80485514062393,0.692736029624939,0.0768856406211853,0.0479271411895751,4.033918639907785,22.491943823266,0.9160639643669128
clic2020,clic_test_image_5.png,3,0.125,1365,2048,0.060571199633699634,30.2374662207216,0.6988241672515869,0.06850570440292358,0.0431936979293823,3.9810839185642446,22.92455490336367,0.9226896166801452
clic2020,clic_test_image_5.png,4,0.15,1365,2048,0.07255608974358975,30.51346503491861,0.7034328579902649,0.06337565928697586,0.0396639704704284,3.9296870640125974,23.20055371756068,0.9276099801063538
clic2020,clic_test_image_50.png,0,0.05,1200,1500,0.024382222222222222,31.59395213077997,0.8486526608467102,0.09062954783439636,0.0675621628761291,4.36155233354831,29.08113615833065,0.9246111512184144
clic2020,clic_test_image_50.png,1,0.075,1200,1500,0.03410666666666667,32.68848992762399,0.8632025718688965,0.07173062860965729,0.0547142028808593,4.321527372662076,30.17567395517468,0.9396983981132508
clic2020,clic_test_image_50.png,2,0.1,1200,1500,0.043866666666666665,33.511017705251824,0.8738908171653748,0.06061898171901703,0.0484423637390136,4.308664910572759,30.998201732802507,0.9495956897735596
clic2020,clic_test_image_50.png,3,0.125,1200,1500,0.05330666666666667,34.172636947948185,0.8828263282775879,0.051446303725242615,0.042603850364685,4.261886192352315,31.659820975498864,0.9563267827033995
clic2020,clic_test_image_50.png,4,0.15,1200,1500,0.06324444444444445,34.687932782276555,0.8898021578788757,0.04614504426717758,0.0428022742271423,4.208277656866151,32.17511680982724,0.961428701877594
clic2020,clic_test_image_51.png,0,0.05,1512,2016,0.03462773998488284,27.20749406481747,0.7773290276527405,0.07862070202827454,0.0940726399421691,3.130842816980427,20.45295366107428,0.9066126942634584
clic2020,clic_test_image_51.png,1,0.075,1512,2016,0.04587112622826908,28.250774479573323,0.7918709516525269,0.0643511563539505,0.0749715566635131,3.1463575835490896,21.49623407583013,0.9192556738853456
clic2020,clic_test_image_51.png,2,0.1,1512,2016,0.06197509868144789,28.939208456029696,0.8088276386260986,0.05380465090274811,0.0642326474189758,3.263964877149543,22.184668052286504,0.9318700432777404
clic2020,clic_test_image_51.png,3,0.125,1512,2016,0.07940182245737801,29.714115041113995,0.8241668939590454,0.046730369329452515,0.0600919127464294,3.359419662860295,22.9595746373708,0.9421557784080504
clic2020,clic_test_image_51.png,4,0.15,1512,2016,0.09682854623330814,30.185414289075467,0.8365679979324341,0.04168938100337982,0.051804780960083,3.289974067417908,23.430873885332275,0.9491388201713562
clic2020,clic_test_image_52.png,0,0.05,1339,2048,0.02588802277819268,31.873047863998853,0.8932750821113586,0.05102608725428581,0.0485799312591552,5.872261958498845,27.3888090353381,0.9668972492218018
clic2020,clic_test_image_52.png,1,0.075,1339,2048,0.03346130507841673,33.15011938143804,0.9008232951164246,0.03942980244755745,0.0408103466033935,5.7493154663411055,28.66588055277728,0.972212851047516
clic2020,clic_test_image_52.png,2,0.1,1339,2048,0.03982099514563107,33.91870443656317,0.9040827751159668,0.03261375427246094,0.0377832651138305,5.7388077109478495,29.43446560790241,0.9750525951385498
clic2020,clic_test_image_52.png,3,0.125,1339,2048,0.04679915048543689,34.526333368879015,0.9068590998649596,0.028472471982240677,0.0313260555267334,5.7981501535209645,30.04209454021826,0.9770748019218444
clic2020,clic_test_image_52.png,4,0.15,1339,2048,0.05261039021657954,34.90373262986908,0.9072827100753784,0.02563769370317459,0.0292744636535644,5.76972236488705,30.419493801208333,0.9780579209327698
clic2020,clic_test_image_53.png,0,0.05,1365,2048,0.034254807692307696,27.21192110145805,0.6431789398193359,0.14440275728702545,0.0917291641235351,3.0480909555713436,21.117463147136224,0.8579020500183105
clic2020,clic_test_image_53.png,1,0.075,1365,2048,0.05479052197802198,28.20212949138989,0.6672375202178955,0.11370096355676651,0.0700612664222717,3.0061418206864223,22.107671537068065,0.8858091831207275
clic2020,clic_test_image_53.png,2,0.1,1365,2048,0.07688301282051282,28.936550239137336,0.6840088963508606,0.09487727284431458,0.0591008067131042,2.8842383739597177,22.842092284815507,0.903381049633026
clic2020,clic_test_image_53.png,3,0.125,1365,2048,0.09833447802197802,29.5207967253269,0.7007471919059753,0.08419416099786758,0.0587822198867797,2.8272688344536556,23.426338771005074,0.9158570766448976
clic2020,clic_test_image_53.png,4,0.15,1365,2048,0.11650068681318682,29.97814756079084,0.7120169401168823,0.07639751583337784,0.0529964566230773,2.7723162208514682,23.88368960646901,0.923417866230011
clic2020,clic_test_image_54.png,0,0.05,1365,2048,0.03455242673992674,27.835466491526027,0.7054799199104309,0.14515617489814758,0.0857678651809692,2.6350956244711234,16.392414028055853,0.8630480170249939
clic2020,clic_test_image_54.png,1,0.075,1365,2048,0.05354281135531135,28.942111322252394,0.7416296005249023,0.11434556543827057,0.0702868700027465,2.592327191041611,17.49905885878222,0.8973596692085266
clic2020,clic_test_image_54.png,2,0.1,1365,2048,0.07439903846153846,29.81640687002549,0.7687250375747681,0.09243626892566681,0.0567387342453002,2.5848099572202705,18.37335440655532,0.918890416622162
clic2020,clic_test_image_54.png,3,0.125,1365,2048,0.09646863553113554,30.553177976502862,0.7907302379608154,0.0788780152797699,0.0509567856788635,2.502383258075623,19.11012551303269,0.9336243271827698
clic2020,clic_test_image_54.png,4,0.15,1365,2048,0.11867559523809523,31.16077120803176,0.8073477149009705,0.06883703917264938,0.046113908290863,2.5146482112034,19.717718744561576,0.9435536861419678
clic2020,clic_test_image_55.png,0,0.05,1512,2016,0.037346728814982785,27.688984579309142,0.6955689191818237,0.12487338483333588,0.0639479160308837,2.902572378880871,20.739809516441525,0.8667734265327454
clic2020,clic_test_image_55.png,1,0.075,1512,2016,0.05553980851599899,28.78925169087511,0.7315598130226135,0.09377551078796387,0.0479768514633178,2.854191467899244,21.84007662800749,0.8970727324485779
clic2020,clic_test_image_55.png,2,0.1,1512,2016,0.0752236079617032,29.588933929277097,0.7580382227897644,0.07574649900197983,0.0412995815277099,2.8277011610483984,22.63975886640948,0.9165124297142028
clic2020,clic_test_image_55.png,3,0.125,1512,2016,0.09577874359620392,30.271738044865664,0.7795824408531189,0.06363562494516373,0.0345638990402221,2.8159144113604873,23.32256298199805,0.9299705028533936
clic2020,clic_test_image_55.png,4,0.15,1512,2016,0.11684828252288569,30.838044191388605,0.7964824438095093,0.055491458624601364,0.0299991965293884,2.80890219644213,23.888869128520987,0.9396736025810242
clic2020,clic_test_image_56.png,0,0.05,2016,1512,0.029179264298311917,29.182612773071664,0.7815982699394226,0.13203240931034088,0.0726163983345031,3.5836442091212044,24.44711276486941,0.9007024168968201
clic2020,clic_test_image_56.png,1,0.075,2016,1512,0.04259574200050391,30.195277550573365,0.802287757396698,0.10276494920253754,0.0619751811027526,3.568101985042789,25.45977754237112,0.9223337173461914
clic2020,clic_test_image_56.png,2,0.1,2016,1512,0.057187998656252625,30.9670354162293,0.8161198496818542,0.08428026735782623,0.0553603768348693,3.617706820511047,26.23153540802705,0.9351324439048768
clic2020,clic_test_image_56.png,3,0.125,2016,1512,0.07230515663055345,31.576160420436075,0.8271563053131104,0.07201032340526581,0.0519379377365112,3.563804158320782,26.840660412233824,0.943979799747467
clic2020,clic_test_image_56.png,4,0.15,2016,1512,0.08739082052574117,32.04189579814476,0.8359764218330383,0.06339210271835327,0.0463891625404357,3.5601456926970974,27.306395789942503,0.9503585696220398
clic2020,clic_test_image_57.png,0,0.05,2048,1367,0.02333462874908559,32.369702182821094,0.9146886467933656,0.051331453025341034,0.0596358776092529,5.216213346057836,25.38756060695692,0.9684460759162904
clic2020,clic_test_image_57.png,1,0.075,2048,1367,0.02996410936356986,33.80410194568154,0.924474596977234,0.03924912214279175,0.0475447177886962,5.186987106364641,26.82196036981736,0.9757224917411804
clic2020,clic_test_image_57.png,2,0.1,2048,1367,0.0365135790051207,34.7299966592879,0.930664837360382,0.032702744007110596,0.0391532182693481,5.188873929685949,27.747855083423723,0.9796780943870544
clic2020,clic_test_image_57.png,3,0.125,2048,1367,0.04324593087051939,35.420915992589336,0.9343132376670836,0.02782587520778179,0.0357299447059631,5.251290647685056,28.438774416725163,0.982278048992157
clic2020,clic_test_image_57.png,4,0.15,2048,1367,0.04990970190197513,35.91971614323995,0.9373279809951782,0.02465110644698143,0.0309080481529235,5.176299718691931,28.93757456737578,0.9839308857917786
clic2020,clic_test_image_58.png,0,0.05,2016,1512,0.026628243890148652,29.814314515843755,0.818332314491272,0.10510064661502838,0.0852574706077575,3.7375970913014256,24.05107613231014,0.9223968386650084
clic2020,clic_test_image_58.png,1,0.075,2016,1512,0.036979297891996304,31.118174750756783,0.8330361843109131,0.08705398440361023,0.0658571124076843,3.686609867522948,25.35493636722317,0.9340918064117432
clic2020,clic_test_image_58.png,2,0.1,2016,1512,0.047676786764088354,31.891224515354747,0.8427733182907104,0.07534272968769073,0.0575237274169921,3.763944383995195,26.12798613182113,0.942060887813568
clic2020,clic_test_image_58.png,3,0.125,2016,1512,0.05918262366675065,32.5481790027558,0.8496350646018982,0.06667698919773102,0.0501874685287475,3.754439111641989,26.78494061922219,0.9479901790618896
clic2020,clic_test_image_58.png,4,0.15,2016,1512,0.07115037372973881,33.012523586665374,0.855351448059082,0.060039542615413666,0.0455121994018554,3.7404601323610893,27.249285203131763,0.9525599479675292
clic2020,clic_test_image_59.png,0,0.05,1365,2048,0.0838999542124542,20.023703614427653,0.3752459287643432,0.14978133141994476,0.1248453855514526,2.9810624928626037,10.77985389279986,0.6991193890571594
clic2020,clic_test_image_59.png,1,0.075,1365,2048,0.17823374542124543,21.346796827377617,0.529507040977478,0.10734052211046219,0.097294807434082,3.31596595829636,12.102947105749823,0.8180354237556458
clic2020,clic_test_image_59.png,2,0.1,1365,2048,0.2715716575091575,22.404629161374068,0.6287767887115479,0.08894018083810806,0.0820393562316894,3.541110261444645,13.160779439746278,0.871461808681488
clic2020,clic_test_image_59.png,3,0.125,1365,2048,0.35999885531135534,23.24478203133438,0.6942709684371948,0.07561293244361877,0.0696764588356018,3.7902217639796696,14.000932309706592,0.9010360836982728
clic2020,clic_test_image_59.png,4,0.15,1365,2048,0.4388450091575092,23.88929112253543,0.7377660870552063,0.06662718206644058,0.0628206133842468,3.9349272700877314,14.645441400907638,0.9187583923339844
clic2020,clic_test_image_6.png,0,0.05,2048,1367,0.04187431419166057,29.19409661042451,0.8479353785514832,0.08815741539001465,0.068026065826416,4.2202274498270205,20.768659845899595,0.928605616092682
clic2020,clic_test_image_6.png,1,0.075,2048,1367,0.057053538771031455,30.56213123930769,0.8712620139122009,0.06745026260614395,0.053666353225708,4.179018971994165,22.13669447478277,0.946263074874878
clic2020,clic_test_image_6.png,2,0.1,2048,1367,0.0720498811265545,31.561420671698,0.8853141665458679,0.05440118536353111,0.0428743362426757,4.084247795270719,23.135983907173085,0.9561899304389954
clic2020,clic_test_image_6.png,3,0.125,2048,1367,0.08735483723482078,32.295828551043456,0.895115852355957,0.0455528125166893,0.0381262302398681,3.968110958352285,23.87039178651854,0.9631140828132628
clic2020,clic_test_image_6.png,4,0.15,2048,1367,0.10277409473299196,32.92709635379697,0.903904378414154,0.03935212641954422,0.0313514471054077,3.9751467886601715,24.50165958927205,0.9683900475502014
clic2020,clic_test_image_60.png,0,0.05,1365,2048,0.019717261904761904,31.7149019747556,0.8382594585418701,0.08799941092729568,0.0767011046409607,4.365322545975819,25.050318497318337,0.9304282665252686
clic2020,clic_test_image_60.png,1,0.075,1365,2048,0.02781021062271062,32.764454885743284,0.847276508808136,0.0697556883096695,0.0658914446830749,4.253767677383794,26.09987140830601,0.9420070052146912
clic2020,clic_test_image_60.png,2,0.1,1365,2048,0.03639537545787546,33.44493742427213,0.8547654747962952,0.0598800852894783,0.057705283164978,4.259609807011566,26.780353946834868,0.9502952694892884
clic2020,clic_test_image_60.png,3,0.125,1365,2048,0.045701694139194136,33.96464282252723,0.8600869178771973,0.05166962370276451,0.0495352745056152,4.227777070606105,27.300059345089963,0.956077516078949
clic2020,clic_test_image_60.png,4,0.15,1365,2048,0.054733287545787546,34.33906144980736,0.8646372556686401,0.04635732248425484,0.0479398369789123,4.1519851808774995,27.67447797237009,0.9601028561592102
clic2020,clic_test_image_61.png,0,0.05,2048,1365,0.024856913919413918,31.44616557598264,0.8854212164878845,0.05457146465778351,0.0574966669082641,4.322218874098734,24.015676230163034,0.9635162353515624
clic2020,clic_test_image_61.png,1,0.075,2048,1365,0.03219436813186813,32.588867450669746,0.8964349627494812,0.043757885694503784,0.0489476919174194,4.371412230084389,25.158378104850154,0.969015896320343
clic2020,clic_test_image_61.png,2,0.1,2048,1365,0.04069940476190476,33.42395472730534,0.9002593755722046,0.035395003855228424,0.0425950288772583,4.3396080796004615,25.99346538148575,0.974308431148529
clic2020,clic_test_image_61.png,3,0.125,2048,1365,0.048998397435897435,34.148326495445595,0.9078355431556702,0.03042715974152088,0.0360867381095886,4.26951166454703,26.717837149626003,0.9776713252067566
clic2020,clic_test_image_61.png,4,0.15,2048,1365,0.05741185897435897,34.65669524907296,0.9133228063583374,0.027550222352147102,0.0336179733276367,4.280202799358639,27.22620590325337,0.9796345829963684
clic2020,clic_test_image_62.png,0,0.05,2048,1365,0.05054372710622711,23.99467091360141,0.5343348383903503,0.1793476790189743,0.1485263705253601,2.1700972722285052,19.39783771016772,0.818409264087677
clic2020,clic_test_image_62.png,1,0.075,2048,1365,0.07868017399267399,25.084232830840417,0.5697826147079468,0.15417295694351196,0.1302254199981689,2.248242289556093,20.487399627406724,0.8399178385734558
clic2020,clic_test_image_62.png,2,0.1,2048,1365,0.11088026556776556,25.875669596324546,0.6006464958190918,0.1345299482345581,0.1225858926773071,2.1974757405640926,21.27883639289085,0.8578676581382751
clic2020,clic_test_image_62.png,3,0.125,2048,1365,0.14825434981684982,26.59427092654322,0.6427653431892395,0.11052495241165161,0.1204229593276977,2.2774551900890017,21.99743772310953,0.8816805481910706
clic2020,clic_test_image_62.png,4,0.15,2048,1365,0.18680746336996337,27.22450295201428,0.682734489440918,0.09559465199708939,0.1136116385459899,2.37434616895238,22.627669748580587,0.9012897610664368
clic2020,clic_test_image_63.png,0,0.05,2048,1365,0.04483173076923077,23.931385526956085,0.7473982572555542,0.1343059092760086,0.1164593696594238,2.7968107928308976,18.4915103735128,0.9080467820167542
clic2020,clic_test_image_63.png,1,0.075,2048,1365,0.07742101648351649,25.122043938987304,0.7870203256607056,0.10301132500171661,0.1001839041709899,2.577785654797183,19.68216878554401,0.9325138926506042
clic2020,clic_test_image_63.png,2,0.1,2048,1365,0.11061698717948718,26.05823107806873,0.8171705007553101,0.0848933756351471,0.0978791713714599,2.591133094179384,20.61835592462544,0.9463195204734802
clic2020,clic_test_image_63.png,3,0.125,2048,1365,0.14308035714285713,26.78499700582745,0.8381550908088684,0.07407979667186737,0.0875061154365539,2.690072158976285,21.34512185238416,0.9550129771232604
clic2020,clic_test_image_63.png,4,0.15,2048,1365,0.17349473443223443,27.33324519262588,0.8526611328125,0.066624216735363,0.0890678167343139,2.83279583631094,21.8933700391826,0.9606356620788574
clic2020,clic_test_image_64.png,0,0.05,1365,2048,0.025188873626373627,28.818601809420805,0.8035863041877747,0.10423056781291962,0.1376068592071533,2.7763378043587688,21.556107736590555,0.8944498896598816
clic2020,clic_test_image_64.png,1,0.075,1365,2048,0.038822115384615385,29.766761215776828,0.8247389793395996,0.08406607806682587,0.1131801605224609,2.768093812908742,22.50426714294657,0.9196383953094482
clic2020,clic_test_image_64.png,2,0.1,1365,2048,0.05382898351648352,30.818662644802224,0.8408079743385315,0.07038602232933044,0.0944302678108215,2.7610322093167508,23.556168571971973,0.935326099395752
clic2020,clic_test_image_64.png,3,0.125,1365,2048,0.06924793956043956,31.394489371704548,0.8537946939468384,0.06127167120575905,0.0881198644638061,2.7000132953407814,24.13199529887429,0.9451352953910828
clic2020,clic_test_image_64.png,4,0.15,1365,2048,0.08465544871794872,31.936595577636847,0.8633530139923096,0.054963111877441406,0.0769731402397155,2.637792643210707,24.6741015048066,0.9518117308616638
clic2020,clic_test_image_65.png,0,0.05,1512,2016,0.03255962878978752,28.43448363195787,0.7414981722831726,0.1186797246336937,0.0790286064147949,3.1470890169150993,22.102914249708,0.8896867632865906
clic2020,clic_test_image_65.png,1,0.075,1512,2016,0.04817019400352734,29.52322164730888,0.7745548486709595,0.092603899538517,0.0604284405708313,3.0590936940950777,23.191652265059,0.9156619906425476
clic2020,clic_test_image_65.png,2,0.1,1512,2016,0.06436864869404552,30.336331237341145,0.7952751517295837,0.07692115753889084,0.0477986931800842,3.033377337645401,24.004761855091267,0.9286379814147948
clic2020,clic_test_image_65.png,3,0.125,1512,2016,0.081385949441505,30.98719996246261,0.8107673525810242,0.0678848996758461,0.0442537069320678,2.9499032565368597,24.65563058021274,0.9379045367240906
clic2020,clic_test_image_65.png,4,0.15,1512,2016,0.09867619887461157,31.50498233615217,0.8234005570411682,0.06074782460927963,0.0390300750732421,2.929056626383088,25.173412953902297,0.9449117183685304
clic2020,clic_test_image_66.png,0,0.05,1366,2048,0.024278230234260616,30.54907296706764,0.81434565782547,0.1003740206360817,0.0611516237258911,3.819234632239209,24.067864925953188,0.925842583179474
clic2020,clic_test_image_66.png,1,0.075,1366,2048,0.03689490300146413,31.526991459090507,0.8242524266242981,0.07813498377799988,0.0480806231498718,3.825131860595076,25.04578341797605,0.9384441375732422
clic2020,clic_test_image_66.png,2,0.1,1366,2048,0.04741832906295754,32.18936700589146,0.8306992053985596,0.06624006479978561,0.0435734391212463,3.8349906662188107,25.70815896477701,0.9460399746894836
clic2020,clic_test_image_66.png,3,0.125,1366,2048,0.057815931551976577,32.72910065035517,0.8363901972770691,0.05882006138563156,0.0389695763587951,3.816809108581639,26.24789260924072,0.9518487453460692
clic2020,clic_test_image_66.png,4,0.15,1366,2048,0.06804195644216691,33.14362063942251,0.8408921360969543,0.05338142067193985,0.0355966687202453,3.7877166141084397,26.66241259830805,0.9561769962310792
clic2020,clic_test_image_67.png,0,0.05,2048,1366,0.015699350292825768,34.35580186354099,0.9599167108535768,0.03140673041343689,0.0530750155448913,6.356590615778065,31.697960208140493,0.9757592678070068
clic2020,clic_test_image_67.png,1,0.075,2048,1366,0.01951981149341142,35.9391836011413,0.9646180272102356,0.023915480822324753,0.0432181358337402,6.384474973940278,33.281341945740806,0.980844497680664
clic2020,clic_test_image_67.png,2,0.1,2048,1366,0.023683427891654465,37.17452696055807,0.9673230648040771,0.02003219537436962,0.0394517183303833,6.32695550219552,34.516685305157566,0.9839504361152648
clic2020,clic_test_image_67.png,3,0.125,2048,1366,0.02789279831625183,37.99810519451354,0.9690966606140136,0.016915924847126007,0.0345187783241272,6.230529303632184,35.340263539113046,0.9857783317565918
clic2020,clic_test_image_67.png,4,0.15,2048,1366,0.03171325951683748,38.39161419384737,0.970385730266571,0.015215381979942322,0.0324630141258239,6.282000414827544,35.73377253844687,0.987138569355011
clic2020,clic_test_image_68.png,0,0.05,2016,1512,0.023604812295288487,26.949922186972763,0.4845865070819855,0.15429270267486572,0.0776542425155639,4.864315015501455,20.704289172091748,0.8282756805419922
clic2020,clic_test_image_68.png,1,0.075,2016,1512,0.03403985050810448,27.447274989218204,0.4927312433719635,0.13029856979846954,0.0658560395240783,4.95038785710718,21.2016419743372,0.8423243165016174
clic2020,clic_test_image_68.png,2,0.1,2016,1512,0.04477933148568069,27.747777324111844,0.4981913566589355,0.11663296073675156,0.0560613870620727,4.8865519725352895,21.502144309230825,0.8494458198547363
clic2020,clic_test_image_68.png,3,0.125,2016,1512,0.056957042076089696,27.95326066133644,0.503511369228363,0.10789452493190765,0.0526842474937438,4.8245675958502,21.70762764645542,0.8558115363121033
clic2020,clic_test_image_68.png,4,0.15,2016,1512,0.06894578819181994,28.09982561024864,0.5068047046661377,0.10087024420499802,0.0498909950256347,4.773607090008107,21.854192595367618,0.859835684299469
clic2020,clic_test_image_69.png,0,0.05,1028,1720,0.03665731607999276,28.008239716429443,0.8139620423316956,0.08002058416604996,0.0900951623916626,3.5997140018125826,19.46206366335776,0.9367465376853944
clic2020,clic_test_image_69.png,1,0.075,1028,1720,0.05169667903357162,29.251477152587245,0.8430830836296082,0.061871930956840515,0.072700560092926,3.638072718942429,20.70530109951556,0.9527461528778076
clic2020,clic_test_image_69.png,2,0.1,1028,1720,0.0670980001809791,30.180105071541195,0.8632369637489319,0.05032515525817871,0.0622262358665466,3.65530364408108,21.63392901846951,0.962264120578766
clic2020,clic_test_image_69.png,3,0.125,1028,1720,0.08414623111030677,30.92520226248304,0.8776053190231323,0.0424051433801651,0.0541872382164001,3.6018204987229336,22.37902620941135,0.967961609363556
clic2020,clic_test_image_69.png,4,0.15,1028,1720,0.10027146864537145,31.46211882379928,0.8877893090248108,0.03695717453956604,0.0473076105117797,3.750841500417869,22.91594277072759,0.97164124250412
clic2020,clic_test_image_7.png,0,0.05,2048,1339,0.10815557318894697,21.65432891586989,0.7756382822990417,0.07957346737384796,0.1297345161437988,3.871910408691797,17.453008813543725,0.9254018664360046
clic2020,clic_test_image_7.png,1,0.075,2048,1339,0.16038671583271097,22.958003270102218,0.8222480416297913,0.057015955448150635,0.1102942824363708,3.965117778543922,18.756683167776057,0.9472294449806212
clic2020,clic_test_image_7.png,2,0.1,2048,1339,0.208591999626587,23.908370436343457,0.8511938452720642,0.04498092457652092,0.0962697267532348,4.087142459359963,19.707050334017296,0.959312617778778
clic2020,clic_test_image_7.png,3,0.125,2048,1339,0.25452179798356983,24.56191033953444,0.8691761493682861,0.03824569284915924,0.0854819416999816,4.064209148126699,20.36059023720828,0.9662815928459167
clic2020,clic_test_image_7.png,4,0.15,2048,1339,0.29888792942494397,25.07969173879093,0.882664144039154,0.033536553382873535,0.0771567821502685,4.139107694176114,20.87837163646477,0.9710171222686768
clic2020,clic_test_image_70.png,0,0.05,1080,1920,0.03284722222222222,27.85409217763794,0.6965141892433167,0.11429417133331299,0.0932669639587402,3.0767475888803726,22.975596153110025,0.8395951390266418
clic2020,clic_test_image_70.png,1,0.075,1080,1920,0.047816358024691356,28.82874515035788,0.7264809608459473,0.09015301614999771,0.073684811592102,3.1768828617921696,23.950249125829966,0.8682210445404053
clic2020,clic_test_image_70.png,2,0.1,1080,1920,0.0659182098765432,29.66729476247358,0.7530792951583862,0.07498586922883987,0.0602716207504272,3.19698257050611,24.788798737945665,0.8934662938117981
clic2020,clic_test_image_70.png,3,0.125,1080,1920,0.08843364197530865,30.48637772485951,0.7819894552230835,0.06394102424383163,0.052598237991333,3.0965578292969584,25.6078817003316,0.9167396426200868
clic2020,clic_test_image_70.png,4,0.15,1080,1920,0.1126929012345679,31.20611852796554,0.8082293272018433,0.056040164083242416,0.049746036529541,3.0297423072061105,26.327622503437624,0.9333758354187012
clic2020,clic_test_image_71.png,0,0.05,1512,2016,0.029063786008230452,29.772273470962062,0.8206789493560791,0.11961256712675095,0.1071919202804565,4.005295302331663,23.865064764974115,0.9099998474121094
clic2020,clic_test_image_71.png,1,0.075,1512,2016,0.04168241370622323,30.98604007333138,0.8416616320610046,0.09438934922218323,0.0900903344154357,3.93971352894514,25.07883136734343,0.9313601851463318
clic2020,clic_test_image_71.png,2,0.1,1512,2016,0.054615982195347273,31.9034393543762,0.8565906882286072,0.07737487554550171,0.0796574354171752,3.8797464279848386,25.99623064838824,0.9443057179450988
clic2020,clic_test_image_71.png,3,0.125,1512,2016,0.06803245989753927,32.668336171368,0.8687252998352051,0.06494912505149841,0.0753559470176696,3.838977787048993,26.76112746538005,0.9531437754631042
clic2020,clic_test_image_71.png,4,0.15,1512,2016,0.0809135382548081,33.26200479590943,0.8777910470962524,0.05793397128582001,0.0668416023254394,3.7765704852833037,27.354796089921475,0.9590145945549012
clic2020,clic_test_image_72.png,0,0.05,1367,2048,0.019208348573518653,29.8985983348852,0.8057110905647278,0.06673210114240646,0.0795447826385498,4.987223053163988,27.37893006848829,0.9501426219940186
clic2020,clic_test_image_72.png,1,0.075,1367,2048,0.026100722384784197,30.71267775138076,0.8125758767127991,0.055474694818258286,0.0699184536933898,4.837450755645042,28.19300948498386,0.955909788608551
clic2020,clic_test_image_72.png,2,0.1,1367,2048,0.03374748536942209,31.182324386051256,0.8170300126075745,0.04722406715154648,0.0623382925987243,4.8757888731434775,28.66265611965435,0.9594823718070984
clic2020,clic_test_image_72.png,3,0.125,1367,2048,0.041268516825164595,31.516192394864404,0.819553554058075,0.04203499108552933,0.0593794584274292,4.901537028785861,28.996524128467502,0.96201753616333
clic2020,clic_test_image_72.png,4,0.15,1367,2048,0.0492467538405267,31.77274375368172,0.8210945725440979,0.03803755342960358,0.0554530620574951,4.879153490398954,29.253075487284818,0.9636552929878236
clic2020,clic_test_image_73.png,0,0.05,1365,2048,0.018263507326007327,30.44408923804852,0.8362866640090942,0.08293333649635315,0.0678410530090332,5.71974788403123,25.50558436047183,0.9384119510650636
clic2020,clic_test_image_73.png,1,0.075,1365,2048,0.02524610805860806,32.78758076867803,0.8450783491134644,0.059566378593444824,0.0589672923088073,5.825733304233883,27.849075891101343,0.9495890140533448
clic2020,clic_test_image_73.png,2,0.1,1365,2048,0.03197687728937729,33.354140341668675,0.8508703708648682,0.05275560915470123,0.0538640022277832,5.680702704726914,28.415635464091984,0.9554497599601746
clic2020,clic_test_image_73.png,3,0.125,1365,2048,0.04029876373626374,33.66610429310316,0.8555477857589722,0.04763418436050415,0.0472468733787536,5.812492012285031,28.72759941552648,0.9595122337341307
clic2020,clic_test_image_73.png,4,0.15,1365,2048,0.04508356227106227,33.73106640517023,0.8591833114624023,0.0428667850792408,0.0453747510910034,5.740205934167374,28.79256152759354,0.962636649608612
clic2020,clic_test_image_74.png,0,0.05,1814,1283,0.056324714419157824,24.925740537817298,0.6953020691871643,0.12474198639392853,0.1020856499671936,3.025032072263687,19.83903144270596,0.8850917816162109
clic2020,clic_test_image_74.png,1,0.075,1814,1283,0.0843598890073826,26.084011499191902,0.7486725449562073,0.09629061073064804,0.0838106274604797,2.915094376067181,20.99730240408057,0.916917622089386
clic2020,clic_test_image_74.png,2,0.1,1814,1283,0.11462247815337709,27.021498130050404,0.7873439788818359,0.07906549423933029,0.0718340277671814,2.828602345072858,21.934789034939072,0.9354040622711182
clic2020,clic_test_image_74.png,3,0.125,1814,1283,0.14650750506367294,27.7877801967523,0.81531822681427,0.06719166785478592,0.0675285458564758,2.8221182280662975,22.70107110164097,0.947800636291504
clic2020,clic_test_image_74.png,4,0.15,1814,1283,0.17765006045471224,28.45960711190284,0.8371456265449524,0.05873364582657814,0.0592067241668701,2.946977571642588,23.3728980167915,0.9562341570854188
clic2020,clic_test_image_75.png,0,0.05,2048,1365,0.021388507326007326,32.4193856953975,0.8946568965911865,0.08772619068622589,0.083077073097229,4.536113181817611,28.46147088278985,0.931797206401825
clic2020,clic_test_image_75.png,1,0.075,2048,1365,0.030694826007326006,33.62302807718355,0.9072885513305664,0.06769207119941711,0.0669423341751098,4.514706563290944,29.665113264575904,0.9483241438865662
clic2020,clic_test_image_75.png,2,0.1,2048,1365,0.040218635531135534,34.518372399844125,0.915325403213501,0.0568820983171463,0.060038149356842,4.372220540443435,30.56045758723647,0.957972526550293
clic2020,clic_test_image_75.png,3,0.125,2048,1365,0.05026900183150183,35.25399361842702,0.921988844871521,0.048345375806093216,0.048668622970581,4.3468344307917,31.29607880581937,0.9646811485290528
clic2020,clic_test_image_75.png,4,0.15,2048,1365,0.05939217032967033,35.789621123288725,0.9276300668716432,0.0428483821451664,0.043125569820404,4.260089254636553,31.83170631068107,0.969512403011322
clic2020,clic_test_image_76.png,0,0.05,960,540,0.07280864197530865,23.44312190976761,0.6359125375747681,0.11633838713169098,0.104331374168396,2.655185183532503,17.26953445348134,0.8538221716880798
clic2020,clic_test_image_76.png,1,0.075,960,540,0.10984567901234568,24.585807407359592,0.6822229623794556,0.08688431978225708,0.0864543318748474,2.7254335554060884,18.41221995107332,0.8818952441215515
clic2020,clic_test_image_76.png,2,0.1,960,540,0.15083333333333335,25.596157018581096,0.7306836843490601,0.06788899004459381,0.0672643184661865,2.5482059800701533,19.422569562294825,0.914017140865326
clic2020,clic_test_image_76.png,3,0.125,960,540,0.19225308641975308,26.39072059977652,0.7698471546173096,0.056101009249687195,0.0595704913139343,2.6121960521142147,20.21713314349025,0.933096170425415
clic2020,clic_test_image_76.png,4,0.15,960,540,0.23015432098765432,26.991668488581727,0.7950141429901123,0.05093375965952873,0.0507188439369201,2.723411169932798,20.818081032295453,0.9428369402885436
clic2020,clic_test_image_77.png,0,0.05,2048,1152,0.03228759765625,30.44177997969834,0.887165367603302,0.069862961769104,0.057341992855072,4.191241215798262,26.435801037919685,0.9456791877746582
clic2020,clic_test_image_77.png,1,0.075,2048,1152,0.04362657335069445,31.819718771007977,0.9046443700790404,0.052217885851860046,0.044880986213684,4.120198641387752,27.813739829229323,0.958998680114746
clic2020,clic_test_image_77.png,2,0.1,2048,1152,0.05489773220486111,32.86586052467122,0.9158797860145568,0.0416870191693306,0.0380747318267822,4.117541581993808,28.85988158289257,0.9669804573059082
clic2020,clic_test_image_77.png,3,0.125,2048,1152,0.06596544053819445,33.73220388475917,0.924287974834442,0.034479688853025436,0.0329831838607788,4.060715082750607,29.72622494298051,0.9725142121315002
clic2020,clic_test_image_77.png,4,0.15,2048,1152,0.0768161349826389,34.37219320663415,0.9298228621482848,0.03034813143312931,0.030369222164154,4.017374470835741,30.366214264855493,0.9760176539421082
clic2020,clic_test_image_78.png,0,0.05,1512,2016,0.045545687410766776,25.67534332532905,0.835043728351593,0.07031775265932083,0.0853670835494995,3.0280107389438333,19.15140328002962,0.9400894045829772
clic2020,clic_test_image_78.png,1,0.075,1512,2016,0.07527609809355841,26.93963927331289,0.8661815524101257,0.05296143889427185,0.0657432079315185,3.085441408929863,20.415699228013445,0.9555545449256896
clic2020,clic_test_image_78.png,2,0.1,1512,2016,0.09191546989166037,27.770178680219683,0.8853223919868469,0.04409872740507126,0.0537888407707214,3.1217709433155787,21.24623863492025,0.9643656611442566
clic2020,clic_test_image_78.png,3,0.125,1512,2016,0.11258608381624255,28.4886444234922,0.8975513577461243,0.037856537848711014,0.0455299019813537,3.256091580117323,21.96470437819276,0.969681680202484
clic2020,clic_test_image_78.png,4,0.15,1512,2016,0.1332042076089695,29.10421733740389,0.906242609024048,0.032912369817495346,0.0419075489044189,3.2677881625707736,22.580277292104466,0.9729557037353516
clic2020,clic_test_image_79.png,0,0.05,1365,2048,0.028966346153846155,30.373338158389043,0.8157966732978821,0.07915909588336945,0.0755457878112793,3.8358989741852954,26.919610794816265,0.914025604724884
clic2020,clic_test_image_79.png,1,0.075,1365,2048,0.04020718864468865,31.58500214322884,0.8414962887763977,0.059874095022678375,0.064090609550476,3.7556762847184206,28.131274779656064,0.9376590251922609
clic2020,clic_test_image_79.png,2,0.1,1365,2048,0.051665521978021975,32.380791044552325,0.8593316078186035,0.04963254928588867,0.0566561222076416,3.8039590755429518,28.927063680979547,0.9504092335700988
clic2020,clic_test_image_79.png,3,0.125,1365,2048,0.06235691391941392,32.96591371722401,0.8698714375495911,0.04397261142730713,0.0510205030441284,3.8231586528092687,29.51218635365124,0.9578998684883118
clic2020,clic_test_image_79.png,4,0.15,1365,2048,0.07237293956043957,33.40839671272799,0.8771331310272217,0.03947033733129501,0.0488979816436767,3.751504766931449,29.954669349155218,0.962602436542511
clic2020,clic_test_image_8.png,0,0.05,1367,2048,0.022843132772494515,33.07358567176884,0.9149255156517028,0.0720064789056778,0.0700549483299255,5.762856171916034,29.778009721821928,0.9485611319541932
clic2020,clic_test_image_8.png,1,0.075,1367,2048,0.0308442300658376,34.37488306916909,0.9229938983917236,0.05503740906715393,0.0578771233558654,5.795839275977953,31.07930711922217,0.9600529074668884
clic2020,clic_test_image_8.png,2,0.1,1367,2048,0.03797663679590344,35.18452372939128,0.9270960688591005,0.04602445662021637,0.0481775403022766,5.700836560029339,31.88894777944437,0.9661720395088196
clic2020,clic_test_image_8.png,3,0.125,1367,2048,0.04580628200438917,35.9329071898592,0.9306994080543518,0.03821922466158867,0.0408753156661987,5.588023492941337,32.63733123991229,0.9711645245552064
clic2020,clic_test_image_8.png,4,0.15,1367,2048,0.05301869970738844,36.436708961418894,0.933747410774231,0.03337531536817551,0.0391005873680114,5.529918454290962,33.14113301147198,0.9741883277893066
clic2020,clic_test_image_80.png,0,0.05,1512,2016,0.013484714873603762,32.49698164360001,0.8339237570762634,0.08106762170791626,0.0756997466087341,5.277042530758362,26.33385638111101,0.951477348804474
clic2020,clic_test_image_80.png,1,0.075,1512,2016,0.018019862265894013,33.33966698942387,0.8396772146224976,0.07614009082317352,0.0660086870193481,5.139016033911544,27.176541726934865,0.9565439224243164
clic2020,clic_test_image_80.png,2,0.1,1512,2016,0.02727912152515327,33.80677522518788,0.8371415138244629,0.0621500164270401,0.0572872757911682,5.188165011367824,27.64364996269888,0.9589874148368835
clic2020,clic_test_image_80.png,3,0.125,1512,2016,0.039131393298059966,34.306011389395024,0.8364154696464539,0.0527832955121994,0.0489478111267089,5.159087199227999,28.142886126906028,0.9611897468566896
clic2020,clic_test_image_80.png,4,0.15,1512,2016,0.04961892164273116,34.61368348843327,0.8360223174095154,0.04790065437555313,0.0464136004447937,5.159949658632007,28.45055822594427,0.9627059102058412
clic2020,clic_test_image_81.png,0,0.05,1365,2048,0.025394917582417582,26.973176871248512,0.7063601613044739,0.15301811695098877,0.1014752388000488,2.723613593970431,22.607513779963085,0.8476677536964417
clic2020,clic_test_image_81.png,1,0.075,1365,2048,0.04432806776556777,28.083346480700683,0.7436423301696777,0.12312663346529007,0.081217348575592,2.6822620149605134,23.717683389415257,0.8857173919677734
clic2020,clic_test_image_81.png,2,0.1,1365,2048,0.06655792124542124,29.04729804521128,0.7756130695343018,0.10540268570184708,0.0706576108932495,2.727277838603709,24.68163495392585,0.9100142121315002
clic2020,clic_test_image_81.png,3,0.125,1365,2048,0.09064217032967033,29.878248560965428,0.8027662634849548,0.09127398580312729,0.0641476511955261,2.7199368962501533,25.512585469680005,0.9265177249908448
clic2020,clic_test_image_81.png,4,0.15,1365,2048,0.1153331043956044,30.57765180006391,0.824823796749115,0.08251337707042694,0.0589401721954345,2.7483275338242064,26.211988708778485,0.9380165934562684
clic2020,clic_test_image_82.png,0,0.05,2016,1512,0.04747732426303855,27.20828495544252,0.7262531518936157,0.11215716600418091,0.0706307888031005,3.4333299763557763,18.69603416737388,0.8878272175788879
clic2020,clic_test_image_82.png,1,0.075,2016,1512,0.06822142437221802,28.408994401582746,0.7534173727035522,0.08559179306030273,0.0566768050193786,3.5315116465772314,19.896743613514104,0.9129475951194764
clic2020,clic_test_image_82.png,2,0.1,2016,1512,0.08906000671873687,29.236664537855034,0.7710003852844238,0.07102037966251373,0.0498939752578735,3.600620474966082,20.7244137497864,0.926935851573944
clic2020,clic_test_image_82.png,3,0.125,2016,1512,0.10990908709162678,29.8666727025074,0.7849628329277039,0.0605761893093586,0.0427979826927185,3.5823104679843283,21.35442191443876,0.936978280544281
clic2020,clic_test_image_82.png,4,0.15,2016,1512,0.12943541614176535,30.38932557088481,0.7954634428024292,0.05375722423195839,0.0384007692337036,3.5577772727550947,21.877074782816173,0.9434059262275696
clic2020,clic_test_image_83.png,0,0.05,1367,2048,0.030204142282370155,30.145909569964445,0.8998209238052368,0.057482413947582245,0.0740976333618164,4.508152747117979,25.783453564691683,0.9650940895080566
clic2020,clic_test_image_83.png,1,0.075,1367,2048,0.041371388076079006,31.48775318997241,0.912156343460083,0.04414946958422661,0.0539426803588867,4.527929326551579,27.125297184699647,0.9732780456542968
clic2020,clic_test_image_83.png,2,0.1,1367,2048,0.05233289136795904,32.44337678981102,0.919207751750946,0.036163508892059326,0.0444697141647338,4.553265811676873,28.080920784538257,0.9777417182922364
clic2020,clic_test_image_83.png,3,0.125,1367,2048,0.06375160021945867,33.16389780680619,0.9236024618148804,0.03020622581243515,0.0355007648468017,4.536139088079246,28.80144180153343,0.9806233048439026
clic2020,clic_test_image_83.png,4,0.15,1367,2048,0.07455308156547183,33.7384642329958,0.9267669320106506,0.026699647307395935,0.0316061973571777,4.536278094833077,29.37600822772304,0.9825182557106018
clic2020,clic_test_image_84.png,0,0.05,2016,1512,0.018135340555975477,27.72077933268479,0.6532973051071167,0.13208423554897308,0.1042391657829284,2.977148034909177,21.24840655556968,0.8237609267234802
clic2020,clic_test_image_84.png,1,0.075,2016,1512,0.029011295876375243,28.326939686619053,0.6668918132781982,0.11270854622125626,0.0846752524375915,2.9072580732392246,21.854566909503937,0.8471762537956238
clic2020,clic_test_image_84.png,2,0.1,2016,1512,0.04271122029058537,28.846880138508165,0.682633101940155,0.09959551692008972,0.0745935440063476,2.9347362569526623,22.374507361393047,0.8689651489257812
clic2020,clic_test_image_84.png,3,0.125,2016,1512,0.0613557151255564,29.334972896343032,0.7019392848014832,0.08872012794017792,0.068215012550354,2.8081270852181777,22.86260011922792,0.8897121548652649
clic2020,clic_test_image_84.png,4,0.15,2016,1512,0.08255123036869069,29.801242121034832,0.7219755053520203,0.08054955303668976,0.0641888380050659,2.77111233827149,23.32886934391972,0.90631103515625
clic2020,clic_test_image_85.png,0,0.05,2048,1365,0.030099587912087913,30.62638075029264,0.8549641370773315,0.09299849718809128,0.0740373730659484,3.891388185274122,24.141690368306943,0.9361045956611632
clic2020,clic_test_image_85.png,1,0.075,2048,1365,0.04241643772893773,31.96311125507249,0.8754390478134155,0.07099422812461853,0.0609775185585022,3.814225488404103,25.478420873086804,0.9528508186340332
clic2020,clic_test_image_85.png,2,0.1,2048,1365,0.055145375457875456,32.989648776867526,0.890067994594574,0.05733994022011757,0.0506863594055175,3.8248501632285925,26.50495839488184,0.9625508785247804
clic2020,clic_test_image_85.png,3,0.125,2048,1365,0.06774839743589743,33.816314884618095,0.900646448135376,0.04897031933069229,0.043393075466156,3.781110560322496,27.3316245026324,0.9688525199890136
clic2020,clic_test_image_85.png,4,0.15,2048,1365,0.07935554029304029,34.41282381563179,0.9074823260307312,0.042762793600559235,0.0382311344146728,3.695713234669557,27.9281334336461,0.9727464318275452
clic2020,clic_test_image_86.png,0,0.05,1365,2048,0.028703067765567764,28.76797754784959,0.7907193899154663,0.08762317895889282,0.1237083673477172,4.909060754124858,24.14202935295119,0.9162138104438782
clic2020,clic_test_image_86.png,1,0.075,1365,2048,0.04257669413919414,30.16785179157296,0.8146240711212158,0.06612402200698853,0.1136357188224792,5.071244452912345,25.541903596674555,0.9384288787841796
clic2020,clic_test_image_86.png,2,0.1,1365,2048,0.05482486263736264,30.774877867402427,0.8324267864227295,0.05595584213733673,0.1020448803901672,5.116010679730079,26.148929672504025,0.950733482837677
clic2020,clic_test_image_86.png,3,0.125,1365,2048,0.068194826007326,31.24796471311459,0.845121443271637,0.049449432641267776,0.0921962857246398,5.004590083632668,26.622016518216192,0.95821613073349
clic2020,clic_test_image_86.png,4,0.15,1365,2048,0.08111836080586081,32.22278492654438,0.8555497527122498,0.04409082233905792,0.0856902599334716,4.946481525206736,27.596836731645983,0.9633638262748718
clic2020,clic_test_image_87.png,0,0.05,1367,2048,0.03798806693489393,29.319768537620693,0.8598471879959106,0.07655566185712814,0.0613000392913818,3.398526954484524,23.255570794738688,0.940073311328888
clic2020,clic_test_image_87.png,1,0.075,1367,2048,0.05252720373079737,30.78275677914852,0.8865002393722534,0.0556856133043766,0.0475074648857116,3.344600779211733,24.718559036266512,0.9576037526130676
clic2020,clic_test_image_87.png,2,0.1,1367,2048,0.06666628566203366,31.777626222174188,0.9019187092781068,0.044611044228076935,0.0379084944725036,3.3596137174670884,25.71342847929219,0.9666483402252196
clic2020,clic_test_image_87.png,3,0.125,1367,2048,0.08069106620336504,32.60649609036988,0.913293957710266,0.03777027502655983,0.0332480669021606,3.3349318757254838,26.542298347487872,0.9728172421455384
clic2020,clic_test_image_87.png,4,0.15,1367,2048,0.09395002743233358,33.29087142640921,0.9220150709152222,0.03313751146197319,0.0292078256607055,3.313221511963368,27.226673683527203,0.9768037796020508
clic2020,clic_test_image_88.png,0,0.05,2048,1365,0.0245364010989011,30.701742909244448,0.7730245590209961,0.07192188501358032,0.058794617652893,5.105982364864231,21.43036734638052,0.9430400729179382
clic2020,clic_test_image_88.png,1,0.075,2048,1365,0.03302999084249084,31.44967019932581,0.7836454510688782,0.05493192374706268,0.0455138683319091,5.092562151874602,22.178294636461885,0.9509360194206238
clic2020,clic_test_image_88.png,2,0.1,2048,1365,0.04242788461538462,31.92226167263244,0.7928662896156311,0.047006331384181976,0.038136601448059,5.100804170597216,22.650886109768507,0.9561259150505066
clic2020,clic_test_image_88.png,3,0.125,2048,1365,0.04864354395604396,32.239118191400536,0.7970705628395081,0.04071686416864395,0.0342198014259338,5.148436230748872,22.967742628536605,0.9595551490783693
clic2020,clic_test_image_88.png,4,0.15,2048,1365,0.0551110347985348,32.468125641239595,0.8010090589523315,0.036443695425987244,0.0308359265327453,5.23660030107092,23.196750078375675,0.9618331789970398
clic2020,clic_test_image_89.png,0,0.05,1500,1000,0.041994666666666666,28.005301736249123,0.8373979330062866,0.08880554139614105,0.0953104496002197,3.480245365857471,25.910716354644563,0.925750970840454
clic2020,clic_test_image_89.png,1,0.075,1500,1000,0.06068266666666667,29.38086770332488,0.8649287819862366,0.06629328429698944,0.0752665996551513,3.421313548959537,27.28628232172032,0.9461808800697328
clic2020,clic_test_image_89.png,2,0.1,1500,1000,0.078304,30.360827199939425,0.8813416361808777,0.053673163056373596,0.0631407499313354,3.3284177674701296,28.266241818334866,0.9571833610534668
clic2020,clic_test_image_89.png,3,0.125,1500,1000,0.09709866666666667,31.16764502351844,0.894480288028717,0.044937826693058014,0.0616823434829711,3.3082273464506753,29.07305964191388,0.9645467400550842
clic2020,clic_test_image_89.png,4,0.15,1500,1000,0.112672,31.748473766474884,0.9027295112609864,0.03916585445404053,0.0524401664733886,3.3129677242730953,29.65388838487032,0.9689547419548036
clic2020,clic_test_image_9.png,0,0.05,1393,1741,0.028678718116717995,31.937906597435376,0.904981017112732,0.05231892317533493,0.1014137268066406,4.474390869303541,25.77328102602496,0.9700178503990172
clic2020,clic_test_image_9.png,1,0.075,1393,1741,0.0365031854933979,33.286344827069435,0.914593517780304,0.0401727631688118,0.0914475321769714,4.411278850194414,27.121719255659013,0.9759717583656312
clic2020,clic_test_image_9.png,2,0.1,1393,1741,0.04443321060871767,34.18000541601957,0.9272910356521606,0.033317044377326965,0.0697011351585388,4.469785543898154,28.01537984460915,0.9798474311828612
clic2020,clic_test_image_9.png,3,0.125,1393,1741,0.052679908939957026,34.9273308941043,0.9355756044387816,0.02810687944293022,0.0607004761695861,4.378537542910468,28.76270532269388,0.9826781153678894
clic2020,clic_test_image_9.png,4,0.15,1393,1741,0.06100577557517629,35.4360712107636,0.9368252158164978,0.02495534159243107,0.0564531087875366,4.437660914739769,29.271445639353185,0.9843626618385316
clic2020,clic_test_image_90.png,0,0.05,1367,2048,0.015253520482809072,32.32960300167961,0.8680352568626404,0.07166572660207748,0.0692627429962158,3.837433888057522,28.78241581921134,0.9337273240089417
clic2020,clic_test_image_90.png,1,0.075,1367,2048,0.021928721653255302,33.05728675457493,0.8740034103393555,0.05811576172709465,0.0577324032783508,3.9069357607168427,29.51009957210667,0.9416961669921876
clic2020,clic_test_image_90.png,2,0.1,1367,2048,0.026649369056327726,34.030421900010744,0.8784463405609131,0.0491814911365509,0.0535017848014831,3.9714189571633027,30.483234717542484,0.9475343227386476
clic2020,clic_test_image_90.png,3,0.125,1367,2048,0.033930367593269936,34.51657385599566,0.8823838829994202,0.044125333428382874,0.0478409528732299,3.8517999360477355,30.9693866735274,0.9522573351860046
clic2020,clic_test_image_90.png,4,0.15,1367,2048,0.04280015544989027,34.85027661696859,0.8859096169471741,0.040209390223026276,0.0465853810310363,3.8666316430521466,31.30308943450033,0.9560679793357848
clic2020,clic_test_image_91.png,0,0.05,1356,2048,0.024457273230088495,29.2849152689299,0.834869921207428,0.06746532022953033,0.0741603970527648,3.9485627516981916,21.277821081611595,0.9455000758171082
clic2020,clic_test_image_91.png,1,0.075,1356,2048,0.03496612278761062,30.433097837206017,0.8534085154533386,0.05434925854206085,0.0616241693496704,3.9094171872351193,22.426003649887715,0.9556958079338074
clic2020,clic_test_image_91.png,2,0.1,1356,2048,0.046085683997050146,31.372651027215177,0.8686476349830627,0.0463770255446434,0.0538108348846435,3.8771045222721203,23.365556839896872,0.9627603888511658
clic2020,clic_test_image_91.png,3,0.125,1356,2048,0.05847275995575221,32.12914831231321,0.8797832727432251,0.03986789286136627,0.0517497062683105,3.8765525923470445,24.122054124994907,0.9672412872314452
clic2020,clic_test_image_91.png,4,0.15,1356,2048,0.07118247603244837,32.72818488049845,0.8876175284385681,0.03606085851788521,0.0465404391288757,3.8323018425223587,24.72109069318015,0.9704721570014954
clic2020,clic_test_image_92.png,0,0.05,2048,1459,0.07126563570939,24.37883214025817,0.6828153133392334,0.15010085701942444,0.0982568860054016,2.4439791292931563,17.848550394654495,0.8615745902061462
clic2020,clic_test_image_92.png,1,0.075,2048,1459,0.10854502227553119,25.75093692087275,0.7383216619491577,0.11157325655221939,0.0812398195266723,2.4568600893418133,19.22065517526908,0.901767909526825
clic2020,clic_test_image_92.png,2,0.1,2048,1459,0.14359685572309802,26.71685193616669,0.7717223763465881,0.09127002954483032,0.0711127519607544,2.412058629808103,20.18657019056301,0.922658622264862
clic2020,clic_test_image_92.png,3,0.125,2048,1459,0.17686022104180946,27.47646883481853,0.7967144250869751,0.07656802982091904,0.0631810426712036,2.3964543173888515,20.946187089214853,0.9363979697227478
clic2020,clic_test_image_92.png,4,0.15,2048,1459,0.2095345699108979,28.079650942488183,0.8147615194320679,0.06665077060461044,0.0547637343406677,2.4434331288409092,21.549369196884506,0.9454936385154724
clic2020,clic_test_image_93.png,0,0.05,1536,2048,0.019465128580729168,31.419330244978767,0.8643957376480103,0.03548567369580269,0.1096286177635192,6.781533891080797,27.37354858433754,0.966989815235138
clic2020,clic_test_image_93.png,1,0.075,1536,2048,0.024571736653645832,32.45271383050199,0.8682279586791992,0.027881164103746414,0.0955532789230346,6.5785671614869035,28.40693216986076,0.9708749651908876
clic2020,clic_test_image_93.png,2,0.1,1536,2048,0.0299224853515625,33.068057084055425,0.8712218999862671,0.023689106106758118,0.0803186893463134,6.7087537855546095,29.0222754234142,0.973268449306488
clic2020,clic_test_image_93.png,3,0.125,1536,2048,0.035191853841145836,33.510909511892564,0.8719690442085266,0.020738964900374413,0.0702180862426757,6.654996983447119,29.46512785125133,0.974632441997528
clic2020,clic_test_image_93.png,4,0.15,1536,2048,0.040674845377604164,33.86358816834018,0.8737462759017944,0.01884414628148079,0.0637598037719726,6.665570227763213,29.81780650769896,0.9755600094795228
clic2020,clic_test_image_94.png,0,0.05,1365,2048,0.024078525641025642,30.17478398881943,0.8725804090499878,0.0651521310210228,0.072401225566864,3.1509710006228926,25.60937475444064,0.9451586604118348
clic2020,clic_test_image_94.png,1,0.075,1365,2048,0.033213141025641026,31.411726049566884,0.8855931758880615,0.05235940217971802,0.0550163984298706,3.1116390534005776,26.846316815188096,0.9545049667358398
clic2020,clic_test_image_94.png,2,0.1,1365,2048,0.04295444139194139,32.36616571815646,0.8950496315956116,0.04271571338176727,0.0467342734336853,3.2037167315874124,27.800756483777672,0.960814654827118
clic2020,clic_test_image_94.png,3,0.125,1365,2048,0.05322229853479853,33.046653602913764,0.9024419188499452,0.03763755410909653,0.0396227836608886,3.282704490323255,28.48124436853498,0.965730607509613
clic2020,clic_test_image_94.png,4,0.15,1365,2048,0.06312385531135531,33.563660350757715,0.9089455604553224,0.03562493622303009,0.0355803966522216,3.243439488456855,28.99825111637893,0.9697070717811584
clic2020,clic_test_image_95.png,0,0.05,1512,2016,0.062185059208868736,22.8305569765909,0.523675262928009,0.20618802309036255,0.1068061590194702,2.228580906376117,16.919791109836076,0.7717524170875549
clic2020,clic_test_image_95.png,1,0.075,1512,2016,0.1150846140925506,24.185737038362305,0.6072028875350952,0.1573169231414795,0.0877939462661743,2.214729816446785,18.274971171607483,0.8394353985786438
clic2020,clic_test_image_95.png,2,0.1,1512,2016,0.17002078609221466,25.248917403334623,0.6685013771057129,0.12820486724376678,0.076167345046997,2.142635268011581,19.3381515365798,0.8791972994804382
clic2020,clic_test_image_95.png,3,0.125,1512,2016,0.22290984294952548,26.099859669833123,0.7133747935295105,0.108371302485466,0.0625419020652771,2.0544089137897665,20.189093803078293,0.9045059084892272
clic2020,clic_test_image_95.png,4,0.15,1512,2016,0.27278596623834717,26.77010276300317,0.7459580302238464,0.09588176012039185,0.055959939956665,2.026417146294316,20.859336896248344,0.9209643006324768
clic2020,clic_test_image_96.png,0,0.05,2048,1152,0.015102810329861112,30.514169782309203,0.8089964985847473,0.06922832131385803,0.1337648630142212,4.291828253449594,29.43161108942377,0.9105408787727356
clic2020,clic_test_image_96.png,1,0.075,2048,1152,0.019321017795138888,31.474940786668505,0.8272495865821838,0.05642035976052284,0.1111530661582946,4.201458851183171,30.39238209378308,0.9298030734062196
clic2020,clic_test_image_96.png,2,0.1,2048,1152,0.026414659288194444,32.06627474283403,0.842254102230072,0.04873814433813095,0.0948717594146728,4.102007616733983,30.983716049948605,0.941964864730835
clic2020,clic_test_image_96.png,3,0.125,2048,1152,0.03750949435763889,32.641518877476244,0.8540706634521484,0.042945023626089096,0.0916354656219482,4.108194884864683,31.55896018459082,0.9506809115409852
clic2020,clic_test_image_96.png,4,0.15,2048,1152,0.044453938802083336,33.175390313114164,0.8652425408363342,0.03901796042919159,0.0814849138259887,4.141168057361176,32.092831620228736,0.9571300148963928
clic2020,clic_test_image_97.png,0,0.05,2016,1512,0.028790837322583356,25.820038769544368,0.6802870631217957,0.07921887934207916,0.1062096953392028,3.8345828166155913,21.21839008055548,0.8529965281486511
clic2020,clic_test_image_97.png,1,0.075,2016,1512,0.04953493743176283,27.021968644889483,0.7342708706855774,0.06107284128665924,0.0847138166427612,3.7841482056376967,22.420319955900588,0.8944625854492188
clic2020,clic_test_image_97.png,2,0.1,2016,1512,0.0725151171579743,27.913323356758216,0.7741967439651489,0.051492780447006226,0.0742163062095642,3.7720066445178015,23.31167466776932,0.9183943867683412
clic2020,clic_test_image_97.png,3,0.125,2016,1512,0.09651360544217687,28.70335391939886,0.8033790588378906,0.043310269713401794,0.0646532177925109,3.765956018109114,24.10170523040997,0.9341872334480286
clic2020,clic_test_image_97.png,4,0.15,2016,1512,0.12128894767783657,29.31766778584874,0.825419008731842,0.03867707401514053,0.059577465057373,3.7478040814163727,24.71601909685985,0.94469553232193
clic2020,clic_test_image_98.png,0,0.05,2048,1153,0.033533445359930615,27.675011324083485,0.7599400877952576,0.09581127017736435,0.082128882408142,3.2649698177954156,24.80566966785221,0.8886971473693848
clic2020,clic_test_image_98.png,1,0.075,2048,1153,0.04961919991326973,28.73528472777537,0.7834283113479614,0.07356926798820496,0.0690154433250427,3.304817584322437,25.865943071544105,0.9083175659179688
clic2020,clic_test_image_98.png,2,0.1,2048,1153,0.06802227883781439,29.607857866838007,0.8055028319358826,0.061932750046253204,0.0588334798812866,3.3090105366812455,26.73851621060674,0.924005925655365
clic2020,clic_test_image_98.png,3,0.125,2048,1153,0.08894595620121422,30.34168051277526,0.826454222202301,0.05120602250099182,0.052223265171051,3.3946739164304427,27.472338856543992,0.9368770122528076
clic2020,clic_test_image_98.png,4,0.15,2048,1153,0.11004580442324371,31.03878700993393,0.8434189558029175,0.04497964680194855,0.0467427968978881,3.4327767104482527,28.169445353702656,0.9464046955108644
clic2020,clic_test_image_99.png,0,0.05,1512,2016,0.02896930377089107,27.724813083566737,0.670684278011322,0.1441364586353302,0.0912175178527832,3.248632486239271,22.94595328913073,0.8438507914543152
clic2020,clic_test_image_99.png,1,0.075,1512,2016,0.04514676240866717,28.62048502071628,0.6949681043624878,0.11515042930841446,0.0777347087860107,3.3456686341615853,23.841625226280275,0.8733115196228027
clic2020,clic_test_image_99.png,2,0.1,1512,2016,0.06404320987654322,29.361510854843,0.7177572846412659,0.09523186087608337,0.0712835192680358,3.249617958059264,24.582651060406988,0.8948211073875427
clic2020,clic_test_image_99.png,3,0.125,1512,2016,0.08471382380112538,30.01877365006341,0.7390933036804199,0.08143015950918198,0.0686657428741455,3.1245587849825527,25.239913855627407,0.9106922745704652
clic2020,clic_test_image_99.png,4,0.15,1512,2016,0.10598282522885698,30.59995140520378,0.7584208846092224,0.07124660909175873,0.0596585869789123,3.1103318557653705,25.821091610767773,0.923025608062744
